ISO-10303-21;
HEADER;
/* Generated by software containing ST-Developer
 * from STEP Tools, Inc. (www.steptools.com) 
 */

FILE_DESCRIPTION(
/* description */ (''),
/* implementation_level */ '2;1');

FILE_NAME(
/* name */ 'mipad.step',
/* time_stamp */ '2026-01-12T08:07:40+01:00',
/* author */ (''),
/* organization */ (''),
/* preprocessor_version */ 'ST-DEVELOPER v20.1',
/* originating_system */ 'Autodesk Translation Framework v14.21.0.0',
/* authorisation */ '');

FILE_SCHEMA (('AUTOMOTIVE_DESIGN { 1 0 10303 214 3 1 1 }'));
ENDSEC;

DATA;
#10=MECHANICAL_DESIGN_GEOMETRIC_PRESENTATION_REPRESENTATION('',(#311,#312,
#313),#9389);
#11=CONTEXT_DEPENDENT_OVER_RIDING_STYLED_ITEM('',(#9422),#9404,#313,(#17));
#12=MAPPED_ITEM('',#13,#5297);
#13=REPRESENTATION_MAP(#5297,#9402);
#14=ITEM_DEFINED_TRANSFORMATION($,$,#5015,#5295);
#15=ITEM_DEFINED_TRANSFORMATION($,$,#5070,#5296);
#16=(
REPRESENTATION_RELATIONSHIP($,$,#9403,#9402)
REPRESENTATION_RELATIONSHIP_WITH_TRANSFORMATION(#14)
SHAPE_REPRESENTATION_RELATIONSHIP()
);
#17=(
REPRESENTATION_RELATIONSHIP($,$,#9404,#9402)
REPRESENTATION_RELATIONSHIP_WITH_TRANSFORMATION(#15)
SHAPE_REPRESENTATION_RELATIONSHIP()
);
#18=CONTEXT_DEPENDENT_SHAPE_REPRESENTATION(#16,#9400);
#19=CONTEXT_DEPENDENT_SHAPE_REPRESENTATION(#17,#9401);
#20=NEXT_ASSEMBLY_USAGE_OCCURRENCE('Melodypad:1','Melodypad:1',
'Melodypad:1',#9406,#9407,'Melodypad:1');
#21=NEXT_ASSEMBLY_USAGE_OCCURRENCE('keypad v6:1','keypad v6:1',
'keypad v6:1',#9406,#9408,'keypad v6:1');
#22=B_SPLINE_CURVE_WITH_KNOTS('',3,(#6480,#6481,#6482,#6483,#6484),
 .UNSPECIFIED.,.F.,.F.,(4,1,4),(0.,0.0384780257014225,0.0782083929215127),
 .UNSPECIFIED.);
#23=B_SPLINE_CURVE_WITH_KNOTS('',3,(#6488,#6489,#6490,#6491,#6492),
 .UNSPECIFIED.,.F.,.F.,(4,1,4),(0.,0.0384780257014225,0.0782083929215127),
 .UNSPECIFIED.);
#24=B_SPLINE_CURVE_WITH_KNOTS('',3,(#6505,#6506,#6507,#6508,#6509),
 .UNSPECIFIED.,.F.,.F.,(4,1,4),(0.,0.0412692366874341,0.0808615228951435),
 .UNSPECIFIED.);
#25=B_SPLINE_CURVE_WITH_KNOTS('',3,(#6512,#6513,#6514,#6515,#6516),
 .UNSPECIFIED.,.F.,.F.,(4,1,4),(0.,0.0412692366874341,0.0808615228951435),
 .UNSPECIFIED.);
#26=B_SPLINE_CURVE_WITH_KNOTS('',3,(#6528,#6529,#6530,#6531,#6532),
 .UNSPECIFIED.,.F.,.F.,(4,1,4),(0.,0.0648578540194556,0.114435574737552),
 .UNSPECIFIED.);
#27=B_SPLINE_CURVE_WITH_KNOTS('',3,(#6535,#6536,#6537,#6538,#6539),
 .UNSPECIFIED.,.F.,.F.,(4,1,4),(0.,0.0648578540194556,0.114435574737552),
 .UNSPECIFIED.);
#28=B_SPLINE_CURVE_WITH_KNOTS('',3,(#6551,#6552,#6553,#6554,#6555),
 .UNSPECIFIED.,.F.,.F.,(4,1,4),(0.,0.0466175444002112,0.105912456457228),
 .UNSPECIFIED.);
#29=B_SPLINE_CURVE_WITH_KNOTS('',3,(#6558,#6559,#6560,#6561,#6562),
 .UNSPECIFIED.,.F.,.F.,(4,1,4),(0.,0.0466175444002112,0.105912456457228),
 .UNSPECIFIED.);
#30=B_SPLINE_CURVE_WITH_KNOTS('',3,(#6574,#6575,#6576,#6577,#6578),
 .UNSPECIFIED.,.F.,.F.,(4,1,4),(0.,0.0381172532812548,0.0778735370386421),
 .UNSPECIFIED.);
#31=B_SPLINE_CURVE_WITH_KNOTS('',3,(#6581,#6582,#6583,#6584,#6585),
 .UNSPECIFIED.,.F.,.F.,(4,1,4),(0.,0.0381172532812548,0.0778735370386421),
 .UNSPECIFIED.);
#32=B_SPLINE_CURVE_WITH_KNOTS('',3,(#6597,#6598,#6599,#6600,#6601),
 .UNSPECIFIED.,.F.,.F.,(4,1,4),(0.,0.041107810137813,0.0793513020239448),
 .UNSPECIFIED.);
#33=B_SPLINE_CURVE_WITH_KNOTS('',3,(#6604,#6605,#6606,#6607,#6608),
 .UNSPECIFIED.,.F.,.F.,(4,1,4),(0.,0.041107810137813,0.0793513020239448),
 .UNSPECIFIED.);
#34=B_SPLINE_CURVE_WITH_KNOTS('',3,(#6620,#6621,#6622,#6623,#6624),
 .UNSPECIFIED.,.F.,.F.,(4,1,4),(0.,0.06123535441324,0.109740747614789),
 .UNSPECIFIED.);
#35=B_SPLINE_CURVE_WITH_KNOTS('',3,(#6627,#6628,#6629,#6630,#6631),
 .UNSPECIFIED.,.F.,.F.,(4,1,4),(0.,0.06123535441324,0.109740747614789),
 .UNSPECIFIED.);
#36=B_SPLINE_CURVE_WITH_KNOTS('',3,(#6642,#6643,#6644,#6645,#6646),
 .UNSPECIFIED.,.F.,.F.,(4,1,4),(0.,0.0477298328651538,0.110436106887147),
 .UNSPECIFIED.);
#37=B_SPLINE_CURVE_WITH_KNOTS('',3,(#6647,#6648,#6649,#6650,#6651),
 .UNSPECIFIED.,.F.,.F.,(4,1,4),(0.,0.0477298328651538,0.110436106887147),
 .UNSPECIFIED.);
#38=B_SPLINE_CURVE_WITH_KNOTS('',3,(#6684,#6685,#6686,#6687,#6688),
 .UNSPECIFIED.,.F.,.F.,(4,1,4),(0.,0.0281205525877202,0.055368103773195),
 .UNSPECIFIED.);
#39=B_SPLINE_CURVE_WITH_KNOTS('',3,(#6691,#6692,#6693,#6694,#6695),
 .UNSPECIFIED.,.F.,.F.,(4,1,4),(0.,0.0281205525877202,0.055368103773195),
 .UNSPECIFIED.);
#40=B_SPLINE_CURVE_WITH_KNOTS('',3,(#6707,#6708,#6709,#6710,#6711),
 .UNSPECIFIED.,.F.,.F.,(4,1,4),(0.,0.0311437806853135,0.0604090260607469),
 .UNSPECIFIED.);
#41=B_SPLINE_CURVE_WITH_KNOTS('',3,(#6714,#6715,#6716,#6717,#6718),
 .UNSPECIFIED.,.F.,.F.,(4,1,4),(0.,0.0311437806853135,0.0604090260607469),
 .UNSPECIFIED.);
#42=B_SPLINE_CURVE_WITH_KNOTS('',3,(#6730,#6731,#6732,#6733,#6734),
 .UNSPECIFIED.,.F.,.F.,(4,1,4),(0.,0.0421568918087379,0.0851094313835615),
 .UNSPECIFIED.);
#43=B_SPLINE_CURVE_WITH_KNOTS('',3,(#6737,#6738,#6739,#6740,#6741),
 .UNSPECIFIED.,.F.,.F.,(4,1,4),(0.,0.0421568918087379,0.0851094313835615),
 .UNSPECIFIED.);
#44=B_SPLINE_CURVE_WITH_KNOTS('',3,(#6753,#6754,#6755,#6756,#6757),
 .UNSPECIFIED.,.F.,.F.,(4,1,4),(0.,0.0450807772142281,0.0877882256377672),
 .UNSPECIFIED.);
#45=B_SPLINE_CURVE_WITH_KNOTS('',3,(#6760,#6761,#6762,#6763,#6764),
 .UNSPECIFIED.,.F.,.F.,(4,1,4),(0.,0.0450807772142281,0.0877882256377672),
 .UNSPECIFIED.);
#46=B_SPLINE_CURVE_WITH_KNOTS('',3,(#6776,#6777,#6778,#6779,#6780),
 .UNSPECIFIED.,.F.,.F.,(4,1,4),(0.,0.0519109334615941,0.100522821518253),
 .UNSPECIFIED.);
#47=B_SPLINE_CURVE_WITH_KNOTS('',3,(#6783,#6784,#6785,#6786,#6787),
 .UNSPECIFIED.,.F.,.F.,(4,1,4),(0.,0.0519109334615941,0.100522821518253),
 .UNSPECIFIED.);
#48=B_SPLINE_CURVE_WITH_KNOTS('',3,(#6799,#6800,#6801,#6802,#6803),
 .UNSPECIFIED.,.F.,.F.,(4,1,4),(0.,0.0483737691408471,0.101006664194096),
 .UNSPECIFIED.);
#49=B_SPLINE_CURVE_WITH_KNOTS('',3,(#6806,#6807,#6808,#6809,#6810),
 .UNSPECIFIED.,.F.,.F.,(4,1,4),(0.,0.0483737691408471,0.101006664194096),
 .UNSPECIFIED.);
#50=B_SPLINE_CURVE_WITH_KNOTS('',3,(#6822,#6823,#6824,#6825,#6826),
 .UNSPECIFIED.,.F.,.F.,(4,1,4),(0.,0.0430947793987353,0.0881234761564631),
 .UNSPECIFIED.);
#51=B_SPLINE_CURVE_WITH_KNOTS('',3,(#6829,#6830,#6831,#6832,#6833),
 .UNSPECIFIED.,.F.,.F.,(4,1,4),(0.,0.0430947793987353,0.0881234761564631),
 .UNSPECIFIED.);
#52=B_SPLINE_CURVE_WITH_KNOTS('',3,(#6845,#6846,#6847,#6848,#6849),
 .UNSPECIFIED.,.F.,.F.,(4,1,4),(0.,0.0419936555291205,0.084065533215593),
 .UNSPECIFIED.);
#53=B_SPLINE_CURVE_WITH_KNOTS('',3,(#6852,#6853,#6854,#6855,#6856),
 .UNSPECIFIED.,.F.,.F.,(4,1,4),(0.,0.0419936555291205,0.084065533215593),
 .UNSPECIFIED.);
#54=B_SPLINE_CURVE_WITH_KNOTS('',3,(#6868,#6869,#6870,#6871,#6872),
 .UNSPECIFIED.,.F.,.F.,(4,1,4),(0.,0.0586836424258378,0.118956784524464),
 .UNSPECIFIED.);
#55=B_SPLINE_CURVE_WITH_KNOTS('',3,(#6875,#6876,#6877,#6878,#6879),
 .UNSPECIFIED.,.F.,.F.,(4,1,4),(0.,0.0586836424258378,0.118956784524464),
 .UNSPECIFIED.);
#56=B_SPLINE_CURVE_WITH_KNOTS('',3,(#6902,#6903,#6904,#6905,#6906),
 .UNSPECIFIED.,.F.,.F.,(4,1,4),(0.,0.0380824277569939,0.0806117907371817),
 .UNSPECIFIED.);
#57=B_SPLINE_CURVE_WITH_KNOTS('',3,(#6910,#6911,#6912,#6913,#6914),
 .UNSPECIFIED.,.F.,.F.,(4,1,4),(0.,0.0380824277569939,0.0806117907371817),
 .UNSPECIFIED.);
#58=B_SPLINE_CURVE_WITH_KNOTS('',3,(#6927,#6928,#6929,#6930,#6931),
 .UNSPECIFIED.,.F.,.F.,(4,1,4),(0.,0.0405467932994679,0.0783335084000151),
 .UNSPECIFIED.);
#59=B_SPLINE_CURVE_WITH_KNOTS('',3,(#6934,#6935,#6936,#6937,#6938),
 .UNSPECIFIED.,.F.,.F.,(4,1,4),(0.,0.0405467932994679,0.0783335084000151),
 .UNSPECIFIED.);
#60=B_SPLINE_CURVE_WITH_KNOTS('',3,(#6950,#6951,#6952,#6953,#6954),
 .UNSPECIFIED.,.F.,.F.,(4,1,4),(0.,0.0609560574039624,0.109098250980777),
 .UNSPECIFIED.);
#61=B_SPLINE_CURVE_WITH_KNOTS('',3,(#6957,#6958,#6959,#6960,#6961),
 .UNSPECIFIED.,.F.,.F.,(4,1,4),(0.,0.0609560574039624,0.109098250980777),
 .UNSPECIFIED.);
#62=B_SPLINE_CURVE_WITH_KNOTS('',3,(#6973,#6974,#6975,#6976,#6977),
 .UNSPECIFIED.,.F.,.F.,(4,1,4),(0.,0.0492479659124179,0.112806945579253),
 .UNSPECIFIED.);
#63=B_SPLINE_CURVE_WITH_KNOTS('',3,(#6980,#6981,#6982,#6983,#6984),
 .UNSPECIFIED.,.F.,.F.,(4,1,4),(0.,0.0492479659124179,0.112806945579253),
 .UNSPECIFIED.);
#64=B_SPLINE_CURVE_WITH_KNOTS('',3,(#6996,#6997,#6998,#6999,#7000),
 .UNSPECIFIED.,.F.,.F.,(4,1,4),(0.,0.0389594556538239,0.0802472457894701),
 .UNSPECIFIED.);
#65=B_SPLINE_CURVE_WITH_KNOTS('',3,(#7003,#7004,#7005,#7006,#7007),
 .UNSPECIFIED.,.F.,.F.,(4,1,4),(0.,0.0389594556538239,0.0802472457894701),
 .UNSPECIFIED.);
#66=B_SPLINE_CURVE_WITH_KNOTS('',3,(#7019,#7020,#7021,#7022,#7023),
 .UNSPECIFIED.,.F.,.F.,(4,1,4),(0.,0.0400954792643374,0.0782821901500307),
 .UNSPECIFIED.);
#67=B_SPLINE_CURVE_WITH_KNOTS('',3,(#7026,#7027,#7028,#7029,#7030),
 .UNSPECIFIED.,.F.,.F.,(4,1,4),(0.,0.0400954792643374,0.0782821901500307),
 .UNSPECIFIED.);
#68=B_SPLINE_CURVE_WITH_KNOTS('',3,(#7042,#7043,#7044,#7045,#7046),
 .UNSPECIFIED.,.F.,.F.,(4,1,4),(0.,0.0612051874157998,0.108755948230586),
 .UNSPECIFIED.);
#69=B_SPLINE_CURVE_WITH_KNOTS('',3,(#7049,#7050,#7051,#7052,#7053),
 .UNSPECIFIED.,.F.,.F.,(4,1,4),(0.,0.0612051874157998,0.108755948230586),
 .UNSPECIFIED.);
#70=B_SPLINE_CURVE_WITH_KNOTS('',3,(#7064,#7065,#7066,#7067,#7068),
 .UNSPECIFIED.,.F.,.F.,(4,1,4),(0.,0.0503536950605693,0.112418804106292),
 .UNSPECIFIED.);
#71=B_SPLINE_CURVE_WITH_KNOTS('',3,(#7069,#7070,#7071,#7072,#7073),
 .UNSPECIFIED.,.F.,.F.,(4,1,4),(0.,0.0503536950605693,0.112418804106292),
 .UNSPECIFIED.);
#72=B_SPLINE_CURVE_WITH_KNOTS('',3,(#7094,#7095,#7096,#7097,#7098),
 .UNSPECIFIED.,.F.,.F.,(4,1,4),(0.,0.0266167014051605,0.052030265488236),
 .UNSPECIFIED.);
#73=B_SPLINE_CURVE_WITH_KNOTS('',3,(#7101,#7102,#7103,#7104,#7105),
 .UNSPECIFIED.,.F.,.F.,(4,1,4),(0.,0.0266167014051605,0.052030265488236),
 .UNSPECIFIED.);
#74=B_SPLINE_CURVE_WITH_KNOTS('',3,(#7117,#7118,#7119,#7120,#7121),
 .UNSPECIFIED.,.F.,.F.,(4,1,4),(0.,0.0292980147430086,0.0570214775171763),
 .UNSPECIFIED.);
#75=B_SPLINE_CURVE_WITH_KNOTS('',3,(#7124,#7125,#7126,#7127,#7128),
 .UNSPECIFIED.,.F.,.F.,(4,1,4),(0.,0.0292980147430086,0.0570214775171763),
 .UNSPECIFIED.);
#76=B_SPLINE_CURVE_WITH_KNOTS('',3,(#7140,#7141,#7142,#7143,#7144),
 .UNSPECIFIED.,.F.,.F.,(4,1,4),(0.,0.0428692813611109,0.0842659623767051),
 .UNSPECIFIED.);
#77=B_SPLINE_CURVE_WITH_KNOTS('',3,(#7147,#7148,#7149,#7150,#7151),
 .UNSPECIFIED.,.F.,.F.,(4,1,4),(0.,0.0428692813611109,0.0842659623767051),
 .UNSPECIFIED.);
#78=B_SPLINE_CURVE_WITH_KNOTS('',3,(#7163,#7164,#7165,#7166,#7167),
 .UNSPECIFIED.,.F.,.F.,(4,1,4),(0.,0.0463027124423073,0.0905564580296226),
 .UNSPECIFIED.);
#79=B_SPLINE_CURVE_WITH_KNOTS('',3,(#7170,#7171,#7172,#7173,#7174),
 .UNSPECIFIED.,.F.,.F.,(4,1,4),(0.,0.0463027124423073,0.0905564580296226),
 .UNSPECIFIED.);
#80=B_SPLINE_CURVE_WITH_KNOTS('',3,(#7186,#7187,#7188,#7189,#7190),
 .UNSPECIFIED.,.F.,.F.,(4,1,4),(0.,0.0530572841525631,0.102648892813634),
 .UNSPECIFIED.);
#81=B_SPLINE_CURVE_WITH_KNOTS('',3,(#7193,#7194,#7195,#7196,#7197),
 .UNSPECIFIED.,.F.,.F.,(4,1,4),(0.,0.0530572841525631,0.102648892813634),
 .UNSPECIFIED.);
#82=B_SPLINE_CURVE_WITH_KNOTS('',3,(#7209,#7210,#7211,#7212,#7213),
 .UNSPECIFIED.,.F.,.F.,(4,1,4),(0.,0.0475484342457843,0.0975059927461581),
 .UNSPECIFIED.);
#83=B_SPLINE_CURVE_WITH_KNOTS('',3,(#7216,#7217,#7218,#7219,#7220),
 .UNSPECIFIED.,.F.,.F.,(4,1,4),(0.,0.0475484342457843,0.0975059927461581),
 .UNSPECIFIED.);
#84=B_SPLINE_CURVE_WITH_KNOTS('',3,(#7232,#7233,#7234,#7235,#7236),
 .UNSPECIFIED.,.F.,.F.,(4,1,4),(0.,0.0423875963441108,0.0870140751397048),
 .UNSPECIFIED.);
#85=B_SPLINE_CURVE_WITH_KNOTS('',3,(#7239,#7240,#7241,#7242,#7243),
 .UNSPECIFIED.,.F.,.F.,(4,1,4),(0.,0.0423875963441108,0.0870140751397048),
 .UNSPECIFIED.);
#86=B_SPLINE_CURVE_WITH_KNOTS('',3,(#7255,#7256,#7257,#7258,#7259),
 .UNSPECIFIED.,.F.,.F.,(4,1,4),(0.,0.0440623531290049,0.0862500144331213),
 .UNSPECIFIED.);
#87=B_SPLINE_CURVE_WITH_KNOTS('',3,(#7262,#7263,#7264,#7265,#7266),
 .UNSPECIFIED.,.F.,.F.,(4,1,4),(0.,0.0440623531290049,0.0862500144331213),
 .UNSPECIFIED.);
#88=B_SPLINE_CURVE_WITH_KNOTS('',3,(#7278,#7279,#7280,#7281,#7282),
 .UNSPECIFIED.,.F.,.F.,(4,1,4),(0.,0.029424971679878,0.0624334838474691),
 .UNSPECIFIED.);
#89=B_SPLINE_CURVE_WITH_KNOTS('',3,(#7285,#7286,#7287,#7288,#7289),
 .UNSPECIFIED.,.F.,.F.,(4,1,4),(0.,0.029424971679878,0.0624334838474691),
 .UNSPECIFIED.);
#90=B_SPLINE_CURVE_WITH_KNOTS('',3,(#7301,#7302,#7303,#7304,#7305),
 .UNSPECIFIED.,.F.,.F.,(4,1,4),(0.,0.0320606291265641,0.0613175973371244),
 .UNSPECIFIED.);
#91=B_SPLINE_CURVE_WITH_KNOTS('',3,(#7308,#7309,#7310,#7311,#7312),
 .UNSPECIFIED.,.F.,.F.,(4,1,4),(0.,0.0320606291265641,0.0613175973371244),
 .UNSPECIFIED.);
#92=B_SPLINE_CURVE_WITH_KNOTS('',3,(#7347,#7348,#7349,#7350,#7351),
 .UNSPECIFIED.,.F.,.F.,(4,1,4),(0.,0.0267975557424471,0.0625244169297214),
 .UNSPECIFIED.);
#93=B_SPLINE_CURVE_WITH_KNOTS('',3,(#7355,#7356,#7357,#7358,#7359),
 .UNSPECIFIED.,.F.,.F.,(4,1,4),(0.,0.0267975557424471,0.0625244169297214),
 .UNSPECIFIED.);
#94=B_SPLINE_CURVE_WITH_KNOTS('',3,(#7372,#7373,#7374,#7375,#7376),
 .UNSPECIFIED.,.F.,.F.,(4,1,4),(0.,0.0301944596445283,0.0594633400755992),
 .UNSPECIFIED.);
#95=B_SPLINE_CURVE_WITH_KNOTS('',3,(#7379,#7380,#7381,#7382,#7383),
 .UNSPECIFIED.,.F.,.F.,(4,1,4),(0.,0.0301944596445283,0.0594633400755992),
 .UNSPECIFIED.);
#96=B_SPLINE_CURVE_WITH_KNOTS('',3,(#7395,#7396,#7397,#7398,#7399),
 .UNSPECIFIED.,.F.,.F.,(4,1,4),(0.,0.0337333286382125,0.065527599599031),
 .UNSPECIFIED.);
#97=B_SPLINE_CURVE_WITH_KNOTS('',3,(#7402,#7403,#7404,#7405,#7406),
 .UNSPECIFIED.,.F.,.F.,(4,1,4),(0.,0.0337333286382125,0.065527599599031),
 .UNSPECIFIED.);
#98=B_SPLINE_CURVE_WITH_KNOTS('',3,(#7418,#7419,#7420,#7421,#7422),
 .UNSPECIFIED.,.F.,.F.,(4,1,4),(0.,0.0259786351063441,0.0577491799240252),
 .UNSPECIFIED.);
#99=B_SPLINE_CURVE_WITH_KNOTS('',3,(#7425,#7426,#7427,#7428,#7429),
 .UNSPECIFIED.,.F.,.F.,(4,1,4),(0.,0.0259786351063441,0.0577491799240252),
 .UNSPECIFIED.);
#100=B_SPLINE_CURVE_WITH_KNOTS('',3,(#7441,#7442,#7443,#7444,#7445),
 .UNSPECIFIED.,.F.,.F.,(4,1,4),(0.,0.0229848332206342,0.0460836718214427),
 .UNSPECIFIED.);
#101=B_SPLINE_CURVE_WITH_KNOTS('',3,(#7448,#7449,#7450,#7451,#7452),
 .UNSPECIFIED.,.F.,.F.,(4,1,4),(0.,0.0229848332206342,0.0460836718214427),
 .UNSPECIFIED.);
#102=B_SPLINE_CURVE_WITH_KNOTS('',3,(#7464,#7465,#7466,#7467,#7468),
 .UNSPECIFIED.,.F.,.F.,(4,1,4),(0.,0.0152603327238788,0.0307133506798793),
 .UNSPECIFIED.);
#103=B_SPLINE_CURVE_WITH_KNOTS('',3,(#7471,#7472,#7473,#7474,#7475),
 .UNSPECIFIED.,.F.,.F.,(4,1,4),(0.,0.0152603327238788,0.0307133506798793),
 .UNSPECIFIED.);
#104=B_SPLINE_CURVE_WITH_KNOTS('',3,(#7487,#7488,#7489,#7490,#7491),
 .UNSPECIFIED.,.F.,.F.,(4,1,4),(0.,0.0162388363688106,0.0317284686703405),
 .UNSPECIFIED.);
#105=B_SPLINE_CURVE_WITH_KNOTS('',3,(#7494,#7495,#7496,#7497,#7498),
 .UNSPECIFIED.,.F.,.F.,(4,1,4),(0.,0.0162388363688106,0.0317284686703405),
 .UNSPECIFIED.);
#106=B_SPLINE_CURVE_WITH_KNOTS('',3,(#7510,#7511,#7512,#7513,#7514),
 .UNSPECIFIED.,.F.,.F.,(4,1,4),(0.,0.0328318718996189,0.0550300935257122),
 .UNSPECIFIED.);
#107=B_SPLINE_CURVE_WITH_KNOTS('',3,(#7517,#7518,#7519,#7520,#7521),
 .UNSPECIFIED.,.F.,.F.,(4,1,4),(0.,0.0328318718996189,0.0550300935257122),
 .UNSPECIFIED.);
#108=B_SPLINE_CURVE_WITH_KNOTS('',3,(#7533,#7534,#7535,#7536,#7537),
 .UNSPECIFIED.,.F.,.F.,(4,1,4),(0.,0.0436445560197622,0.103084871769008),
 .UNSPECIFIED.);
#109=B_SPLINE_CURVE_WITH_KNOTS('',3,(#7540,#7541,#7542,#7543,#7544),
 .UNSPECIFIED.,.F.,.F.,(4,1,4),(0.,0.0436445560197622,0.103084871769008),
 .UNSPECIFIED.);
#110=B_SPLINE_CURVE_WITH_KNOTS('',3,(#7568,#7569,#7570,#7571,#7572),
 .UNSPECIFIED.,.F.,.F.,(4,1,4),(0.,0.0229668959704282,0.0463386412603867),
 .UNSPECIFIED.);
#111=B_SPLINE_CURVE_WITH_KNOTS('',3,(#7575,#7576,#7577,#7578,#7579),
 .UNSPECIFIED.,.F.,.F.,(4,1,4),(0.,0.0229668959704282,0.0463386412603867),
 .UNSPECIFIED.);
#112=B_SPLINE_CURVE_WITH_KNOTS('',3,(#7591,#7592,#7593,#7594,#7595),
 .UNSPECIFIED.,.F.,.F.,(4,1,4),(0.,0.06988238906666,0.108407190830103),
 .UNSPECIFIED.);
#113=B_SPLINE_CURVE_WITH_KNOTS('',3,(#7598,#7599,#7600,#7601,#7602),
 .UNSPECIFIED.,.F.,.F.,(4,1,4),(0.,0.06988238906666,0.108407190830103),
 .UNSPECIFIED.);
#114=B_SPLINE_CURVE_WITH_KNOTS('',3,(#7620,#7621,#7622,#7623,#7624),
 .UNSPECIFIED.,.F.,.F.,(4,1,4),(0.,0.022118777500838,0.0567452713407361),
 .UNSPECIFIED.);
#115=B_SPLINE_CURVE_WITH_KNOTS('',3,(#7627,#7628,#7629,#7630,#7631),
 .UNSPECIFIED.,.F.,.F.,(4,1,4),(0.,0.022118777500838,0.0567452713407361),
 .UNSPECIFIED.);
#116=B_SPLINE_CURVE_WITH_KNOTS('',3,(#7643,#7644,#7645,#7646,#7647),
 .UNSPECIFIED.,.F.,.F.,(4,1,4),(0.,0.0220172468473851,0.0462715326756266),
 .UNSPECIFIED.);
#117=B_SPLINE_CURVE_WITH_KNOTS('',3,(#7650,#7651,#7652,#7653,#7654),
 .UNSPECIFIED.,.F.,.F.,(4,1,4),(0.,0.0220172468473851,0.0462715326756266),
 .UNSPECIFIED.);
#118=B_SPLINE_CURVE_WITH_KNOTS('',3,(#7666,#7667,#7668,#7669,#7670),
 .UNSPECIFIED.,.F.,.F.,(4,1,4),(0.,0.0280089077609613,0.0511301986119848),
 .UNSPECIFIED.);
#119=B_SPLINE_CURVE_WITH_KNOTS('',3,(#7673,#7674,#7675,#7676,#7677),
 .UNSPECIFIED.,.F.,.F.,(4,1,4),(0.,0.0280089077609613,0.0511301986119848),
 .UNSPECIFIED.);
#120=B_SPLINE_CURVE_WITH_KNOTS('',3,(#7689,#7690,#7691,#7692,#7693),
 .UNSPECIFIED.,.F.,.F.,(4,1,4),(0.,0.0421246333934661,0.0764538334428569),
 .UNSPECIFIED.);
#121=B_SPLINE_CURVE_WITH_KNOTS('',3,(#7696,#7697,#7698,#7699,#7700),
 .UNSPECIFIED.,.F.,.F.,(4,1,4),(0.,0.0421246333934661,0.0764538334428569),
 .UNSPECIFIED.);
#122=B_SPLINE_CURVE_WITH_KNOTS('',3,(#7712,#7713,#7714,#7715,#7716),
 .UNSPECIFIED.,.F.,.F.,(4,1,4),(0.,0.0394679670237833,0.0834961612692814),
 .UNSPECIFIED.);
#123=B_SPLINE_CURVE_WITH_KNOTS('',3,(#7719,#7720,#7721,#7722,#7723),
 .UNSPECIFIED.,.F.,.F.,(4,1,4),(0.,0.0394679670237833,0.0834961612692814),
 .UNSPECIFIED.);
#124=B_SPLINE_CURVE_WITH_KNOTS('',3,(#7735,#7736,#7737,#7738,#7739),
 .UNSPECIFIED.,.F.,.F.,(4,1,4),(0.,0.0310814403468852,0.0660105802842318),
 .UNSPECIFIED.);
#125=B_SPLINE_CURVE_WITH_KNOTS('',3,(#7742,#7743,#7744,#7745,#7746),
 .UNSPECIFIED.,.F.,.F.,(4,1,4),(0.,0.0310814403468852,0.0660105802842318),
 .UNSPECIFIED.);
#126=B_SPLINE_CURVE_WITH_KNOTS('',3,(#7758,#7759,#7760,#7761,#7762),
 .UNSPECIFIED.,.F.,.F.,(4,1,4),(0.,0.0364756657696361,0.0682746293929516),
 .UNSPECIFIED.);
#127=B_SPLINE_CURVE_WITH_KNOTS('',3,(#7765,#7766,#7767,#7768,#7769),
 .UNSPECIFIED.,.F.,.F.,(4,1,4),(0.,0.0364756657696361,0.0682746293929516),
 .UNSPECIFIED.);
#128=B_SPLINE_CURVE_WITH_KNOTS('',3,(#7787,#7788,#7789,#7790,#7791),
 .UNSPECIFIED.,.F.,.F.,(4,1,4),(0.,0.0276388030546007,0.062673576084524),
 .UNSPECIFIED.);
#129=B_SPLINE_CURVE_WITH_KNOTS('',3,(#7794,#7795,#7796,#7797,#7798),
 .UNSPECIFIED.,.F.,.F.,(4,1,4),(0.,0.0276388030546007,0.062673576084524),
 .UNSPECIFIED.);
#130=B_SPLINE_CURVE_WITH_KNOTS('',3,(#7810,#7811,#7812,#7813,#7814),
 .UNSPECIFIED.,.F.,.F.,(4,1,4),(0.,0.0378357202727554,0.0664976361046518),
 .UNSPECIFIED.);
#131=B_SPLINE_CURVE_WITH_KNOTS('',3,(#7817,#7818,#7819,#7820,#7821),
 .UNSPECIFIED.,.F.,.F.,(4,1,4),(0.,0.0378357202727554,0.0664976361046518),
 .UNSPECIFIED.);
#132=B_SPLINE_CURVE_WITH_KNOTS('',3,(#7833,#7834,#7835,#7836,#7837),
 .UNSPECIFIED.,.F.,.F.,(4,1,4),(0.,0.0331484994708226,0.0741515490758635),
 .UNSPECIFIED.);
#133=B_SPLINE_CURVE_WITH_KNOTS('',3,(#7840,#7841,#7842,#7843,#7844),
 .UNSPECIFIED.,.F.,.F.,(4,1,4),(0.,0.0331484994708226,0.0741515490758635),
 .UNSPECIFIED.);
#134=B_SPLINE_CURVE_WITH_KNOTS('',3,(#7856,#7857,#7858,#7859,#7860),
 .UNSPECIFIED.,.F.,.F.,(4,1,4),(0.,0.0322690740170834,0.0568981255642524),
 .UNSPECIFIED.);
#135=B_SPLINE_CURVE_WITH_KNOTS('',3,(#7863,#7864,#7865,#7866,#7867),
 .UNSPECIFIED.,.F.,.F.,(4,1,4),(0.,0.0322690740170834,0.0568981255642524),
 .UNSPECIFIED.);
#136=B_SPLINE_CURVE_WITH_KNOTS('',3,(#7879,#7880,#7881,#7882,#7883),
 .UNSPECIFIED.,.F.,.F.,(4,1,4),(0.,0.0103203448144706,0.0160338193833609),
 .UNSPECIFIED.);
#137=B_SPLINE_CURVE_WITH_KNOTS('',3,(#7886,#7887,#7888,#7889,#7890),
 .UNSPECIFIED.,.F.,.F.,(4,1,4),(0.,0.0103203448144706,0.0160338193833609),
 .UNSPECIFIED.);
#138=B_SPLINE_CURVE_WITH_KNOTS('',3,(#7902,#7903,#7904,#7905,#7906),
 .UNSPECIFIED.,.F.,.F.,(4,1,4),(0.,0.0652741571754609,0.111639236715244),
 .UNSPECIFIED.);
#139=B_SPLINE_CURVE_WITH_KNOTS('',3,(#7909,#7910,#7911,#7912,#7913),
 .UNSPECIFIED.,.F.,.F.,(4,1,4),(0.,0.0652741571754609,0.111639236715244),
 .UNSPECIFIED.);
#140=B_SPLINE_CURVE_WITH_KNOTS('',3,(#7925,#7926,#7927,#7928,#7929),
 .UNSPECIFIED.,.F.,.F.,(4,1,4),(0.,0.0231605162708139,0.0553685681476347),
 .UNSPECIFIED.);
#141=B_SPLINE_CURVE_WITH_KNOTS('',3,(#7932,#7933,#7934,#7935,#7936),
 .UNSPECIFIED.,.F.,.F.,(4,1,4),(0.,0.0231605162708139,0.0553685681476347),
 .UNSPECIFIED.);
#142=B_SPLINE_CURVE_WITH_KNOTS('',3,(#7948,#7949,#7950,#7951,#7952),
 .UNSPECIFIED.,.F.,.F.,(4,1,4),(0.,0.0238973150703803,0.0486982761977488),
 .UNSPECIFIED.);
#143=B_SPLINE_CURVE_WITH_KNOTS('',3,(#7955,#7956,#7957,#7958,#7959),
 .UNSPECIFIED.,.F.,.F.,(4,1,4),(0.,0.0238973150703803,0.0486982761977488),
 .UNSPECIFIED.);
#144=B_SPLINE_CURVE_WITH_KNOTS('',3,(#7971,#7972,#7973,#7974,#7975),
 .UNSPECIFIED.,.F.,.F.,(4,1,4),(0.,0.0242600674564266,0.0477980723812368),
 .UNSPECIFIED.);
#145=B_SPLINE_CURVE_WITH_KNOTS('',3,(#7978,#7979,#7980,#7981,#7982),
 .UNSPECIFIED.,.F.,.F.,(4,1,4),(0.,0.0242600674564266,0.0477980723812368),
 .UNSPECIFIED.);
#146=B_SPLINE_CURVE_WITH_KNOTS('',3,(#7994,#7995,#7996,#7997,#7998),
 .UNSPECIFIED.,.F.,.F.,(4,1,4),(0.,0.0256312629753117,0.0504983151354503),
 .UNSPECIFIED.);
#147=B_SPLINE_CURVE_WITH_KNOTS('',3,(#8001,#8002,#8003,#8004,#8005),
 .UNSPECIFIED.,.F.,.F.,(4,1,4),(0.,0.0256312629753117,0.0504983151354503),
 .UNSPECIFIED.);
#148=B_SPLINE_CURVE_WITH_KNOTS('',3,(#8017,#8018,#8019,#8020,#8021),
 .UNSPECIFIED.,.F.,.F.,(4,1,4),(0.,0.0410017714812198,0.0830834692406744),
 .UNSPECIFIED.);
#149=B_SPLINE_CURVE_WITH_KNOTS('',3,(#8024,#8025,#8026,#8027,#8028),
 .UNSPECIFIED.,.F.,.F.,(4,1,4),(0.,0.0410017714812198,0.0830834692406744),
 .UNSPECIFIED.);
#150=B_SPLINE_CURVE_WITH_KNOTS('',3,(#8040,#8041,#8042,#8043,#8044),
 .UNSPECIFIED.,.F.,.F.,(4,1,4),(0.,0.0532807817375978,0.0979654827814107),
 .UNSPECIFIED.);
#151=B_SPLINE_CURVE_WITH_KNOTS('',3,(#8047,#8048,#8049,#8050,#8051),
 .UNSPECIFIED.,.F.,.F.,(4,1,4),(0.,0.0532807817375978,0.0979654827814107),
 .UNSPECIFIED.);
#152=B_SPLINE_CURVE_WITH_KNOTS('',3,(#8063,#8064,#8065,#8066,#8067),
 .UNSPECIFIED.,.F.,.F.,(4,1,4),(0.,0.0339029619160998,0.0690317079143404),
 .UNSPECIFIED.);
#153=B_SPLINE_CURVE_WITH_KNOTS('',3,(#8070,#8071,#8072,#8073,#8074),
 .UNSPECIFIED.,.F.,.F.,(4,1,4),(0.,0.0339029619160998,0.0690317079143404),
 .UNSPECIFIED.);
#154=B_SPLINE_CURVE_WITH_KNOTS('',3,(#8086,#8087,#8088,#8089,#8090),
 .UNSPECIFIED.,.F.,.F.,(4,1,4),(0.,0.0416109177063043,0.0776459142068705),
 .UNSPECIFIED.);
#155=B_SPLINE_CURVE_WITH_KNOTS('',3,(#8093,#8094,#8095,#8096,#8097),
 .UNSPECIFIED.,.F.,.F.,(4,1,4),(0.,0.0416109177063043,0.0776459142068705),
 .UNSPECIFIED.);
#156=B_SPLINE_CURVE_WITH_KNOTS('',3,(#8108,#8109,#8110,#8111,#8112),
 .UNSPECIFIED.,.F.,.F.,(4,1,4),(0.,0.022154890081489,0.0465214472581599),
 .UNSPECIFIED.);
#157=B_SPLINE_CURVE_WITH_KNOTS('',3,(#8113,#8114,#8115,#8116,#8117),
 .UNSPECIFIED.,.F.,.F.,(4,1,4),(0.,0.022154890081489,0.0465214472581599),
 .UNSPECIFIED.);
#158=B_SPLINE_CURVE_WITH_KNOTS('',3,(#8164,#8165,#8166,#8167,#8168),
 .UNSPECIFIED.,.F.,.F.,(4,1,4),(0.,0.0391518788340256,0.107528546201184),
 .UNSPECIFIED.);
#159=B_SPLINE_CURVE_WITH_KNOTS('',3,(#8171,#8172,#8173,#8174,#8175),
 .UNSPECIFIED.,.F.,.F.,(4,1,4),(0.,0.0391518788340256,0.107528546201184),
 .UNSPECIFIED.);
#160=B_SPLINE_CURVE_WITH_KNOTS('',3,(#8187,#8188,#8189,#8190,#8191),
 .UNSPECIFIED.,.F.,.F.,(4,1,4),(0.,0.0251249134622423,0.049783933675559),
 .UNSPECIFIED.);
#161=B_SPLINE_CURVE_WITH_KNOTS('',3,(#8194,#8195,#8196,#8197,#8198),
 .UNSPECIFIED.,.F.,.F.,(4,1,4),(0.,0.0251249134622423,0.049783933675559),
 .UNSPECIFIED.);
#162=B_SPLINE_CURVE_WITH_KNOTS('',3,(#8210,#8211,#8212,#8213,#8214),
 .UNSPECIFIED.,.F.,.F.,(4,1,4),(0.,0.0261066114885494,0.051655800016242),
 .UNSPECIFIED.);
#163=B_SPLINE_CURVE_WITH_KNOTS('',3,(#8217,#8218,#8219,#8220,#8221),
 .UNSPECIFIED.,.F.,.F.,(4,1,4),(0.,0.0261066114885494,0.051655800016242),
 .UNSPECIFIED.);
#164=B_SPLINE_CURVE_WITH_KNOTS('',3,(#8233,#8234,#8235,#8236,#8237),
 .UNSPECIFIED.,.F.,.F.,(4,1,4),(0.,0.0239850831195084,0.0486749063026317),
 .UNSPECIFIED.);
#165=B_SPLINE_CURVE_WITH_KNOTS('',3,(#8240,#8241,#8242,#8243,#8244),
 .UNSPECIFIED.,.F.,.F.,(4,1,4),(0.,0.0239850831195084,0.0486749063026317),
 .UNSPECIFIED.);
#166=B_SPLINE_CURVE_WITH_KNOTS('',3,(#8256,#8257,#8258,#8259,#8260),
 .UNSPECIFIED.,.F.,.F.,(4,1,4),(0.,0.0250008790456958,0.0491184474728541),
 .UNSPECIFIED.);
#167=B_SPLINE_CURVE_WITH_KNOTS('',3,(#8263,#8264,#8265,#8266,#8267),
 .UNSPECIFIED.,.F.,.F.,(4,1,4),(0.,0.0250008790456958,0.0491184474728541),
 .UNSPECIFIED.);
#168=B_SPLINE_CURVE_WITH_KNOTS('',3,(#8279,#8280,#8281,#8282,#8283),
 .UNSPECIFIED.,.F.,.F.,(4,1,4),(0.,0.0688879870665516,0.108880439412945),
 .UNSPECIFIED.);
#169=B_SPLINE_CURVE_WITH_KNOTS('',3,(#8286,#8287,#8288,#8289,#8290),
 .UNSPECIFIED.,.F.,.F.,(4,1,4),(0.,0.0688879870665516,0.108880439412945),
 .UNSPECIFIED.);
#170=B_SPLINE_CURVE_WITH_KNOTS('',3,(#8332,#8333,#8334,#8335,#8336),
 .UNSPECIFIED.,.F.,.F.,(4,1,4),(0.,0.0214024665583071,0.0497196083747583),
 .UNSPECIFIED.);
#171=B_SPLINE_CURVE_WITH_KNOTS('',3,(#8339,#8340,#8341,#8342,#8343),
 .UNSPECIFIED.,.F.,.F.,(4,1,4),(0.,0.0214024665583071,0.0497196083747583),
 .UNSPECIFIED.);
#172=B_SPLINE_CURVE_WITH_KNOTS('',3,(#8355,#8356,#8357,#8358,#8359),
 .UNSPECIFIED.,.F.,.F.,(4,1,4),(0.,0.0268362018291294,0.0517575315615392),
 .UNSPECIFIED.);
#173=B_SPLINE_CURVE_WITH_KNOTS('',3,(#8362,#8363,#8364,#8365,#8366),
 .UNSPECIFIED.,.F.,.F.,(4,1,4),(0.,0.0268362018291294,0.0517575315615392),
 .UNSPECIFIED.);
#174=B_SPLINE_CURVE_WITH_KNOTS('',3,(#8378,#8379,#8380,#8381,#8382),
 .UNSPECIFIED.,.F.,.F.,(4,1,4),(0.,0.0278831168974708,0.057845620303678),
 .UNSPECIFIED.);
#175=B_SPLINE_CURVE_WITH_KNOTS('',3,(#8385,#8386,#8387,#8388,#8389),
 .UNSPECIFIED.,.F.,.F.,(4,1,4),(0.,0.0278831168974708,0.057845620303678),
 .UNSPECIFIED.);
#176=B_SPLINE_CURVE_WITH_KNOTS('',3,(#8401,#8402,#8403,#8404,#8405),
 .UNSPECIFIED.,.F.,.F.,(4,1,4),(0.,0.0290091185852487,0.0517169730991256),
 .UNSPECIFIED.);
#177=B_SPLINE_CURVE_WITH_KNOTS('',3,(#8408,#8409,#8410,#8411,#8412),
 .UNSPECIFIED.,.F.,.F.,(4,1,4),(0.,0.0290091185852487,0.0517169730991256),
 .UNSPECIFIED.);
#178=B_SPLINE_CURVE_WITH_KNOTS('',3,(#8447,#8448,#8449,#8450,#8451),
 .UNSPECIFIED.,.F.,.F.,(4,1,4),(0.,0.0395620864664639,0.0781214902251883),
 .UNSPECIFIED.);
#179=B_SPLINE_CURVE_WITH_KNOTS('',3,(#8455,#8456,#8457,#8458,#8459),
 .UNSPECIFIED.,.F.,.F.,(4,1,4),(0.,0.0395620864664639,0.0781214902251883),
 .UNSPECIFIED.);
#180=B_SPLINE_CURVE_WITH_KNOTS('',3,(#8472,#8473,#8474,#8475,#8476),
 .UNSPECIFIED.,.F.,.F.,(4,1,4),(0.,0.0429192976271222,0.0862143757762139),
 .UNSPECIFIED.);
#181=B_SPLINE_CURVE_WITH_KNOTS('',3,(#8479,#8480,#8481,#8482,#8483),
 .UNSPECIFIED.,.F.,.F.,(4,1,4),(0.,0.0429192976271222,0.0862143757762139),
 .UNSPECIFIED.);
#182=B_SPLINE_CURVE_WITH_KNOTS('',3,(#8495,#8496,#8497,#8498,#8499),
 .UNSPECIFIED.,.F.,.F.,(4,1,4),(0.,0.0407519017318516,0.0731782371297801),
 .UNSPECIFIED.);
#183=B_SPLINE_CURVE_WITH_KNOTS('',3,(#8502,#8503,#8504,#8505,#8506),
 .UNSPECIFIED.,.F.,.F.,(4,1,4),(0.,0.0407519017318516,0.0731782371297801),
 .UNSPECIFIED.);
#184=B_SPLINE_CURVE_WITH_KNOTS('',3,(#8523,#8524,#8525,#8526,#8527),
 .UNSPECIFIED.,.F.,.F.,(4,1,4),(0.,0.0399433222694182,0.0836235078278691),
 .UNSPECIFIED.);
#185=B_SPLINE_CURVE_WITH_KNOTS('',3,(#8528,#8529,#8530,#8531,#8532),
 .UNSPECIFIED.,.F.,.F.,(4,1,4),(0.,0.0399433222694182,0.0836235078278691),
 .UNSPECIFIED.);
#186=B_SPLINE_CURVE_WITH_KNOTS('',3,(#8545,#8546,#8547,#8548,#8549),
 .UNSPECIFIED.,.F.,.F.,(4,1,4),(0.,0.0316051900384648,0.0611196762445401),
 .UNSPECIFIED.);
#187=B_SPLINE_CURVE_WITH_KNOTS('',3,(#8553,#8554,#8555,#8556,#8557),
 .UNSPECIFIED.,.F.,.F.,(4,1,4),(0.,0.0316051900384648,0.0611196762445401),
 .UNSPECIFIED.);
#188=B_SPLINE_CURVE_WITH_KNOTS('',3,(#8570,#8571,#8572,#8573,#8574),
 .UNSPECIFIED.,.F.,.F.,(4,1,4),(0.,0.0415833436442845,0.0839420310317242),
 .UNSPECIFIED.);
#189=B_SPLINE_CURVE_WITH_KNOTS('',3,(#8577,#8578,#8579,#8580,#8581),
 .UNSPECIFIED.,.F.,.F.,(4,1,4),(0.,0.0415833436442845,0.0839420310317242),
 .UNSPECIFIED.);
#190=B_SPLINE_CURVE_WITH_KNOTS('',3,(#8593,#8594,#8595,#8596,#8597),
 .UNSPECIFIED.,.F.,.F.,(4,1,4),(0.,0.0536624520207939,0.0990096293807791),
 .UNSPECIFIED.);
#191=B_SPLINE_CURVE_WITH_KNOTS('',3,(#8600,#8601,#8602,#8603,#8604),
 .UNSPECIFIED.,.F.,.F.,(4,1,4),(0.,0.0536624520207939,0.0990096293807791),
 .UNSPECIFIED.);
#192=B_SPLINE_CURVE_WITH_KNOTS('',3,(#8622,#8623,#8624,#8625,#8626),
 .UNSPECIFIED.,.F.,.F.,(4,1,4),(0.,0.00682180763003559,0.0163750293364987),
 .UNSPECIFIED.);
#193=B_SPLINE_CURVE_WITH_KNOTS('',3,(#8629,#8630,#8631,#8632,#8633),
 .UNSPECIFIED.,.F.,.F.,(4,1,4),(0.,0.00682180763003559,0.0163750293364987),
 .UNSPECIFIED.);
#194=B_SPLINE_CURVE_WITH_KNOTS('',3,(#8645,#8646,#8647,#8648,#8649),
 .UNSPECIFIED.,.F.,.F.,(4,1,4),(0.,0.0688086178779727,0.149274660084406),
 .UNSPECIFIED.);
#195=B_SPLINE_CURVE_WITH_KNOTS('',3,(#8652,#8653,#8654,#8655,#8656),
 .UNSPECIFIED.,.F.,.F.,(4,1,4),(0.,0.0688086178779727,0.149274660084406),
 .UNSPECIFIED.);
#196=B_SPLINE_CURVE_WITH_KNOTS('',3,(#8668,#8669,#8670,#8671,#8672),
 .UNSPECIFIED.,.F.,.F.,(4,1,4),(0.,0.0671440183869324,0.131583309750092),
 .UNSPECIFIED.);
#197=B_SPLINE_CURVE_WITH_KNOTS('',3,(#8675,#8676,#8677,#8678,#8679),
 .UNSPECIFIED.,.F.,.F.,(4,1,4),(0.,0.0671440183869324,0.131583309750092),
 .UNSPECIFIED.);
#198=B_SPLINE_CURVE_WITH_KNOTS('',3,(#8691,#8692,#8693,#8694,#8695),
 .UNSPECIFIED.,.F.,.F.,(4,1,4),(0.,0.0659967798190833,0.135199395842205),
 .UNSPECIFIED.);
#199=B_SPLINE_CURVE_WITH_KNOTS('',3,(#8698,#8699,#8700,#8701,#8702),
 .UNSPECIFIED.,.F.,.F.,(4,1,4),(0.,0.0659967798190833,0.135199395842205),
 .UNSPECIFIED.);
#200=B_SPLINE_CURVE_WITH_KNOTS('',3,(#8714,#8715,#8716,#8717,#8718),
 .UNSPECIFIED.,.F.,.F.,(4,1,4),(0.,0.0820216761900817,0.15224797376091),
 .UNSPECIFIED.);
#201=B_SPLINE_CURVE_WITH_KNOTS('',3,(#8721,#8722,#8723,#8724,#8725),
 .UNSPECIFIED.,.F.,.F.,(4,1,4),(0.,0.0820216761900817,0.15224797376091),
 .UNSPECIFIED.);
#202=B_SPLINE_CURVE_WITH_KNOTS('',3,(#8737,#8738,#8739,#8740,#8741),
 .UNSPECIFIED.,.F.,.F.,(4,1,4),(0.,0.0683778486276434,0.147723476433518),
 .UNSPECIFIED.);
#203=B_SPLINE_CURVE_WITH_KNOTS('',3,(#8744,#8745,#8746,#8747,#8748),
 .UNSPECIFIED.,.F.,.F.,(4,1,4),(0.,0.0683778486276434,0.147723476433518),
 .UNSPECIFIED.);
#204=B_SPLINE_CURVE_WITH_KNOTS('',3,(#8760,#8761,#8762,#8763,#8764),
 .UNSPECIFIED.,.F.,.F.,(4,1,4),(0.,0.0722828928777863,0.138227039199966),
 .UNSPECIFIED.);
#205=B_SPLINE_CURVE_WITH_KNOTS('',3,(#8767,#8768,#8769,#8770,#8771),
 .UNSPECIFIED.,.F.,.F.,(4,1,4),(0.,0.0722828928777863,0.138227039199966),
 .UNSPECIFIED.);
#206=B_SPLINE_CURVE_WITH_KNOTS('',3,(#8783,#8784,#8785,#8786,#8787),
 .UNSPECIFIED.,.F.,.F.,(4,1,4),(0.,0.0516309435769739,0.109610348161357),
 .UNSPECIFIED.);
#207=B_SPLINE_CURVE_WITH_KNOTS('',3,(#8790,#8791,#8792,#8793,#8794),
 .UNSPECIFIED.,.F.,.F.,(4,1,4),(0.,0.0516309435769739,0.109610348161357),
 .UNSPECIFIED.);
#208=B_SPLINE_CURVE_WITH_KNOTS('',3,(#8806,#8807,#8808,#8809,#8810),
 .UNSPECIFIED.,.F.,.F.,(4,1,4),(0.,0.0538083384536849,0.104129036183502),
 .UNSPECIFIED.);
#209=B_SPLINE_CURVE_WITH_KNOTS('',3,(#8813,#8814,#8815,#8816,#8817),
 .UNSPECIFIED.,.F.,.F.,(4,1,4),(0.,0.0538083384536849,0.104129036183502),
 .UNSPECIFIED.);
#210=B_SPLINE_CURVE_WITH_KNOTS('',3,(#8834,#8835,#8836,#8837,#8838),
 .UNSPECIFIED.,.F.,.F.,(4,1,4),(0.,0.0314331061660587,0.0688419982152448),
 .UNSPECIFIED.);
#211=B_SPLINE_CURVE_WITH_KNOTS('',3,(#8839,#8840,#8841,#8842,#8843),
 .UNSPECIFIED.,.F.,.F.,(4,1,4),(0.,0.0314331061660587,0.0688419982152448),
 .UNSPECIFIED.);
#212=B_SPLINE_SURFACE_WITH_KNOTS('',3,1,((#6468,#6469),(#6470,#6471),(#6472,
#6473),(#6474,#6475),(#6476,#6477)),.UNSPECIFIED.,.F.,.F.,.F.,(4,1,4),(2,
2),(0.,0.0384780257014225,0.0782083929215127),(0.,0.02),.UNSPECIFIED.);
#213=B_SPLINE_SURFACE_WITH_KNOTS('',3,1,((#6494,#6495),(#6496,#6497),(#6498,
#6499),(#6500,#6501),(#6502,#6503)),.UNSPECIFIED.,.F.,.F.,.F.,(4,1,4),(2,
2),(0.,0.0412692366874341,0.0808615228951435),(0.,0.02),.UNSPECIFIED.);
#214=B_SPLINE_SURFACE_WITH_KNOTS('',3,1,((#6517,#6518),(#6519,#6520),(#6521,
#6522),(#6523,#6524),(#6525,#6526)),.UNSPECIFIED.,.F.,.F.,.F.,(4,1,4),(2,
2),(0.,0.0648578540194556,0.114435574737552),(0.,0.02),.UNSPECIFIED.);
#215=B_SPLINE_SURFACE_WITH_KNOTS('',3,1,((#6540,#6541),(#6542,#6543),(#6544,
#6545),(#6546,#6547),(#6548,#6549)),.UNSPECIFIED.,.F.,.F.,.F.,(4,1,4),(2,
2),(0.,0.0466175444002112,0.105912456457228),(0.,0.02),.UNSPECIFIED.);
#216=B_SPLINE_SURFACE_WITH_KNOTS('',3,1,((#6563,#6564),(#6565,#6566),(#6567,
#6568),(#6569,#6570),(#6571,#6572)),.UNSPECIFIED.,.F.,.F.,.F.,(4,1,4),(2,
2),(0.,0.0381172532812548,0.0778735370386421),(0.,0.02),.UNSPECIFIED.);
#217=B_SPLINE_SURFACE_WITH_KNOTS('',3,1,((#6586,#6587),(#6588,#6589),(#6590,
#6591),(#6592,#6593),(#6594,#6595)),.UNSPECIFIED.,.F.,.F.,.F.,(4,1,4),(2,
2),(0.,0.041107810137813,0.0793513020239448),(0.,0.02),.UNSPECIFIED.);
#218=B_SPLINE_SURFACE_WITH_KNOTS('',3,1,((#6609,#6610),(#6611,#6612),(#6613,
#6614),(#6615,#6616),(#6617,#6618)),.UNSPECIFIED.,.F.,.F.,.F.,(4,1,4),(2,
2),(0.,0.06123535441324,0.109740747614789),(0.,0.02),.UNSPECIFIED.);
#219=B_SPLINE_SURFACE_WITH_KNOTS('',3,1,((#6632,#6633),(#6634,#6635),(#6636,
#6637),(#6638,#6639),(#6640,#6641)),.UNSPECIFIED.,.F.,.F.,.F.,(4,1,4),(2,
2),(0.,0.0477298328651538,0.110436106887147),(0.,0.02),.UNSPECIFIED.);
#220=B_SPLINE_SURFACE_WITH_KNOTS('',3,1,((#6673,#6674),(#6675,#6676),(#6677,
#6678),(#6679,#6680),(#6681,#6682)),.UNSPECIFIED.,.F.,.F.,.F.,(4,1,4),(2,
2),(0.,0.0281205525877202,0.055368103773195),(0.,0.02),.UNSPECIFIED.);
#221=B_SPLINE_SURFACE_WITH_KNOTS('',3,1,((#6696,#6697),(#6698,#6699),(#6700,
#6701),(#6702,#6703),(#6704,#6705)),.UNSPECIFIED.,.F.,.F.,.F.,(4,1,4),(2,
2),(0.,0.0311437806853135,0.0604090260607469),(0.,0.02),.UNSPECIFIED.);
#222=B_SPLINE_SURFACE_WITH_KNOTS('',3,1,((#6719,#6720),(#6721,#6722),(#6723,
#6724),(#6725,#6726),(#6727,#6728)),.UNSPECIFIED.,.F.,.F.,.F.,(4,1,4),(2,
2),(0.,0.0421568918087379,0.0851094313835615),(0.,0.02),.UNSPECIFIED.);
#223=B_SPLINE_SURFACE_WITH_KNOTS('',3,1,((#6742,#6743),(#6744,#6745),(#6746,
#6747),(#6748,#6749),(#6750,#6751)),.UNSPECIFIED.,.F.,.F.,.F.,(4,1,4),(2,
2),(0.,0.0450807772142281,0.0877882256377672),(0.,0.02),.UNSPECIFIED.);
#224=B_SPLINE_SURFACE_WITH_KNOTS('',3,1,((#6765,#6766),(#6767,#6768),(#6769,
#6770),(#6771,#6772),(#6773,#6774)),.UNSPECIFIED.,.F.,.F.,.F.,(4,1,4),(2,
2),(0.,0.0519109334615941,0.100522821518253),(0.,0.02),.UNSPECIFIED.);
#225=B_SPLINE_SURFACE_WITH_KNOTS('',3,1,((#6788,#6789),(#6790,#6791),(#6792,
#6793),(#6794,#6795),(#6796,#6797)),.UNSPECIFIED.,.F.,.F.,.F.,(4,1,4),(2,
2),(0.,0.0483737691408471,0.101006664194096),(0.,0.02),.UNSPECIFIED.);
#226=B_SPLINE_SURFACE_WITH_KNOTS('',3,1,((#6811,#6812),(#6813,#6814),(#6815,
#6816),(#6817,#6818),(#6819,#6820)),.UNSPECIFIED.,.F.,.F.,.F.,(4,1,4),(2,
2),(0.,0.0430947793987353,0.0881234761564631),(0.,0.02),.UNSPECIFIED.);
#227=B_SPLINE_SURFACE_WITH_KNOTS('',3,1,((#6834,#6835),(#6836,#6837),(#6838,
#6839),(#6840,#6841),(#6842,#6843)),.UNSPECIFIED.,.F.,.F.,.F.,(4,1,4),(2,
2),(0.,0.0419936555291205,0.084065533215593),(0.,0.02),.UNSPECIFIED.);
#228=B_SPLINE_SURFACE_WITH_KNOTS('',3,1,((#6857,#6858),(#6859,#6860),(#6861,
#6862),(#6863,#6864),(#6865,#6866)),.UNSPECIFIED.,.F.,.F.,.F.,(4,1,4),(2,
2),(0.,0.0586836424258378,0.118956784524464),(0.,0.02),.UNSPECIFIED.);
#229=B_SPLINE_SURFACE_WITH_KNOTS('',3,1,((#6890,#6891),(#6892,#6893),(#6894,
#6895),(#6896,#6897),(#6898,#6899)),.UNSPECIFIED.,.F.,.F.,.F.,(4,1,4),(2,
2),(0.,0.0380824277569939,0.0806117907371817),(0.,0.02),.UNSPECIFIED.);
#230=B_SPLINE_SURFACE_WITH_KNOTS('',3,1,((#6916,#6917),(#6918,#6919),(#6920,
#6921),(#6922,#6923),(#6924,#6925)),.UNSPECIFIED.,.F.,.F.,.F.,(4,1,4),(2,
2),(0.,0.0405467932994679,0.0783335084000151),(0.,0.02),.UNSPECIFIED.);
#231=B_SPLINE_SURFACE_WITH_KNOTS('',3,1,((#6939,#6940),(#6941,#6942),(#6943,
#6944),(#6945,#6946),(#6947,#6948)),.UNSPECIFIED.,.F.,.F.,.F.,(4,1,4),(2,
2),(0.,0.0609560574039624,0.109098250980777),(0.,0.02),.UNSPECIFIED.);
#232=B_SPLINE_SURFACE_WITH_KNOTS('',3,1,((#6962,#6963),(#6964,#6965),(#6966,
#6967),(#6968,#6969),(#6970,#6971)),.UNSPECIFIED.,.F.,.F.,.F.,(4,1,4),(2,
2),(0.,0.0492479659124179,0.112806945579253),(0.,0.02),.UNSPECIFIED.);
#233=B_SPLINE_SURFACE_WITH_KNOTS('',3,1,((#6985,#6986),(#6987,#6988),(#6989,
#6990),(#6991,#6992),(#6993,#6994)),.UNSPECIFIED.,.F.,.F.,.F.,(4,1,4),(2,
2),(0.,0.0389594556538239,0.0802472457894701),(0.,0.02),.UNSPECIFIED.);
#234=B_SPLINE_SURFACE_WITH_KNOTS('',3,1,((#7008,#7009),(#7010,#7011),(#7012,
#7013),(#7014,#7015),(#7016,#7017)),.UNSPECIFIED.,.F.,.F.,.F.,(4,1,4),(2,
2),(0.,0.0400954792643374,0.0782821901500307),(0.,0.02),.UNSPECIFIED.);
#235=B_SPLINE_SURFACE_WITH_KNOTS('',3,1,((#7031,#7032),(#7033,#7034),(#7035,
#7036),(#7037,#7038),(#7039,#7040)),.UNSPECIFIED.,.F.,.F.,.F.,(4,1,4),(2,
2),(0.,0.0612051874157998,0.108755948230586),(0.,0.02),.UNSPECIFIED.);
#236=B_SPLINE_SURFACE_WITH_KNOTS('',3,1,((#7054,#7055),(#7056,#7057),(#7058,
#7059),(#7060,#7061),(#7062,#7063)),.UNSPECIFIED.,.F.,.F.,.F.,(4,1,4),(2,
2),(0.,0.0503536950605693,0.112418804106292),(0.,0.02),.UNSPECIFIED.);
#237=B_SPLINE_SURFACE_WITH_KNOTS('',3,1,((#7083,#7084),(#7085,#7086),(#7087,
#7088),(#7089,#7090),(#7091,#7092)),.UNSPECIFIED.,.F.,.F.,.F.,(4,1,4),(2,
2),(0.,0.0266167014051605,0.052030265488236),(0.,0.02),.UNSPECIFIED.);
#238=B_SPLINE_SURFACE_WITH_KNOTS('',3,1,((#7106,#7107),(#7108,#7109),(#7110,
#7111),(#7112,#7113),(#7114,#7115)),.UNSPECIFIED.,.F.,.F.,.F.,(4,1,4),(2,
2),(0.,0.0292980147430086,0.0570214775171763),(0.,0.02),.UNSPECIFIED.);
#239=B_SPLINE_SURFACE_WITH_KNOTS('',3,1,((#7129,#7130),(#7131,#7132),(#7133,
#7134),(#7135,#7136),(#7137,#7138)),.UNSPECIFIED.,.F.,.F.,.F.,(4,1,4),(2,
2),(0.,0.0428692813611109,0.0842659623767051),(0.,0.02),.UNSPECIFIED.);
#240=B_SPLINE_SURFACE_WITH_KNOTS('',3,1,((#7152,#7153),(#7154,#7155),(#7156,
#7157),(#7158,#7159),(#7160,#7161)),.UNSPECIFIED.,.F.,.F.,.F.,(4,1,4),(2,
2),(0.,0.0463027124423073,0.0905564580296226),(0.,0.02),.UNSPECIFIED.);
#241=B_SPLINE_SURFACE_WITH_KNOTS('',3,1,((#7175,#7176),(#7177,#7178),(#7179,
#7180),(#7181,#7182),(#7183,#7184)),.UNSPECIFIED.,.F.,.F.,.F.,(4,1,4),(2,
2),(0.,0.0530572841525631,0.102648892813634),(0.,0.02),.UNSPECIFIED.);
#242=B_SPLINE_SURFACE_WITH_KNOTS('',3,1,((#7198,#7199),(#7200,#7201),(#7202,
#7203),(#7204,#7205),(#7206,#7207)),.UNSPECIFIED.,.F.,.F.,.F.,(4,1,4),(2,
2),(0.,0.0475484342457843,0.0975059927461581),(0.,0.02),.UNSPECIFIED.);
#243=B_SPLINE_SURFACE_WITH_KNOTS('',3,1,((#7221,#7222),(#7223,#7224),(#7225,
#7226),(#7227,#7228),(#7229,#7230)),.UNSPECIFIED.,.F.,.F.,.F.,(4,1,4),(2,
2),(0.,0.0423875963441108,0.0870140751397048),(0.,0.02),.UNSPECIFIED.);
#244=B_SPLINE_SURFACE_WITH_KNOTS('',3,1,((#7244,#7245),(#7246,#7247),(#7248,
#7249),(#7250,#7251),(#7252,#7253)),.UNSPECIFIED.,.F.,.F.,.F.,(4,1,4),(2,
2),(0.,0.0440623531290049,0.0862500144331213),(0.,0.02),.UNSPECIFIED.);
#245=B_SPLINE_SURFACE_WITH_KNOTS('',3,1,((#7267,#7268),(#7269,#7270),(#7271,
#7272),(#7273,#7274),(#7275,#7276)),.UNSPECIFIED.,.F.,.F.,.F.,(4,1,4),(2,
2),(0.,0.029424971679878,0.0624334838474691),(0.,0.02),.UNSPECIFIED.);
#246=B_SPLINE_SURFACE_WITH_KNOTS('',3,1,((#7290,#7291),(#7292,#7293),(#7294,
#7295),(#7296,#7297),(#7298,#7299)),.UNSPECIFIED.,.F.,.F.,.F.,(4,1,4),(2,
2),(0.,0.0320606291265641,0.0613175973371244),(0.,0.02),.UNSPECIFIED.);
#247=B_SPLINE_SURFACE_WITH_KNOTS('',3,1,((#7335,#7336),(#7337,#7338),(#7339,
#7340),(#7341,#7342),(#7343,#7344)),.UNSPECIFIED.,.F.,.F.,.F.,(4,1,4),(2,
2),(0.,0.0267975557424471,0.0625244169297214),(0.,0.02),.UNSPECIFIED.);
#248=B_SPLINE_SURFACE_WITH_KNOTS('',3,1,((#7361,#7362),(#7363,#7364),(#7365,
#7366),(#7367,#7368),(#7369,#7370)),.UNSPECIFIED.,.F.,.F.,.F.,(4,1,4),(2,
2),(0.,0.0301944596445283,0.0594633400755992),(0.,0.02),.UNSPECIFIED.);
#249=B_SPLINE_SURFACE_WITH_KNOTS('',3,1,((#7384,#7385),(#7386,#7387),(#7388,
#7389),(#7390,#7391),(#7392,#7393)),.UNSPECIFIED.,.F.,.F.,.F.,(4,1,4),(2,
2),(0.,0.0337333286382125,0.065527599599031),(0.,0.02),.UNSPECIFIED.);
#250=B_SPLINE_SURFACE_WITH_KNOTS('',3,1,((#7407,#7408),(#7409,#7410),(#7411,
#7412),(#7413,#7414),(#7415,#7416)),.UNSPECIFIED.,.F.,.F.,.F.,(4,1,4),(2,
2),(0.,0.0259786351063441,0.0577491799240252),(0.,0.02),.UNSPECIFIED.);
#251=B_SPLINE_SURFACE_WITH_KNOTS('',3,1,((#7430,#7431),(#7432,#7433),(#7434,
#7435),(#7436,#7437),(#7438,#7439)),.UNSPECIFIED.,.F.,.F.,.F.,(4,1,4),(2,
2),(0.,0.0229848332206342,0.0460836718214427),(0.,0.02),.UNSPECIFIED.);
#252=B_SPLINE_SURFACE_WITH_KNOTS('',3,1,((#7453,#7454),(#7455,#7456),(#7457,
#7458),(#7459,#7460),(#7461,#7462)),.UNSPECIFIED.,.F.,.F.,.F.,(4,1,4),(2,
2),(0.,0.0152603327238788,0.0307133506798793),(0.,0.02),.UNSPECIFIED.);
#253=B_SPLINE_SURFACE_WITH_KNOTS('',3,1,((#7476,#7477),(#7478,#7479),(#7480,
#7481),(#7482,#7483),(#7484,#7485)),.UNSPECIFIED.,.F.,.F.,.F.,(4,1,4),(2,
2),(0.,0.0162388363688106,0.0317284686703405),(0.,0.02),.UNSPECIFIED.);
#254=B_SPLINE_SURFACE_WITH_KNOTS('',3,1,((#7499,#7500),(#7501,#7502),(#7503,
#7504),(#7505,#7506),(#7507,#7508)),.UNSPECIFIED.,.F.,.F.,.F.,(4,1,4),(2,
2),(0.,0.0328318718996189,0.0550300935257122),(0.,0.02),.UNSPECIFIED.);
#255=B_SPLINE_SURFACE_WITH_KNOTS('',3,1,((#7522,#7523),(#7524,#7525),(#7526,
#7527),(#7528,#7529),(#7530,#7531)),.UNSPECIFIED.,.F.,.F.,.F.,(4,1,4),(2,
2),(0.,0.0436445560197622,0.103084871769008),(0.,0.02),.UNSPECIFIED.);
#256=B_SPLINE_SURFACE_WITH_KNOTS('',3,1,((#7557,#7558),(#7559,#7560),(#7561,
#7562),(#7563,#7564),(#7565,#7566)),.UNSPECIFIED.,.F.,.F.,.F.,(4,1,4),(2,
2),(0.,0.0229668959704282,0.0463386412603867),(0.,0.02),.UNSPECIFIED.);
#257=B_SPLINE_SURFACE_WITH_KNOTS('',3,1,((#7580,#7581),(#7582,#7583),(#7584,
#7585),(#7586,#7587),(#7588,#7589)),.UNSPECIFIED.,.F.,.F.,.F.,(4,1,4),(2,
2),(0.,0.06988238906666,0.108407190830103),(0.,0.02),.UNSPECIFIED.);
#258=B_SPLINE_SURFACE_WITH_KNOTS('',3,1,((#7609,#7610),(#7611,#7612),(#7613,
#7614),(#7615,#7616),(#7617,#7618)),.UNSPECIFIED.,.F.,.F.,.F.,(4,1,4),(2,
2),(0.,0.022118777500838,0.0567452713407361),(0.,0.02),.UNSPECIFIED.);
#259=B_SPLINE_SURFACE_WITH_KNOTS('',3,1,((#7632,#7633),(#7634,#7635),(#7636,
#7637),(#7638,#7639),(#7640,#7641)),.UNSPECIFIED.,.F.,.F.,.F.,(4,1,4),(2,
2),(0.,0.0220172468473851,0.0462715326756266),(0.,0.02),.UNSPECIFIED.);
#260=B_SPLINE_SURFACE_WITH_KNOTS('',3,1,((#7655,#7656),(#7657,#7658),(#7659,
#7660),(#7661,#7662),(#7663,#7664)),.UNSPECIFIED.,.F.,.F.,.F.,(4,1,4),(2,
2),(0.,0.0280089077609613,0.0511301986119848),(0.,0.02),.UNSPECIFIED.);
#261=B_SPLINE_SURFACE_WITH_KNOTS('',3,1,((#7678,#7679),(#7680,#7681),(#7682,
#7683),(#7684,#7685),(#7686,#7687)),.UNSPECIFIED.,.F.,.F.,.F.,(4,1,4),(2,
2),(0.,0.0421246333934661,0.0764538334428569),(0.,0.02),.UNSPECIFIED.);
#262=B_SPLINE_SURFACE_WITH_KNOTS('',3,1,((#7701,#7702),(#7703,#7704),(#7705,
#7706),(#7707,#7708),(#7709,#7710)),.UNSPECIFIED.,.F.,.F.,.F.,(4,1,4),(2,
2),(0.,0.0394679670237833,0.0834961612692814),(0.,0.02),.UNSPECIFIED.);
#263=B_SPLINE_SURFACE_WITH_KNOTS('',3,1,((#7724,#7725),(#7726,#7727),(#7728,
#7729),(#7730,#7731),(#7732,#7733)),.UNSPECIFIED.,.F.,.F.,.F.,(4,1,4),(2,
2),(0.,0.0310814403468852,0.0660105802842318),(0.,0.02),.UNSPECIFIED.);
#264=B_SPLINE_SURFACE_WITH_KNOTS('',3,1,((#7747,#7748),(#7749,#7750),(#7751,
#7752),(#7753,#7754),(#7755,#7756)),.UNSPECIFIED.,.F.,.F.,.F.,(4,1,4),(2,
2),(0.,0.0364756657696361,0.0682746293929516),(0.,0.02),.UNSPECIFIED.);
#265=B_SPLINE_SURFACE_WITH_KNOTS('',3,1,((#7776,#7777),(#7778,#7779),(#7780,
#7781),(#7782,#7783),(#7784,#7785)),.UNSPECIFIED.,.F.,.F.,.F.,(4,1,4),(2,
2),(0.,0.0276388030546007,0.062673576084524),(0.,0.02),.UNSPECIFIED.);
#266=B_SPLINE_SURFACE_WITH_KNOTS('',3,1,((#7799,#7800),(#7801,#7802),(#7803,
#7804),(#7805,#7806),(#7807,#7808)),.UNSPECIFIED.,.F.,.F.,.F.,(4,1,4),(2,
2),(0.,0.0378357202727554,0.0664976361046518),(0.,0.02),.UNSPECIFIED.);
#267=B_SPLINE_SURFACE_WITH_KNOTS('',3,1,((#7822,#7823),(#7824,#7825),(#7826,
#7827),(#7828,#7829),(#7830,#7831)),.UNSPECIFIED.,.F.,.F.,.F.,(4,1,4),(2,
2),(0.,0.0331484994708226,0.0741515490758635),(0.,0.02),.UNSPECIFIED.);
#268=B_SPLINE_SURFACE_WITH_KNOTS('',3,1,((#7845,#7846),(#7847,#7848),(#7849,
#7850),(#7851,#7852),(#7853,#7854)),.UNSPECIFIED.,.F.,.F.,.F.,(4,1,4),(2,
2),(0.,0.0322690740170834,0.0568981255642524),(0.,0.02),.UNSPECIFIED.);
#269=B_SPLINE_SURFACE_WITH_KNOTS('',3,1,((#7868,#7869),(#7870,#7871),(#7872,
#7873),(#7874,#7875),(#7876,#7877)),.UNSPECIFIED.,.F.,.F.,.F.,(4,1,4),(2,
2),(0.,0.0103203448144706,0.0160338193833609),(0.,0.02),.UNSPECIFIED.);
#270=B_SPLINE_SURFACE_WITH_KNOTS('',3,1,((#7891,#7892),(#7893,#7894),(#7895,
#7896),(#7897,#7898),(#7899,#7900)),.UNSPECIFIED.,.F.,.F.,.F.,(4,1,4),(2,
2),(0.,0.0652741571754609,0.111639236715244),(0.,0.02),.UNSPECIFIED.);
#271=B_SPLINE_SURFACE_WITH_KNOTS('',3,1,((#7914,#7915),(#7916,#7917),(#7918,
#7919),(#7920,#7921),(#7922,#7923)),.UNSPECIFIED.,.F.,.F.,.F.,(4,1,4),(2,
2),(0.,0.0231605162708139,0.0553685681476347),(0.,0.02),.UNSPECIFIED.);
#272=B_SPLINE_SURFACE_WITH_KNOTS('',3,1,((#7937,#7938),(#7939,#7940),(#7941,
#7942),(#7943,#7944),(#7945,#7946)),.UNSPECIFIED.,.F.,.F.,.F.,(4,1,4),(2,
2),(0.,0.0238973150703803,0.0486982761977488),(0.,0.02),.UNSPECIFIED.);
#273=B_SPLINE_SURFACE_WITH_KNOTS('',3,1,((#7960,#7961),(#7962,#7963),(#7964,
#7965),(#7966,#7967),(#7968,#7969)),.UNSPECIFIED.,.F.,.F.,.F.,(4,1,4),(2,
2),(0.,0.0242600674564266,0.0477980723812368),(0.,0.02),.UNSPECIFIED.);
#274=B_SPLINE_SURFACE_WITH_KNOTS('',3,1,((#7983,#7984),(#7985,#7986),(#7987,
#7988),(#7989,#7990),(#7991,#7992)),.UNSPECIFIED.,.F.,.F.,.F.,(4,1,4),(2,
2),(0.,0.0256312629753117,0.0504983151354503),(0.,0.02),.UNSPECIFIED.);
#275=B_SPLINE_SURFACE_WITH_KNOTS('',3,1,((#8006,#8007),(#8008,#8009),(#8010,
#8011),(#8012,#8013),(#8014,#8015)),.UNSPECIFIED.,.F.,.F.,.F.,(4,1,4),(2,
2),(0.,0.0410017714812198,0.0830834692406744),(0.,0.02),.UNSPECIFIED.);
#276=B_SPLINE_SURFACE_WITH_KNOTS('',3,1,((#8029,#8030),(#8031,#8032),(#8033,
#8034),(#8035,#8036),(#8037,#8038)),.UNSPECIFIED.,.F.,.F.,.F.,(4,1,4),(2,
2),(0.,0.0532807817375978,0.0979654827814107),(0.,0.02),.UNSPECIFIED.);
#277=B_SPLINE_SURFACE_WITH_KNOTS('',3,1,((#8052,#8053),(#8054,#8055),(#8056,
#8057),(#8058,#8059),(#8060,#8061)),.UNSPECIFIED.,.F.,.F.,.F.,(4,1,4),(2,
2),(0.,0.0339029619160998,0.0690317079143404),(0.,0.02),.UNSPECIFIED.);
#278=B_SPLINE_SURFACE_WITH_KNOTS('',3,1,((#8075,#8076),(#8077,#8078),(#8079,
#8080),(#8081,#8082),(#8083,#8084)),.UNSPECIFIED.,.F.,.F.,.F.,(4,1,4),(2,
2),(0.,0.0416109177063043,0.0776459142068705),(0.,0.02),.UNSPECIFIED.);
#279=B_SPLINE_SURFACE_WITH_KNOTS('',3,1,((#8098,#8099),(#8100,#8101),(#8102,
#8103),(#8104,#8105),(#8106,#8107)),.UNSPECIFIED.,.F.,.F.,.F.,(4,1,4),(2,
2),(0.,0.022154890081489,0.0465214472581599),(0.,0.02),.UNSPECIFIED.);
#280=B_SPLINE_SURFACE_WITH_KNOTS('',3,1,((#8153,#8154),(#8155,#8156),(#8157,
#8158),(#8159,#8160),(#8161,#8162)),.UNSPECIFIED.,.F.,.F.,.F.,(4,1,4),(2,
2),(0.,0.0391518788340256,0.107528546201184),(0.,0.02),.UNSPECIFIED.);
#281=B_SPLINE_SURFACE_WITH_KNOTS('',3,1,((#8176,#8177),(#8178,#8179),(#8180,
#8181),(#8182,#8183),(#8184,#8185)),.UNSPECIFIED.,.F.,.F.,.F.,(4,1,4),(2,
2),(0.,0.0251249134622423,0.049783933675559),(0.,0.02),.UNSPECIFIED.);
#282=B_SPLINE_SURFACE_WITH_KNOTS('',3,1,((#8199,#8200),(#8201,#8202),(#8203,
#8204),(#8205,#8206),(#8207,#8208)),.UNSPECIFIED.,.F.,.F.,.F.,(4,1,4),(2,
2),(0.,0.0261066114885494,0.051655800016242),(0.,0.02),.UNSPECIFIED.);
#283=B_SPLINE_SURFACE_WITH_KNOTS('',3,1,((#8222,#8223),(#8224,#8225),(#8226,
#8227),(#8228,#8229),(#8230,#8231)),.UNSPECIFIED.,.F.,.F.,.F.,(4,1,4),(2,
2),(0.,0.0239850831195084,0.0486749063026317),(0.,0.02),.UNSPECIFIED.);
#284=B_SPLINE_SURFACE_WITH_KNOTS('',3,1,((#8245,#8246),(#8247,#8248),(#8249,
#8250),(#8251,#8252),(#8253,#8254)),.UNSPECIFIED.,.F.,.F.,.F.,(4,1,4),(2,
2),(0.,0.0250008790456958,0.0491184474728541),(0.,0.02),.UNSPECIFIED.);
#285=B_SPLINE_SURFACE_WITH_KNOTS('',3,1,((#8268,#8269),(#8270,#8271),(#8272,
#8273),(#8274,#8275),(#8276,#8277)),.UNSPECIFIED.,.F.,.F.,.F.,(4,1,4),(2,
2),(0.,0.0688879870665516,0.108880439412945),(0.,0.02),.UNSPECIFIED.);
#286=B_SPLINE_SURFACE_WITH_KNOTS('',3,1,((#8321,#8322),(#8323,#8324),(#8325,
#8326),(#8327,#8328),(#8329,#8330)),.UNSPECIFIED.,.F.,.F.,.F.,(4,1,4),(2,
2),(0.,0.0214024665583071,0.0497196083747583),(0.,0.02),.UNSPECIFIED.);
#287=B_SPLINE_SURFACE_WITH_KNOTS('',3,1,((#8344,#8345),(#8346,#8347),(#8348,
#8349),(#8350,#8351),(#8352,#8353)),.UNSPECIFIED.,.F.,.F.,.F.,(4,1,4),(2,
2),(0.,0.0268362018291294,0.0517575315615392),(0.,0.02),.UNSPECIFIED.);
#288=B_SPLINE_SURFACE_WITH_KNOTS('',3,1,((#8367,#8368),(#8369,#8370),(#8371,
#8372),(#8373,#8374),(#8375,#8376)),.UNSPECIFIED.,.F.,.F.,.F.,(4,1,4),(2,
2),(0.,0.0278831168974708,0.057845620303678),(0.,0.02),.UNSPECIFIED.);
#289=B_SPLINE_SURFACE_WITH_KNOTS('',3,1,((#8390,#8391),(#8392,#8393),(#8394,
#8395),(#8396,#8397),(#8398,#8399)),.UNSPECIFIED.,.F.,.F.,.F.,(4,1,4),(2,
2),(0.,0.0290091185852487,0.0517169730991256),(0.,0.02),.UNSPECIFIED.);
#290=B_SPLINE_SURFACE_WITH_KNOTS('',3,1,((#8435,#8436),(#8437,#8438),(#8439,
#8440),(#8441,#8442),(#8443,#8444)),.UNSPECIFIED.,.F.,.F.,.F.,(4,1,4),(2,
2),(0.,0.0395620864664639,0.0781214902251883),(0.,0.02),.UNSPECIFIED.);
#291=B_SPLINE_SURFACE_WITH_KNOTS('',3,1,((#8461,#8462),(#8463,#8464),(#8465,
#8466),(#8467,#8468),(#8469,#8470)),.UNSPECIFIED.,.F.,.F.,.F.,(4,1,4),(2,
2),(0.,0.0429192976271222,0.0862143757762139),(0.,0.02),.UNSPECIFIED.);
#292=B_SPLINE_SURFACE_WITH_KNOTS('',3,1,((#8484,#8485),(#8486,#8487),(#8488,
#8489),(#8490,#8491),(#8492,#8493)),.UNSPECIFIED.,.F.,.F.,.F.,(4,1,4),(2,
2),(0.,0.0407519017318516,0.0731782371297801),(0.,0.02),.UNSPECIFIED.);
#293=B_SPLINE_SURFACE_WITH_KNOTS('',3,1,((#8513,#8514),(#8515,#8516),(#8517,
#8518),(#8519,#8520),(#8521,#8522)),.UNSPECIFIED.,.F.,.F.,.F.,(4,1,4),(2,
2),(0.,0.0399433222694182,0.0836235078278691),(0.,0.02),.UNSPECIFIED.);
#294=B_SPLINE_SURFACE_WITH_KNOTS('',3,1,((#8533,#8534),(#8535,#8536),(#8537,
#8538),(#8539,#8540),(#8541,#8542)),.UNSPECIFIED.,.F.,.F.,.F.,(4,1,4),(2,
2),(0.,0.0316051900384648,0.0611196762445401),(0.,0.02),.UNSPECIFIED.);
#295=B_SPLINE_SURFACE_WITH_KNOTS('',3,1,((#8559,#8560),(#8561,#8562),(#8563,
#8564),(#8565,#8566),(#8567,#8568)),.UNSPECIFIED.,.F.,.F.,.F.,(4,1,4),(2,
2),(0.,0.0415833436442845,0.0839420310317242),(0.,0.02),.UNSPECIFIED.);
#296=B_SPLINE_SURFACE_WITH_KNOTS('',3,1,((#8582,#8583),(#8584,#8585),(#8586,
#8587),(#8588,#8589),(#8590,#8591)),.UNSPECIFIED.,.F.,.F.,.F.,(4,1,4),(2,
2),(0.,0.0536624520207939,0.0990096293807791),(0.,0.02),.UNSPECIFIED.);
#297=B_SPLINE_SURFACE_WITH_KNOTS('',3,1,((#8611,#8612),(#8613,#8614),(#8615,
#8616),(#8617,#8618),(#8619,#8620)),.UNSPECIFIED.,.F.,.F.,.F.,(4,1,4),(2,
2),(0.,0.00682180763003559,0.0163750293364987),(0.,0.02),.UNSPECIFIED.);
#298=B_SPLINE_SURFACE_WITH_KNOTS('',3,1,((#8634,#8635),(#8636,#8637),(#8638,
#8639),(#8640,#8641),(#8642,#8643)),.UNSPECIFIED.,.F.,.F.,.F.,(4,1,4),(2,
2),(0.,0.0688086178779727,0.149274660084406),(0.,0.02),.UNSPECIFIED.);
#299=B_SPLINE_SURFACE_WITH_KNOTS('',3,1,((#8657,#8658),(#8659,#8660),(#8661,
#8662),(#8663,#8664),(#8665,#8666)),.UNSPECIFIED.,.F.,.F.,.F.,(4,1,4),(2,
2),(0.,0.0671440183869324,0.131583309750092),(0.,0.02),.UNSPECIFIED.);
#300=B_SPLINE_SURFACE_WITH_KNOTS('',3,1,((#8680,#8681),(#8682,#8683),(#8684,
#8685),(#8686,#8687),(#8688,#8689)),.UNSPECIFIED.,.F.,.F.,.F.,(4,1,4),(2,
2),(0.,0.0659967798190833,0.135199395842205),(0.,0.02),.UNSPECIFIED.);
#301=B_SPLINE_SURFACE_WITH_KNOTS('',3,1,((#8703,#8704),(#8705,#8706),(#8707,
#8708),(#8709,#8710),(#8711,#8712)),.UNSPECIFIED.,.F.,.F.,.F.,(4,1,4),(2,
2),(0.,0.0820216761900817,0.15224797376091),(0.,0.02),.UNSPECIFIED.);
#302=B_SPLINE_SURFACE_WITH_KNOTS('',3,1,((#8726,#8727),(#8728,#8729),(#8730,
#8731),(#8732,#8733),(#8734,#8735)),.UNSPECIFIED.,.F.,.F.,.F.,(4,1,4),(2,
2),(0.,0.0683778486276434,0.147723476433518),(0.,0.02),.UNSPECIFIED.);
#303=B_SPLINE_SURFACE_WITH_KNOTS('',3,1,((#8749,#8750),(#8751,#8752),(#8753,
#8754),(#8755,#8756),(#8757,#8758)),.UNSPECIFIED.,.F.,.F.,.F.,(4,1,4),(2,
2),(0.,0.0722828928777863,0.138227039199966),(0.,0.02),.UNSPECIFIED.);
#304=B_SPLINE_SURFACE_WITH_KNOTS('',3,1,((#8772,#8773),(#8774,#8775),(#8776,
#8777),(#8778,#8779),(#8780,#8781)),.UNSPECIFIED.,.F.,.F.,.F.,(4,1,4),(2,
2),(0.,0.0516309435769739,0.109610348161357),(0.,0.02),.UNSPECIFIED.);
#305=B_SPLINE_SURFACE_WITH_KNOTS('',3,1,((#8795,#8796),(#8797,#8798),(#8799,
#8800),(#8801,#8802),(#8803,#8804)),.UNSPECIFIED.,.F.,.F.,.F.,(4,1,4),(2,
2),(0.,0.0538083384536849,0.104129036183502),(0.,0.02),.UNSPECIFIED.);
#306=B_SPLINE_SURFACE_WITH_KNOTS('',3,1,((#8824,#8825),(#8826,#8827),(#8828,
#8829),(#8830,#8831),(#8832,#8833)),.UNSPECIFIED.,.F.,.F.,.F.,(4,1,4),(2,
2),(0.,0.0314331061660587,0.0688419982152448),(0.,0.02),.UNSPECIFIED.);
#307=SHAPE_REPRESENTATION_RELATIONSHIP('SRR','None',#9403,#309);
#308=SHAPE_REPRESENTATION_RELATIONSHIP('SRR','None',#9404,#310);
#309=ADVANCED_BREP_SHAPE_REPRESENTATION('',(#314),#9387);
#310=ADVANCED_BREP_SHAPE_REPRESENTATION('',(#315),#9388);
#311=STYLED_ITEM('',(#9422),#314);
#312=STYLED_ITEM('',(#9422),#315);
#313=STYLED_ITEM('',(#9423),#12);
#314=MANIFOLD_SOLID_BREP('Bry\X2\0142\X0\a1',#4989);
#315=MANIFOLD_SOLID_BREP('Bry\X2\0142\X0\a1',#4990);
#316=FACE_BOUND('',#741,.T.);
#317=FACE_BOUND('',#742,.T.);
#318=FACE_BOUND('',#743,.T.);
#319=FACE_BOUND('',#744,.T.);
#320=FACE_BOUND('',#764,.T.);
#321=FACE_BOUND('',#765,.T.);
#322=FACE_BOUND('',#766,.T.);
#323=FACE_BOUND('',#767,.T.);
#324=FACE_BOUND('',#770,.T.);
#325=FACE_BOUND('',#773,.T.);
#326=FACE_BOUND('',#776,.T.);
#327=FACE_BOUND('',#779,.T.);
#328=FACE_BOUND('',#808,.T.);
#329=FACE_BOUND('',#833,.T.);
#330=FACE_BOUND('',#872,.T.);
#331=FACE_BOUND('',#920,.T.);
#332=FACE_BOUND('',#922,.T.);
#333=FACE_BOUND('',#923,.T.);
#334=FACE_BOUND('',#924,.T.);
#335=FACE_BOUND('',#925,.T.);
#336=FACE_BOUND('',#926,.T.);
#337=FACE_BOUND('',#927,.T.);
#338=FACE_BOUND('',#928,.T.);
#339=FACE_BOUND('',#929,.T.);
#340=FACE_BOUND('',#930,.T.);
#341=FACE_BOUND('',#931,.T.);
#342=FACE_BOUND('',#932,.T.);
#343=FACE_BOUND('',#933,.T.);
#344=FACE_BOUND('',#934,.T.);
#345=FACE_BOUND('',#935,.T.);
#346=FACE_BOUND('',#936,.T.);
#347=FACE_BOUND('',#937,.T.);
#348=FACE_BOUND('',#938,.T.);
#349=FACE_BOUND('',#939,.T.);
#350=FACE_BOUND('',#940,.T.);
#351=FACE_BOUND('',#941,.T.);
#352=FACE_BOUND('',#942,.T.);
#353=FACE_BOUND('',#1036,.T.);
#354=FACE_BOUND('',#1037,.T.);
#355=FACE_BOUND('',#1038,.T.);
#356=FACE_BOUND('',#1039,.T.);
#357=FACE_BOUND('',#1040,.T.);
#358=FACE_BOUND('',#1041,.T.);
#359=FACE_BOUND('',#1042,.T.);
#360=FACE_BOUND('',#1043,.T.);
#361=FACE_BOUND('',#1044,.T.);
#362=FACE_BOUND('',#1045,.T.);
#363=FACE_BOUND('',#1046,.T.);
#364=FACE_BOUND('',#1047,.T.);
#365=FACE_BOUND('',#1048,.T.);
#366=FACE_BOUND('',#1049,.T.);
#367=PLANE('',#5019);
#368=PLANE('',#5020);
#369=PLANE('',#5030);
#370=PLANE('',#5033);
#371=PLANE('',#5036);
#372=PLANE('',#5037);
#373=PLANE('',#5038);
#374=PLANE('',#5039);
#375=PLANE('',#5040);
#376=PLANE('',#5041);
#377=PLANE('',#5042);
#378=PLANE('',#5055);
#379=PLANE('',#5056);
#380=PLANE('',#5057);
#381=PLANE('',#5060);
#382=PLANE('',#5063);
#383=PLANE('',#5066);
#384=PLANE('',#5069);
#385=PLANE('',#5071);
#386=PLANE('',#5072);
#387=PLANE('',#5073);
#388=PLANE('',#5074);
#389=PLANE('',#5075);
#390=PLANE('',#5076);
#391=PLANE('',#5077);
#392=PLANE('',#5078);
#393=PLANE('',#5079);
#394=PLANE('',#5080);
#395=PLANE('',#5081);
#396=PLANE('',#5082);
#397=PLANE('',#5083);
#398=PLANE('',#5084);
#399=PLANE('',#5085);
#400=PLANE('',#5086);
#401=PLANE('',#5087);
#402=PLANE('',#5088);
#403=PLANE('',#5089);
#404=PLANE('',#5090);
#405=PLANE('',#5091);
#406=PLANE('',#5092);
#407=PLANE('',#5093);
#408=PLANE('',#5094);
#409=PLANE('',#5095);
#410=PLANE('',#5096);
#411=PLANE('',#5097);
#412=PLANE('',#5098);
#413=PLANE('',#5099);
#414=PLANE('',#5100);
#415=PLANE('',#5101);
#416=PLANE('',#5102);
#417=PLANE('',#5103);
#418=PLANE('',#5104);
#419=PLANE('',#5105);
#420=PLANE('',#5106);
#421=PLANE('',#5107);
#422=PLANE('',#5108);
#423=PLANE('',#5109);
#424=PLANE('',#5110);
#425=PLANE('',#5111);
#426=PLANE('',#5112);
#427=PLANE('',#5113);
#428=PLANE('',#5158);
#429=PLANE('',#5159);
#430=PLANE('',#5160);
#431=PLANE('',#5163);
#432=PLANE('',#5164);
#433=PLANE('',#5167);
#434=PLANE('',#5170);
#435=PLANE('',#5173);
#436=PLANE('',#5176);
#437=PLANE('',#5179);
#438=PLANE('',#5182);
#439=PLANE('',#5185);
#440=PLANE('',#5188);
#441=PLANE('',#5191);
#442=PLANE('',#5194);
#443=PLANE('',#5197);
#444=PLANE('',#5200);
#445=PLANE('',#5203);
#446=PLANE('',#5206);
#447=PLANE('',#5209);
#448=PLANE('',#5212);
#449=PLANE('',#5215);
#450=PLANE('',#5218);
#451=PLANE('',#5221);
#452=PLANE('',#5224);
#453=PLANE('',#5227);
#454=PLANE('',#5230);
#455=PLANE('',#5233);
#456=PLANE('',#5236);
#457=PLANE('',#5239);
#458=PLANE('',#5242);
#459=PLANE('',#5245);
#460=PLANE('',#5248);
#461=PLANE('',#5251);
#462=PLANE('',#5254);
#463=PLANE('',#5257);
#464=PLANE('',#5260);
#465=PLANE('',#5263);
#466=PLANE('',#5266);
#467=PLANE('',#5269);
#468=PLANE('',#5272);
#469=PLANE('',#5275);
#470=PLANE('',#5278);
#471=PLANE('',#5285);
#472=PLANE('',#5286);
#473=PLANE('',#5287);
#474=PLANE('',#5288);
#475=PLANE('',#5293);
#476=PLANE('',#5294);
#477=FACE_OUTER_BOUND('',#738,.T.);
#478=FACE_OUTER_BOUND('',#739,.T.);
#479=FACE_OUTER_BOUND('',#740,.T.);
#480=FACE_OUTER_BOUND('',#745,.T.);
#481=FACE_OUTER_BOUND('',#746,.T.);
#482=FACE_OUTER_BOUND('',#747,.T.);
#483=FACE_OUTER_BOUND('',#748,.T.);
#484=FACE_OUTER_BOUND('',#749,.T.);
#485=FACE_OUTER_BOUND('',#750,.T.);
#486=FACE_OUTER_BOUND('',#751,.T.);
#487=FACE_OUTER_BOUND('',#752,.T.);
#488=FACE_OUTER_BOUND('',#753,.T.);
#489=FACE_OUTER_BOUND('',#754,.T.);
#490=FACE_OUTER_BOUND('',#755,.T.);
#491=FACE_OUTER_BOUND('',#756,.T.);
#492=FACE_OUTER_BOUND('',#757,.T.);
#493=FACE_OUTER_BOUND('',#758,.T.);
#494=FACE_OUTER_BOUND('',#759,.T.);
#495=FACE_OUTER_BOUND('',#760,.T.);
#496=FACE_OUTER_BOUND('',#761,.T.);
#497=FACE_OUTER_BOUND('',#762,.T.);
#498=FACE_OUTER_BOUND('',#763,.T.);
#499=FACE_OUTER_BOUND('',#768,.T.);
#500=FACE_OUTER_BOUND('',#769,.T.);
#501=FACE_OUTER_BOUND('',#771,.T.);
#502=FACE_OUTER_BOUND('',#772,.T.);
#503=FACE_OUTER_BOUND('',#774,.T.);
#504=FACE_OUTER_BOUND('',#775,.T.);
#505=FACE_OUTER_BOUND('',#777,.T.);
#506=FACE_OUTER_BOUND('',#778,.T.);
#507=FACE_OUTER_BOUND('',#780,.T.);
#508=FACE_OUTER_BOUND('',#781,.T.);
#509=FACE_OUTER_BOUND('',#782,.T.);
#510=FACE_OUTER_BOUND('',#783,.T.);
#511=FACE_OUTER_BOUND('',#784,.T.);
#512=FACE_OUTER_BOUND('',#785,.T.);
#513=FACE_OUTER_BOUND('',#786,.T.);
#514=FACE_OUTER_BOUND('',#787,.T.);
#515=FACE_OUTER_BOUND('',#788,.T.);
#516=FACE_OUTER_BOUND('',#789,.T.);
#517=FACE_OUTER_BOUND('',#790,.T.);
#518=FACE_OUTER_BOUND('',#791,.T.);
#519=FACE_OUTER_BOUND('',#792,.T.);
#520=FACE_OUTER_BOUND('',#793,.T.);
#521=FACE_OUTER_BOUND('',#794,.T.);
#522=FACE_OUTER_BOUND('',#795,.T.);
#523=FACE_OUTER_BOUND('',#796,.T.);
#524=FACE_OUTER_BOUND('',#797,.T.);
#525=FACE_OUTER_BOUND('',#798,.T.);
#526=FACE_OUTER_BOUND('',#799,.T.);
#527=FACE_OUTER_BOUND('',#800,.T.);
#528=FACE_OUTER_BOUND('',#801,.T.);
#529=FACE_OUTER_BOUND('',#802,.T.);
#530=FACE_OUTER_BOUND('',#803,.T.);
#531=FACE_OUTER_BOUND('',#804,.T.);
#532=FACE_OUTER_BOUND('',#805,.T.);
#533=FACE_OUTER_BOUND('',#806,.T.);
#534=FACE_OUTER_BOUND('',#807,.T.);
#535=FACE_OUTER_BOUND('',#809,.T.);
#536=FACE_OUTER_BOUND('',#810,.T.);
#537=FACE_OUTER_BOUND('',#811,.T.);
#538=FACE_OUTER_BOUND('',#812,.T.);
#539=FACE_OUTER_BOUND('',#813,.T.);
#540=FACE_OUTER_BOUND('',#814,.T.);
#541=FACE_OUTER_BOUND('',#815,.T.);
#542=FACE_OUTER_BOUND('',#816,.T.);
#543=FACE_OUTER_BOUND('',#817,.T.);
#544=FACE_OUTER_BOUND('',#818,.T.);
#545=FACE_OUTER_BOUND('',#819,.T.);
#546=FACE_OUTER_BOUND('',#820,.T.);
#547=FACE_OUTER_BOUND('',#821,.T.);
#548=FACE_OUTER_BOUND('',#822,.T.);
#549=FACE_OUTER_BOUND('',#823,.T.);
#550=FACE_OUTER_BOUND('',#824,.T.);
#551=FACE_OUTER_BOUND('',#825,.T.);
#552=FACE_OUTER_BOUND('',#826,.T.);
#553=FACE_OUTER_BOUND('',#827,.T.);
#554=FACE_OUTER_BOUND('',#828,.T.);
#555=FACE_OUTER_BOUND('',#829,.T.);
#556=FACE_OUTER_BOUND('',#830,.T.);
#557=FACE_OUTER_BOUND('',#831,.T.);
#558=FACE_OUTER_BOUND('',#832,.T.);
#559=FACE_OUTER_BOUND('',#834,.T.);
#560=FACE_OUTER_BOUND('',#835,.T.);
#561=FACE_OUTER_BOUND('',#836,.T.);
#562=FACE_OUTER_BOUND('',#837,.T.);
#563=FACE_OUTER_BOUND('',#838,.T.);
#564=FACE_OUTER_BOUND('',#839,.T.);
#565=FACE_OUTER_BOUND('',#840,.T.);
#566=FACE_OUTER_BOUND('',#841,.T.);
#567=FACE_OUTER_BOUND('',#842,.T.);
#568=FACE_OUTER_BOUND('',#843,.T.);
#569=FACE_OUTER_BOUND('',#844,.T.);
#570=FACE_OUTER_BOUND('',#845,.T.);
#571=FACE_OUTER_BOUND('',#846,.T.);
#572=FACE_OUTER_BOUND('',#847,.T.);
#573=FACE_OUTER_BOUND('',#848,.T.);
#574=FACE_OUTER_BOUND('',#849,.T.);
#575=FACE_OUTER_BOUND('',#850,.T.);
#576=FACE_OUTER_BOUND('',#851,.T.);
#577=FACE_OUTER_BOUND('',#852,.T.);
#578=FACE_OUTER_BOUND('',#853,.T.);
#579=FACE_OUTER_BOUND('',#854,.T.);
#580=FACE_OUTER_BOUND('',#855,.T.);
#581=FACE_OUTER_BOUND('',#856,.T.);
#582=FACE_OUTER_BOUND('',#857,.T.);
#583=FACE_OUTER_BOUND('',#858,.T.);
#584=FACE_OUTER_BOUND('',#859,.T.);
#585=FACE_OUTER_BOUND('',#860,.T.);
#586=FACE_OUTER_BOUND('',#861,.T.);
#587=FACE_OUTER_BOUND('',#862,.T.);
#588=FACE_OUTER_BOUND('',#863,.T.);
#589=FACE_OUTER_BOUND('',#864,.T.);
#590=FACE_OUTER_BOUND('',#865,.T.);
#591=FACE_OUTER_BOUND('',#866,.T.);
#592=FACE_OUTER_BOUND('',#867,.T.);
#593=FACE_OUTER_BOUND('',#868,.T.);
#594=FACE_OUTER_BOUND('',#869,.T.);
#595=FACE_OUTER_BOUND('',#870,.T.);
#596=FACE_OUTER_BOUND('',#871,.T.);
#597=FACE_OUTER_BOUND('',#873,.T.);
#598=FACE_OUTER_BOUND('',#874,.T.);
#599=FACE_OUTER_BOUND('',#875,.T.);
#600=FACE_OUTER_BOUND('',#876,.T.);
#601=FACE_OUTER_BOUND('',#877,.T.);
#602=FACE_OUTER_BOUND('',#878,.T.);
#603=FACE_OUTER_BOUND('',#879,.T.);
#604=FACE_OUTER_BOUND('',#880,.T.);
#605=FACE_OUTER_BOUND('',#881,.T.);
#606=FACE_OUTER_BOUND('',#882,.T.);
#607=FACE_OUTER_BOUND('',#883,.T.);
#608=FACE_OUTER_BOUND('',#884,.T.);
#609=FACE_OUTER_BOUND('',#885,.T.);
#610=FACE_OUTER_BOUND('',#886,.T.);
#611=FACE_OUTER_BOUND('',#887,.T.);
#612=FACE_OUTER_BOUND('',#888,.T.);
#613=FACE_OUTER_BOUND('',#889,.T.);
#614=FACE_OUTER_BOUND('',#890,.T.);
#615=FACE_OUTER_BOUND('',#891,.T.);
#616=FACE_OUTER_BOUND('',#892,.T.);
#617=FACE_OUTER_BOUND('',#893,.T.);
#618=FACE_OUTER_BOUND('',#894,.T.);
#619=FACE_OUTER_BOUND('',#895,.T.);
#620=FACE_OUTER_BOUND('',#896,.T.);
#621=FACE_OUTER_BOUND('',#897,.T.);
#622=FACE_OUTER_BOUND('',#898,.T.);
#623=FACE_OUTER_BOUND('',#899,.T.);
#624=FACE_OUTER_BOUND('',#900,.T.);
#625=FACE_OUTER_BOUND('',#901,.T.);
#626=FACE_OUTER_BOUND('',#902,.T.);
#627=FACE_OUTER_BOUND('',#903,.T.);
#628=FACE_OUTER_BOUND('',#904,.T.);
#629=FACE_OUTER_BOUND('',#905,.T.);
#630=FACE_OUTER_BOUND('',#906,.T.);
#631=FACE_OUTER_BOUND('',#907,.T.);
#632=FACE_OUTER_BOUND('',#908,.T.);
#633=FACE_OUTER_BOUND('',#909,.T.);
#634=FACE_OUTER_BOUND('',#910,.T.);
#635=FACE_OUTER_BOUND('',#911,.T.);
#636=FACE_OUTER_BOUND('',#912,.T.);
#637=FACE_OUTER_BOUND('',#913,.T.);
#638=FACE_OUTER_BOUND('',#914,.T.);
#639=FACE_OUTER_BOUND('',#915,.T.);
#640=FACE_OUTER_BOUND('',#916,.T.);
#641=FACE_OUTER_BOUND('',#917,.T.);
#642=FACE_OUTER_BOUND('',#918,.T.);
#643=FACE_OUTER_BOUND('',#919,.T.);
#644=FACE_OUTER_BOUND('',#921,.T.);
#645=FACE_OUTER_BOUND('',#943,.T.);
#646=FACE_OUTER_BOUND('',#944,.T.);
#647=FACE_OUTER_BOUND('',#945,.T.);
#648=FACE_OUTER_BOUND('',#946,.T.);
#649=FACE_OUTER_BOUND('',#947,.T.);
#650=FACE_OUTER_BOUND('',#948,.T.);
#651=FACE_OUTER_BOUND('',#949,.T.);
#652=FACE_OUTER_BOUND('',#950,.T.);
#653=FACE_OUTER_BOUND('',#951,.T.);
#654=FACE_OUTER_BOUND('',#952,.T.);
#655=FACE_OUTER_BOUND('',#953,.T.);
#656=FACE_OUTER_BOUND('',#954,.T.);
#657=FACE_OUTER_BOUND('',#955,.T.);
#658=FACE_OUTER_BOUND('',#956,.T.);
#659=FACE_OUTER_BOUND('',#957,.T.);
#660=FACE_OUTER_BOUND('',#958,.T.);
#661=FACE_OUTER_BOUND('',#959,.T.);
#662=FACE_OUTER_BOUND('',#960,.T.);
#663=FACE_OUTER_BOUND('',#961,.T.);
#664=FACE_OUTER_BOUND('',#962,.T.);
#665=FACE_OUTER_BOUND('',#963,.T.);
#666=FACE_OUTER_BOUND('',#964,.T.);
#667=FACE_OUTER_BOUND('',#965,.T.);
#668=FACE_OUTER_BOUND('',#966,.T.);
#669=FACE_OUTER_BOUND('',#967,.T.);
#670=FACE_OUTER_BOUND('',#968,.T.);
#671=FACE_OUTER_BOUND('',#969,.T.);
#672=FACE_OUTER_BOUND('',#970,.T.);
#673=FACE_OUTER_BOUND('',#971,.T.);
#674=FACE_OUTER_BOUND('',#972,.T.);
#675=FACE_OUTER_BOUND('',#973,.T.);
#676=FACE_OUTER_BOUND('',#974,.T.);
#677=FACE_OUTER_BOUND('',#975,.T.);
#678=FACE_OUTER_BOUND('',#976,.T.);
#679=FACE_OUTER_BOUND('',#977,.T.);
#680=FACE_OUTER_BOUND('',#978,.T.);
#681=FACE_OUTER_BOUND('',#979,.T.);
#682=FACE_OUTER_BOUND('',#980,.T.);
#683=FACE_OUTER_BOUND('',#981,.T.);
#684=FACE_OUTER_BOUND('',#982,.T.);
#685=FACE_OUTER_BOUND('',#983,.T.);
#686=FACE_OUTER_BOUND('',#984,.T.);
#687=FACE_OUTER_BOUND('',#985,.T.);
#688=FACE_OUTER_BOUND('',#986,.T.);
#689=FACE_OUTER_BOUND('',#987,.T.);
#690=FACE_OUTER_BOUND('',#988,.T.);
#691=FACE_OUTER_BOUND('',#989,.T.);
#692=FACE_OUTER_BOUND('',#990,.T.);
#693=FACE_OUTER_BOUND('',#991,.T.);
#694=FACE_OUTER_BOUND('',#992,.T.);
#695=FACE_OUTER_BOUND('',#993,.T.);
#696=FACE_OUTER_BOUND('',#994,.T.);
#697=FACE_OUTER_BOUND('',#995,.T.);
#698=FACE_OUTER_BOUND('',#996,.T.);
#699=FACE_OUTER_BOUND('',#997,.T.);
#700=FACE_OUTER_BOUND('',#998,.T.);
#701=FACE_OUTER_BOUND('',#999,.T.);
#702=FACE_OUTER_BOUND('',#1000,.T.);
#703=FACE_OUTER_BOUND('',#1001,.T.);
#704=FACE_OUTER_BOUND('',#1002,.T.);
#705=FACE_OUTER_BOUND('',#1003,.T.);
#706=FACE_OUTER_BOUND('',#1004,.T.);
#707=FACE_OUTER_BOUND('',#1005,.T.);
#708=FACE_OUTER_BOUND('',#1006,.T.);
#709=FACE_OUTER_BOUND('',#1007,.T.);
#710=FACE_OUTER_BOUND('',#1008,.T.);
#711=FACE_OUTER_BOUND('',#1009,.T.);
#712=FACE_OUTER_BOUND('',#1010,.T.);
#713=FACE_OUTER_BOUND('',#1011,.T.);
#714=FACE_OUTER_BOUND('',#1012,.T.);
#715=FACE_OUTER_BOUND('',#1013,.T.);
#716=FACE_OUTER_BOUND('',#1014,.T.);
#717=FACE_OUTER_BOUND('',#1015,.T.);
#718=FACE_OUTER_BOUND('',#1016,.T.);
#719=FACE_OUTER_BOUND('',#1017,.T.);
#720=FACE_OUTER_BOUND('',#1018,.T.);
#721=FACE_OUTER_BOUND('',#1019,.T.);
#722=FACE_OUTER_BOUND('',#1020,.T.);
#723=FACE_OUTER_BOUND('',#1021,.T.);
#724=FACE_OUTER_BOUND('',#1022,.T.);
#725=FACE_OUTER_BOUND('',#1023,.T.);
#726=FACE_OUTER_BOUND('',#1024,.T.);
#727=FACE_OUTER_BOUND('',#1025,.T.);
#728=FACE_OUTER_BOUND('',#1026,.T.);
#729=FACE_OUTER_BOUND('',#1027,.T.);
#730=FACE_OUTER_BOUND('',#1028,.T.);
#731=FACE_OUTER_BOUND('',#1029,.T.);
#732=FACE_OUTER_BOUND('',#1030,.T.);
#733=FACE_OUTER_BOUND('',#1031,.T.);
#734=FACE_OUTER_BOUND('',#1032,.T.);
#735=FACE_OUTER_BOUND('',#1033,.T.);
#736=FACE_OUTER_BOUND('',#1034,.T.);
#737=FACE_OUTER_BOUND('',#1035,.T.);
#738=EDGE_LOOP('',(#3220,#3221,#3222,#3223));
#739=EDGE_LOOP('',(#3224,#3225,#3226,#3227));
#740=EDGE_LOOP('',(#3228,#3229,#3230,#3231,#3232,#3233,#3234,#3235,#3236,
#3237,#3238,#3239,#3240,#3241,#3242,#3243));
#741=EDGE_LOOP('',(#3244));
#742=EDGE_LOOP('',(#3245));
#743=EDGE_LOOP('',(#3246));
#744=EDGE_LOOP('',(#3247));
#745=EDGE_LOOP('',(#3248,#3249,#3250,#3251));
#746=EDGE_LOOP('',(#3252,#3253,#3254,#3255));
#747=EDGE_LOOP('',(#3256,#3257,#3258,#3259));
#748=EDGE_LOOP('',(#3260,#3261,#3262,#3263,#3264,#3265,#3266,#3267));
#749=EDGE_LOOP('',(#3268,#3269,#3270,#3271));
#750=EDGE_LOOP('',(#3272,#3273,#3274,#3275));
#751=EDGE_LOOP('',(#3276,#3277,#3278,#3279));
#752=EDGE_LOOP('',(#3280,#3281,#3282,#3283));
#753=EDGE_LOOP('',(#3284,#3285,#3286,#3287));
#754=EDGE_LOOP('',(#3288,#3289,#3290,#3291,#3292,#3293,#3294,#3295));
#755=EDGE_LOOP('',(#3296,#3297,#3298,#3299));
#756=EDGE_LOOP('',(#3300,#3301,#3302,#3303));
#757=EDGE_LOOP('',(#3304,#3305,#3306,#3307));
#758=EDGE_LOOP('',(#3308,#3309,#3310,#3311));
#759=EDGE_LOOP('',(#3312,#3313,#3314,#3315));
#760=EDGE_LOOP('',(#3316,#3317,#3318,#3319));
#761=EDGE_LOOP('',(#3320,#3321,#3322,#3323));
#762=EDGE_LOOP('',(#3324,#3325,#3326,#3327));
#763=EDGE_LOOP('',(#3328,#3329,#3330,#3331,#3332,#3333,#3334,#3335));
#764=EDGE_LOOP('',(#3336));
#765=EDGE_LOOP('',(#3337));
#766=EDGE_LOOP('',(#3338));
#767=EDGE_LOOP('',(#3339));
#768=EDGE_LOOP('',(#3340,#3341,#3342,#3343));
#769=EDGE_LOOP('',(#3344));
#770=EDGE_LOOP('',(#3345));
#771=EDGE_LOOP('',(#3346,#3347,#3348,#3349));
#772=EDGE_LOOP('',(#3350));
#773=EDGE_LOOP('',(#3351));
#774=EDGE_LOOP('',(#3352,#3353,#3354,#3355));
#775=EDGE_LOOP('',(#3356));
#776=EDGE_LOOP('',(#3357));
#777=EDGE_LOOP('',(#3358,#3359,#3360,#3361));
#778=EDGE_LOOP('',(#3362));
#779=EDGE_LOOP('',(#3363));
#780=EDGE_LOOP('',(#3364,#3365,#3366,#3367));
#781=EDGE_LOOP('',(#3368,#3369,#3370,#3371));
#782=EDGE_LOOP('',(#3372,#3373,#3374,#3375));
#783=EDGE_LOOP('',(#3376,#3377,#3378,#3379));
#784=EDGE_LOOP('',(#3380,#3381,#3382,#3383));
#785=EDGE_LOOP('',(#3384,#3385,#3386,#3387));
#786=EDGE_LOOP('',(#3388,#3389,#3390,#3391));
#787=EDGE_LOOP('',(#3392,#3393,#3394,#3395));
#788=EDGE_LOOP('',(#3396,#3397,#3398,#3399));
#789=EDGE_LOOP('',(#3400,#3401,#3402,#3403));
#790=EDGE_LOOP('',(#3404,#3405,#3406,#3407));
#791=EDGE_LOOP('',(#3408,#3409,#3410,#3411));
#792=EDGE_LOOP('',(#3412,#3413,#3414,#3415));
#793=EDGE_LOOP('',(#3416,#3417,#3418,#3419));
#794=EDGE_LOOP('',(#3420,#3421,#3422,#3423));
#795=EDGE_LOOP('',(#3424,#3425,#3426,#3427));
#796=EDGE_LOOP('',(#3428,#3429,#3430,#3431));
#797=EDGE_LOOP('',(#3432,#3433,#3434,#3435));
#798=EDGE_LOOP('',(#3436,#3437,#3438,#3439));
#799=EDGE_LOOP('',(#3440,#3441,#3442,#3443));
#800=EDGE_LOOP('',(#3444,#3445,#3446,#3447));
#801=EDGE_LOOP('',(#3448,#3449,#3450,#3451));
#802=EDGE_LOOP('',(#3452,#3453,#3454,#3455));
#803=EDGE_LOOP('',(#3456,#3457,#3458,#3459));
#804=EDGE_LOOP('',(#3460,#3461,#3462,#3463));
#805=EDGE_LOOP('',(#3464,#3465,#3466,#3467));
#806=EDGE_LOOP('',(#3468,#3469,#3470,#3471));
#807=EDGE_LOOP('',(#3472,#3473,#3474,#3475,#3476,#3477,#3478,#3479,#3480,
#3481,#3482,#3483,#3484,#3485));
#808=EDGE_LOOP('',(#3486,#3487,#3488,#3489,#3490,#3491,#3492,#3493));
#809=EDGE_LOOP('',(#3494,#3495,#3496,#3497));
#810=EDGE_LOOP('',(#3498,#3499,#3500,#3501));
#811=EDGE_LOOP('',(#3502,#3503,#3504,#3505));
#812=EDGE_LOOP('',(#3506,#3507,#3508,#3509));
#813=EDGE_LOOP('',(#3510,#3511,#3512,#3513));
#814=EDGE_LOOP('',(#3514,#3515,#3516,#3517));
#815=EDGE_LOOP('',(#3518,#3519,#3520,#3521));
#816=EDGE_LOOP('',(#3522,#3523,#3524,#3525));
#817=EDGE_LOOP('',(#3526,#3527,#3528,#3529));
#818=EDGE_LOOP('',(#3530,#3531,#3532,#3533));
#819=EDGE_LOOP('',(#3534,#3535,#3536,#3537));
#820=EDGE_LOOP('',(#3538,#3539,#3540,#3541));
#821=EDGE_LOOP('',(#3542,#3543,#3544,#3545));
#822=EDGE_LOOP('',(#3546,#3547,#3548,#3549));
#823=EDGE_LOOP('',(#3550,#3551,#3552,#3553));
#824=EDGE_LOOP('',(#3554,#3555,#3556,#3557));
#825=EDGE_LOOP('',(#3558,#3559,#3560,#3561));
#826=EDGE_LOOP('',(#3562,#3563,#3564,#3565));
#827=EDGE_LOOP('',(#3566,#3567,#3568,#3569));
#828=EDGE_LOOP('',(#3570,#3571,#3572,#3573));
#829=EDGE_LOOP('',(#3574,#3575,#3576,#3577));
#830=EDGE_LOOP('',(#3578,#3579,#3580,#3581));
#831=EDGE_LOOP('',(#3582,#3583,#3584,#3585));
#832=EDGE_LOOP('',(#3586,#3587,#3588,#3589,#3590,#3591,#3592,#3593,#3594,
#3595,#3596,#3597,#3598,#3599,#3600));
#833=EDGE_LOOP('',(#3601,#3602,#3603,#3604,#3605,#3606,#3607,#3608));
#834=EDGE_LOOP('',(#3609,#3610,#3611,#3612));
#835=EDGE_LOOP('',(#3613,#3614,#3615,#3616));
#836=EDGE_LOOP('',(#3617,#3618,#3619,#3620));
#837=EDGE_LOOP('',(#3621,#3622,#3623,#3624));
#838=EDGE_LOOP('',(#3625,#3626,#3627,#3628));
#839=EDGE_LOOP('',(#3629,#3630,#3631,#3632));
#840=EDGE_LOOP('',(#3633,#3634,#3635,#3636));
#841=EDGE_LOOP('',(#3637,#3638,#3639,#3640));
#842=EDGE_LOOP('',(#3641,#3642,#3643,#3644));
#843=EDGE_LOOP('',(#3645,#3646,#3647,#3648));
#844=EDGE_LOOP('',(#3649,#3650,#3651,#3652));
#845=EDGE_LOOP('',(#3653,#3654,#3655,#3656));
#846=EDGE_LOOP('',(#3657,#3658,#3659,#3660));
#847=EDGE_LOOP('',(#3661,#3662,#3663,#3664));
#848=EDGE_LOOP('',(#3665,#3666,#3667,#3668));
#849=EDGE_LOOP('',(#3669,#3670,#3671,#3672));
#850=EDGE_LOOP('',(#3673,#3674,#3675,#3676));
#851=EDGE_LOOP('',(#3677,#3678,#3679,#3680));
#852=EDGE_LOOP('',(#3681,#3682,#3683,#3684));
#853=EDGE_LOOP('',(#3685,#3686,#3687,#3688));
#854=EDGE_LOOP('',(#3689,#3690,#3691,#3692));
#855=EDGE_LOOP('',(#3693,#3694,#3695,#3696));
#856=EDGE_LOOP('',(#3697,#3698,#3699,#3700));
#857=EDGE_LOOP('',(#3701,#3702,#3703,#3704));
#858=EDGE_LOOP('',(#3705,#3706,#3707,#3708));
#859=EDGE_LOOP('',(#3709,#3710,#3711,#3712));
#860=EDGE_LOOP('',(#3713,#3714,#3715,#3716));
#861=EDGE_LOOP('',(#3717,#3718,#3719,#3720));
#862=EDGE_LOOP('',(#3721,#3722,#3723,#3724));
#863=EDGE_LOOP('',(#3725,#3726,#3727,#3728));
#864=EDGE_LOOP('',(#3729,#3730,#3731,#3732));
#865=EDGE_LOOP('',(#3733,#3734,#3735,#3736));
#866=EDGE_LOOP('',(#3737,#3738,#3739,#3740));
#867=EDGE_LOOP('',(#3741,#3742,#3743,#3744));
#868=EDGE_LOOP('',(#3745,#3746,#3747,#3748));
#869=EDGE_LOOP('',(#3749,#3750,#3751,#3752));
#870=EDGE_LOOP('',(#3753,#3754,#3755,#3756));
#871=EDGE_LOOP('',(#3757,#3758,#3759,#3760,#3761,#3762,#3763,#3764,#3765,
#3766,#3767,#3768,#3769,#3770,#3771,#3772,#3773,#3774,#3775,#3776,#3777,
#3778,#3779,#3780,#3781,#3782,#3783));
#872=EDGE_LOOP('',(#3784,#3785,#3786,#3787,#3788,#3789,#3790,#3791,#3792,
#3793));
#873=EDGE_LOOP('',(#3794,#3795,#3796,#3797));
#874=EDGE_LOOP('',(#3798,#3799,#3800,#3801));
#875=EDGE_LOOP('',(#3802,#3803,#3804,#3805));
#876=EDGE_LOOP('',(#3806,#3807,#3808,#3809));
#877=EDGE_LOOP('',(#3810,#3811,#3812,#3813));
#878=EDGE_LOOP('',(#3814,#3815,#3816,#3817));
#879=EDGE_LOOP('',(#3818,#3819,#3820,#3821));
#880=EDGE_LOOP('',(#3822,#3823,#3824,#3825));
#881=EDGE_LOOP('',(#3826,#3827,#3828,#3829));
#882=EDGE_LOOP('',(#3830,#3831,#3832,#3833));
#883=EDGE_LOOP('',(#3834,#3835,#3836,#3837));
#884=EDGE_LOOP('',(#3838,#3839,#3840,#3841));
#885=EDGE_LOOP('',(#3842,#3843,#3844,#3845));
#886=EDGE_LOOP('',(#3846,#3847,#3848,#3849));
#887=EDGE_LOOP('',(#3850,#3851,#3852,#3853));
#888=EDGE_LOOP('',(#3854,#3855,#3856,#3857));
#889=EDGE_LOOP('',(#3858,#3859,#3860,#3861));
#890=EDGE_LOOP('',(#3862,#3863,#3864,#3865));
#891=EDGE_LOOP('',(#3866,#3867,#3868,#3869));
#892=EDGE_LOOP('',(#3870,#3871,#3872,#3873));
#893=EDGE_LOOP('',(#3874,#3875,#3876,#3877));
#894=EDGE_LOOP('',(#3878,#3879,#3880,#3881));
#895=EDGE_LOOP('',(#3882,#3883,#3884,#3885));
#896=EDGE_LOOP('',(#3886,#3887,#3888,#3889));
#897=EDGE_LOOP('',(#3890,#3891,#3892,#3893));
#898=EDGE_LOOP('',(#3894,#3895,#3896,#3897,#3898,#3899,#3900,#3901,#3902,
#3903,#3904,#3905,#3906,#3907,#3908,#3909,#3910,#3911,#3912,#3913));
#899=EDGE_LOOP('',(#3914,#3915,#3916,#3917));
#900=EDGE_LOOP('',(#3918,#3919,#3920,#3921));
#901=EDGE_LOOP('',(#3922,#3923,#3924,#3925));
#902=EDGE_LOOP('',(#3926,#3927,#3928,#3929));
#903=EDGE_LOOP('',(#3930,#3931,#3932,#3933));
#904=EDGE_LOOP('',(#3934,#3935,#3936,#3937));
#905=EDGE_LOOP('',(#3938,#3939,#3940,#3941));
#906=EDGE_LOOP('',(#3942,#3943,#3944,#3945));
#907=EDGE_LOOP('',(#3946,#3947,#3948,#3949));
#908=EDGE_LOOP('',(#3950,#3951,#3952,#3953));
#909=EDGE_LOOP('',(#3954,#3955,#3956,#3957));
#910=EDGE_LOOP('',(#3958,#3959,#3960,#3961));
#911=EDGE_LOOP('',(#3962,#3963,#3964,#3965));
#912=EDGE_LOOP('',(#3966,#3967,#3968,#3969));
#913=EDGE_LOOP('',(#3970,#3971,#3972,#3973));
#914=EDGE_LOOP('',(#3974,#3975,#3976,#3977));
#915=EDGE_LOOP('',(#3978,#3979,#3980,#3981));
#916=EDGE_LOOP('',(#3982,#3983,#3984,#3985));
#917=EDGE_LOOP('',(#3986,#3987,#3988,#3989));
#918=EDGE_LOOP('',(#3990,#3991,#3992,#3993));
#919=EDGE_LOOP('',(#3994,#3995,#3996,#3997,#3998,#3999,#4000,#4001,#4002,
#4003,#4004,#4005,#4006,#4007,#4008));
#920=EDGE_LOOP('',(#4009,#4010,#4011,#4012,#4013));
#921=EDGE_LOOP('',(#4014,#4015,#4016,#4017,#4018,#4019,#4020,#4021));
#922=EDGE_LOOP('',(#4022,#4023,#4024,#4025));
#923=EDGE_LOOP('',(#4026,#4027,#4028,#4029,#4030,#4031,#4032,#4033,#4034,
#4035,#4036,#4037,#4038,#4039));
#924=EDGE_LOOP('',(#4040,#4041,#4042,#4043,#4044,#4045,#4046,#4047,#4048,
#4049,#4050,#4051,#4052,#4053,#4054));
#925=EDGE_LOOP('',(#4055,#4056,#4057,#4058,#4059,#4060,#4061,#4062,#4063,
#4064,#4065,#4066,#4067,#4068,#4069,#4070,#4071,#4072,#4073,#4074,#4075,
#4076,#4077,#4078,#4079,#4080,#4081));
#926=EDGE_LOOP('',(#4082,#4083,#4084,#4085));
#927=EDGE_LOOP('',(#4086,#4087,#4088,#4089,#4090,#4091,#4092,#4093,#4094,
#4095,#4096,#4097,#4098,#4099,#4100,#4101,#4102,#4103,#4104,#4105));
#928=EDGE_LOOP('',(#4106,#4107,#4108,#4109,#4110,#4111,#4112,#4113,#4114,
#4115,#4116,#4117,#4118,#4119,#4120));
#929=EDGE_LOOP('',(#4121,#4122,#4123,#4124,#4125,#4126,#4127,#4128));
#930=EDGE_LOOP('',(#4129,#4130,#4131,#4132,#4133,#4134,#4135,#4136));
#931=EDGE_LOOP('',(#4137,#4138,#4139,#4140,#4141,#4142,#4143,#4144));
#932=EDGE_LOOP('',(#4145,#4146,#4147,#4148,#4149,#4150,#4151,#4152));
#933=EDGE_LOOP('',(#4153,#4154,#4155,#4156,#4157,#4158,#4159,#4160));
#934=EDGE_LOOP('',(#4161,#4162,#4163,#4164,#4165,#4166,#4167,#4168));
#935=EDGE_LOOP('',(#4169,#4170,#4171,#4172,#4173,#4174,#4175,#4176));
#936=EDGE_LOOP('',(#4177,#4178,#4179,#4180,#4181,#4182,#4183,#4184));
#937=EDGE_LOOP('',(#4185,#4186,#4187,#4188,#4189,#4190,#4191,#4192));
#938=EDGE_LOOP('',(#4193));
#939=EDGE_LOOP('',(#4194));
#940=EDGE_LOOP('',(#4195,#4196,#4197,#4198));
#941=EDGE_LOOP('',(#4199));
#942=EDGE_LOOP('',(#4200));
#943=EDGE_LOOP('',(#4201,#4202,#4203,#4204,#4205));
#944=EDGE_LOOP('',(#4206,#4207,#4208,#4209,#4210,#4211,#4212,#4213,#4214,
#4215));
#945=EDGE_LOOP('',(#4216,#4217,#4218,#4219,#4220,#4221,#4222,#4223));
#946=EDGE_LOOP('',(#4224,#4225,#4226,#4227));
#947=EDGE_LOOP('',(#4228,#4229,#4230,#4231));
#948=EDGE_LOOP('',(#4232,#4233,#4234,#4235,#4236,#4237,#4238,#4239));
#949=EDGE_LOOP('',(#4240,#4241,#4242,#4243));
#950=EDGE_LOOP('',(#4244,#4245,#4246,#4247));
#951=EDGE_LOOP('',(#4248,#4249,#4250,#4251));
#952=EDGE_LOOP('',(#4252,#4253,#4254,#4255));
#953=EDGE_LOOP('',(#4256,#4257,#4258,#4259));
#954=EDGE_LOOP('',(#4260,#4261,#4262,#4263));
#955=EDGE_LOOP('',(#4264,#4265,#4266,#4267));
#956=EDGE_LOOP('',(#4268,#4269,#4270,#4271));
#957=EDGE_LOOP('',(#4272,#4273,#4274,#4275));
#958=EDGE_LOOP('',(#4276,#4277,#4278,#4279));
#959=EDGE_LOOP('',(#4280,#4281,#4282,#4283));
#960=EDGE_LOOP('',(#4284,#4285,#4286,#4287));
#961=EDGE_LOOP('',(#4288,#4289,#4290,#4291));
#962=EDGE_LOOP('',(#4292,#4293,#4294,#4295));
#963=EDGE_LOOP('',(#4296,#4297,#4298,#4299));
#964=EDGE_LOOP('',(#4300,#4301,#4302,#4303));
#965=EDGE_LOOP('',(#4304,#4305,#4306,#4307));
#966=EDGE_LOOP('',(#4308,#4309,#4310,#4311));
#967=EDGE_LOOP('',(#4312,#4313,#4314,#4315));
#968=EDGE_LOOP('',(#4316,#4317,#4318,#4319));
#969=EDGE_LOOP('',(#4320,#4321,#4322,#4323));
#970=EDGE_LOOP('',(#4324,#4325,#4326,#4327));
#971=EDGE_LOOP('',(#4328,#4329,#4330,#4331));
#972=EDGE_LOOP('',(#4332,#4333,#4334,#4335));
#973=EDGE_LOOP('',(#4336,#4337,#4338,#4339));
#974=EDGE_LOOP('',(#4340,#4341,#4342,#4343));
#975=EDGE_LOOP('',(#4344,#4345,#4346,#4347));
#976=EDGE_LOOP('',(#4348,#4349,#4350,#4351));
#977=EDGE_LOOP('',(#4352,#4353,#4354,#4355));
#978=EDGE_LOOP('',(#4356,#4357,#4358,#4359));
#979=EDGE_LOOP('',(#4360,#4361,#4362,#4363));
#980=EDGE_LOOP('',(#4364,#4365,#4366,#4367));
#981=EDGE_LOOP('',(#4368,#4369,#4370,#4371));
#982=EDGE_LOOP('',(#4372,#4373,#4374,#4375));
#983=EDGE_LOOP('',(#4376,#4377,#4378,#4379));
#984=EDGE_LOOP('',(#4380,#4381,#4382,#4383));
#985=EDGE_LOOP('',(#4384,#4385,#4386,#4387));
#986=EDGE_LOOP('',(#4388,#4389,#4390,#4391));
#987=EDGE_LOOP('',(#4392,#4393,#4394,#4395));
#988=EDGE_LOOP('',(#4396,#4397,#4398,#4399));
#989=EDGE_LOOP('',(#4400,#4401,#4402,#4403));
#990=EDGE_LOOP('',(#4404,#4405,#4406,#4407));
#991=EDGE_LOOP('',(#4408,#4409,#4410,#4411));
#992=EDGE_LOOP('',(#4412,#4413,#4414,#4415));
#993=EDGE_LOOP('',(#4416,#4417,#4418,#4419));
#994=EDGE_LOOP('',(#4420,#4421,#4422,#4423));
#995=EDGE_LOOP('',(#4424,#4425,#4426,#4427));
#996=EDGE_LOOP('',(#4428,#4429,#4430,#4431));
#997=EDGE_LOOP('',(#4432,#4433,#4434,#4435));
#998=EDGE_LOOP('',(#4436,#4437,#4438,#4439));
#999=EDGE_LOOP('',(#4440,#4441,#4442,#4443));
#1000=EDGE_LOOP('',(#4444,#4445,#4446,#4447));
#1001=EDGE_LOOP('',(#4448,#4449,#4450,#4451));
#1002=EDGE_LOOP('',(#4452,#4453,#4454,#4455));
#1003=EDGE_LOOP('',(#4456,#4457,#4458,#4459));
#1004=EDGE_LOOP('',(#4460,#4461,#4462,#4463));
#1005=EDGE_LOOP('',(#4464,#4465,#4466,#4467));
#1006=EDGE_LOOP('',(#4468,#4469,#4470,#4471));
#1007=EDGE_LOOP('',(#4472,#4473,#4474,#4475));
#1008=EDGE_LOOP('',(#4476,#4477,#4478,#4479));
#1009=EDGE_LOOP('',(#4480,#4481,#4482,#4483));
#1010=EDGE_LOOP('',(#4484,#4485,#4486,#4487));
#1011=EDGE_LOOP('',(#4488,#4489,#4490,#4491));
#1012=EDGE_LOOP('',(#4492,#4493,#4494,#4495));
#1013=EDGE_LOOP('',(#4496,#4497,#4498,#4499));
#1014=EDGE_LOOP('',(#4500,#4501,#4502,#4503));
#1015=EDGE_LOOP('',(#4504,#4505,#4506,#4507));
#1016=EDGE_LOOP('',(#4508,#4509,#4510,#4511));
#1017=EDGE_LOOP('',(#4512,#4513,#4514,#4515));
#1018=EDGE_LOOP('',(#4516,#4517,#4518,#4519));
#1019=EDGE_LOOP('',(#4520,#4521,#4522,#4523));
#1020=EDGE_LOOP('',(#4524,#4525,#4526,#4527));
#1021=EDGE_LOOP('',(#4528,#4529,#4530,#4531));
#1022=EDGE_LOOP('',(#4532,#4533,#4534,#4535));
#1023=EDGE_LOOP('',(#4536,#4537,#4538,#4539));
#1024=EDGE_LOOP('',(#4540,#4541,#4542,#4543));
#1025=EDGE_LOOP('',(#4544,#4545,#4546,#4547));
#1026=EDGE_LOOP('',(#4548,#4549,#4550,#4551));
#1027=EDGE_LOOP('',(#4552,#4553,#4554,#4555));
#1028=EDGE_LOOP('',(#4556,#4557,#4558,#4559));
#1029=EDGE_LOOP('',(#4560,#4561,#4562,#4563));
#1030=EDGE_LOOP('',(#4564,#4565,#4566,#4567));
#1031=EDGE_LOOP('',(#4568,#4569,#4570,#4571));
#1032=EDGE_LOOP('',(#4572,#4573,#4574,#4575));
#1033=EDGE_LOOP('',(#4576,#4577,#4578,#4579));
#1034=EDGE_LOOP('',(#4580,#4581,#4582,#4583));
#1035=EDGE_LOOP('',(#4584,#4585,#4586,#4587,#4588,#4589,#4590,#4591));
#1036=EDGE_LOOP('',(#4592,#4593,#4594,#4595,#4596,#4597,#4598,#4599));
#1037=EDGE_LOOP('',(#4600,#4601,#4602,#4603,#4604,#4605,#4606,#4607));
#1038=EDGE_LOOP('',(#4608,#4609,#4610,#4611,#4612,#4613,#4614,#4615));
#1039=EDGE_LOOP('',(#4616,#4617,#4618,#4619,#4620,#4621,#4622,#4623));
#1040=EDGE_LOOP('',(#4624,#4625,#4626,#4627,#4628,#4629,#4630,#4631));
#1041=EDGE_LOOP('',(#4632,#4633,#4634,#4635,#4636,#4637,#4638,#4639));
#1042=EDGE_LOOP('',(#4640,#4641,#4642,#4643,#4644,#4645,#4646,#4647));
#1043=EDGE_LOOP('',(#4648,#4649,#4650,#4651,#4652,#4653,#4654,#4655));
#1044=EDGE_LOOP('',(#4656,#4657,#4658,#4659,#4660,#4661,#4662,#4663));
#1045=EDGE_LOOP('',(#4664));
#1046=EDGE_LOOP('',(#4665));
#1047=EDGE_LOOP('',(#4666,#4667,#4668,#4669));
#1048=EDGE_LOOP('',(#4670));
#1049=EDGE_LOOP('',(#4671));
#1050=LINE('',#6297,#1474);
#1051=LINE('',#6300,#1475);
#1052=LINE('',#6303,#1476);
#1053=LINE('',#6305,#1477);
#1054=LINE('',#6306,#1478);
#1055=LINE('',#6309,#1479);
#1056=LINE('',#6313,#1480);
#1057=LINE('',#6315,#1481);
#1058=LINE('',#6317,#1482);
#1059=LINE('',#6319,#1483);
#1060=LINE('',#6321,#1484);
#1061=LINE('',#6323,#1485);
#1062=LINE('',#6325,#1486);
#1063=LINE('',#6327,#1487);
#1064=LINE('',#6329,#1488);
#1065=LINE('',#6333,#1489);
#1066=LINE('',#6345,#1490);
#1067=LINE('',#6349,#1491);
#1068=LINE('',#6350,#1492);
#1069=LINE('',#6353,#1493);
#1070=LINE('',#6357,#1494);
#1071=LINE('',#6359,#1495);
#1072=LINE('',#6360,#1496);
#1073=LINE('',#6362,#1497);
#1074=LINE('',#6363,#1498);
#1075=LINE('',#6366,#1499);
#1076=LINE('',#6369,#1500);
#1077=LINE('',#6372,#1501);
#1078=LINE('',#6373,#1502);
#1079=LINE('',#6376,#1503);
#1080=LINE('',#6377,#1504);
#1081=LINE('',#6379,#1505);
#1082=LINE('',#6382,#1506);
#1083=LINE('',#6384,#1507);
#1084=LINE('',#6385,#1508);
#1085=LINE('',#6388,#1509);
#1086=LINE('',#6390,#1510);
#1087=LINE('',#6391,#1511);
#1088=LINE('',#6393,#1512);
#1089=LINE('',#6398,#1513);
#1090=LINE('',#6404,#1514);
#1091=LINE('',#6410,#1515);
#1092=LINE('',#6416,#1516);
#1093=LINE('',#6419,#1517);
#1094=LINE('',#6424,#1518);
#1095=LINE('',#6429,#1519);
#1096=LINE('',#6434,#1520);
#1097=LINE('',#6439,#1521);
#1098=LINE('',#6446,#1522);
#1099=LINE('',#6448,#1523);
#1100=LINE('',#6450,#1524);
#1101=LINE('',#6451,#1525);
#1102=LINE('',#6454,#1526);
#1103=LINE('',#6456,#1527);
#1104=LINE('',#6457,#1528);
#1105=LINE('',#6460,#1529);
#1106=LINE('',#6462,#1530);
#1107=LINE('',#6463,#1531);
#1108=LINE('',#6465,#1532);
#1109=LINE('',#6466,#1533);
#1110=LINE('',#6486,#1534);
#1111=LINE('',#6493,#1535);
#1112=LINE('',#6511,#1536);
#1113=LINE('',#6534,#1537);
#1114=LINE('',#6557,#1538);
#1115=LINE('',#6580,#1539);
#1116=LINE('',#6603,#1540);
#1117=LINE('',#6626,#1541);
#1118=LINE('',#6655,#1542);
#1119=LINE('',#6657,#1543);
#1120=LINE('',#6659,#1544);
#1121=LINE('',#6660,#1545);
#1122=LINE('',#6663,#1546);
#1123=LINE('',#6665,#1547);
#1124=LINE('',#6666,#1548);
#1125=LINE('',#6669,#1549);
#1126=LINE('',#6671,#1550);
#1127=LINE('',#6672,#1551);
#1128=LINE('',#6690,#1552);
#1129=LINE('',#6713,#1553);
#1130=LINE('',#6736,#1554);
#1131=LINE('',#6759,#1555);
#1132=LINE('',#6782,#1556);
#1133=LINE('',#6805,#1557);
#1134=LINE('',#6828,#1558);
#1135=LINE('',#6851,#1559);
#1136=LINE('',#6874,#1560);
#1137=LINE('',#6882,#1561);
#1138=LINE('',#6884,#1562);
#1139=LINE('',#6885,#1563);
#1140=LINE('',#6887,#1564);
#1141=LINE('',#6888,#1565);
#1142=LINE('',#6908,#1566);
#1143=LINE('',#6915,#1567);
#1144=LINE('',#6933,#1568);
#1145=LINE('',#6956,#1569);
#1146=LINE('',#6979,#1570);
#1147=LINE('',#7002,#1571);
#1148=LINE('',#7025,#1572);
#1149=LINE('',#7048,#1573);
#1150=LINE('',#7077,#1574);
#1151=LINE('',#7079,#1575);
#1152=LINE('',#7081,#1576);
#1153=LINE('',#7082,#1577);
#1154=LINE('',#7100,#1578);
#1155=LINE('',#7123,#1579);
#1156=LINE('',#7146,#1580);
#1157=LINE('',#7169,#1581);
#1158=LINE('',#7192,#1582);
#1159=LINE('',#7215,#1583);
#1160=LINE('',#7238,#1584);
#1161=LINE('',#7261,#1585);
#1162=LINE('',#7284,#1586);
#1163=LINE('',#7307,#1587);
#1164=LINE('',#7315,#1588);
#1165=LINE('',#7317,#1589);
#1166=LINE('',#7318,#1590);
#1167=LINE('',#7321,#1591);
#1168=LINE('',#7323,#1592);
#1169=LINE('',#7324,#1593);
#1170=LINE('',#7327,#1594);
#1171=LINE('',#7329,#1595);
#1172=LINE('',#7330,#1596);
#1173=LINE('',#7332,#1597);
#1174=LINE('',#7333,#1598);
#1175=LINE('',#7353,#1599);
#1176=LINE('',#7360,#1600);
#1177=LINE('',#7378,#1601);
#1178=LINE('',#7401,#1602);
#1179=LINE('',#7424,#1603);
#1180=LINE('',#7447,#1604);
#1181=LINE('',#7470,#1605);
#1182=LINE('',#7493,#1606);
#1183=LINE('',#7516,#1607);
#1184=LINE('',#7539,#1608);
#1185=LINE('',#7546,#1609);
#1186=LINE('',#7547,#1610);
#1187=LINE('',#7551,#1611);
#1188=LINE('',#7553,#1612);
#1189=LINE('',#7555,#1613);
#1190=LINE('',#7556,#1614);
#1191=LINE('',#7574,#1615);
#1192=LINE('',#7597,#1616);
#1193=LINE('',#7605,#1617);
#1194=LINE('',#7607,#1618);
#1195=LINE('',#7608,#1619);
#1196=LINE('',#7626,#1620);
#1197=LINE('',#7649,#1621);
#1198=LINE('',#7672,#1622);
#1199=LINE('',#7695,#1623);
#1200=LINE('',#7718,#1624);
#1201=LINE('',#7741,#1625);
#1202=LINE('',#7764,#1626);
#1203=LINE('',#7772,#1627);
#1204=LINE('',#7774,#1628);
#1205=LINE('',#7775,#1629);
#1206=LINE('',#7793,#1630);
#1207=LINE('',#7816,#1631);
#1208=LINE('',#7839,#1632);
#1209=LINE('',#7862,#1633);
#1210=LINE('',#7885,#1634);
#1211=LINE('',#7908,#1635);
#1212=LINE('',#7931,#1636);
#1213=LINE('',#7954,#1637);
#1214=LINE('',#7977,#1638);
#1215=LINE('',#8000,#1639);
#1216=LINE('',#8023,#1640);
#1217=LINE('',#8046,#1641);
#1218=LINE('',#8069,#1642);
#1219=LINE('',#8092,#1643);
#1220=LINE('',#8122,#1644);
#1221=LINE('',#8124,#1645);
#1222=LINE('',#8126,#1646);
#1223=LINE('',#8127,#1647);
#1224=LINE('',#8130,#1648);
#1225=LINE('',#8132,#1649);
#1226=LINE('',#8133,#1650);
#1227=LINE('',#8136,#1651);
#1228=LINE('',#8138,#1652);
#1229=LINE('',#8139,#1653);
#1230=LINE('',#8141,#1654);
#1231=LINE('',#8142,#1655);
#1232=LINE('',#8147,#1656);
#1233=LINE('',#8149,#1657);
#1234=LINE('',#8151,#1658);
#1235=LINE('',#8152,#1659);
#1236=LINE('',#8170,#1660);
#1237=LINE('',#8193,#1661);
#1238=LINE('',#8216,#1662);
#1239=LINE('',#8239,#1663);
#1240=LINE('',#8262,#1664);
#1241=LINE('',#8285,#1665);
#1242=LINE('',#8293,#1666);
#1243=LINE('',#8295,#1667);
#1244=LINE('',#8296,#1668);
#1245=LINE('',#8299,#1669);
#1246=LINE('',#8301,#1670);
#1247=LINE('',#8302,#1671);
#1248=LINE('',#8305,#1672);
#1249=LINE('',#8307,#1673);
#1250=LINE('',#8308,#1674);
#1251=LINE('',#8311,#1675);
#1252=LINE('',#8313,#1676);
#1253=LINE('',#8314,#1677);
#1254=LINE('',#8317,#1678);
#1255=LINE('',#8319,#1679);
#1256=LINE('',#8320,#1680);
#1257=LINE('',#8338,#1681);
#1258=LINE('',#8361,#1682);
#1259=LINE('',#8384,#1683);
#1260=LINE('',#8407,#1684);
#1261=LINE('',#8415,#1685);
#1262=LINE('',#8417,#1686);
#1263=LINE('',#8418,#1687);
#1264=LINE('',#8421,#1688);
#1265=LINE('',#8423,#1689);
#1266=LINE('',#8424,#1690);
#1267=LINE('',#8427,#1691);
#1268=LINE('',#8429,#1692);
#1269=LINE('',#8430,#1693);
#1270=LINE('',#8432,#1694);
#1271=LINE('',#8433,#1695);
#1272=LINE('',#8453,#1696);
#1273=LINE('',#8460,#1697);
#1274=LINE('',#8478,#1698);
#1275=LINE('',#8501,#1699);
#1276=LINE('',#8509,#1700);
#1277=LINE('',#8511,#1701);
#1278=LINE('',#8512,#1702);
#1279=LINE('',#8551,#1703);
#1280=LINE('',#8558,#1704);
#1281=LINE('',#8576,#1705);
#1282=LINE('',#8599,#1706);
#1283=LINE('',#8607,#1707);
#1284=LINE('',#8609,#1708);
#1285=LINE('',#8610,#1709);
#1286=LINE('',#8628,#1710);
#1287=LINE('',#8651,#1711);
#1288=LINE('',#8674,#1712);
#1289=LINE('',#8697,#1713);
#1290=LINE('',#8720,#1714);
#1291=LINE('',#8743,#1715);
#1292=LINE('',#8766,#1716);
#1293=LINE('',#8789,#1717);
#1294=LINE('',#8812,#1718);
#1295=LINE('',#8820,#1719);
#1296=LINE('',#8822,#1720);
#1297=LINE('',#8823,#1721);
#1298=LINE('',#8850,#1722);
#1299=LINE('',#8854,#1723);
#1300=LINE('',#8858,#1724);
#1301=LINE('',#8861,#1725);
#1302=LINE('',#8864,#1726);
#1303=LINE('',#8868,#1727);
#1304=LINE('',#8872,#1728);
#1305=LINE('',#8876,#1729);
#1306=LINE('',#8880,#1730);
#1307=LINE('',#8884,#1731);
#1308=LINE('',#8888,#1732);
#1309=LINE('',#8892,#1733);
#1310=LINE('',#8896,#1734);
#1311=LINE('',#8900,#1735);
#1312=LINE('',#8904,#1736);
#1313=LINE('',#8908,#1737);
#1314=LINE('',#8912,#1738);
#1315=LINE('',#8916,#1739);
#1316=LINE('',#8920,#1740);
#1317=LINE('',#8924,#1741);
#1318=LINE('',#8928,#1742);
#1319=LINE('',#8932,#1743);
#1320=LINE('',#8936,#1744);
#1321=LINE('',#8940,#1745);
#1322=LINE('',#8944,#1746);
#1323=LINE('',#8948,#1747);
#1324=LINE('',#8952,#1748);
#1325=LINE('',#8956,#1749);
#1326=LINE('',#8960,#1750);
#1327=LINE('',#8964,#1751);
#1328=LINE('',#8968,#1752);
#1329=LINE('',#8972,#1753);
#1330=LINE('',#8976,#1754);
#1331=LINE('',#8980,#1755);
#1332=LINE('',#8984,#1756);
#1333=LINE('',#8988,#1757);
#1334=LINE('',#8992,#1758);
#1335=LINE('',#8996,#1759);
#1336=LINE('',#9000,#1760);
#1337=LINE('',#9004,#1761);
#1338=LINE('',#9012,#1762);
#1339=LINE('',#9014,#1763);
#1340=LINE('',#9016,#1764);
#1341=LINE('',#9017,#1765);
#1342=LINE('',#9029,#1766);
#1343=LINE('',#9030,#1767);
#1344=LINE('',#9033,#1768);
#1345=LINE('',#9034,#1769);
#1346=LINE('',#9039,#1770);
#1347=LINE('',#9042,#1771);
#1348=LINE('',#9043,#1772);
#1349=LINE('',#9047,#1773);
#1350=LINE('',#9050,#1774);
#1351=LINE('',#9051,#1775);
#1352=LINE('',#9055,#1776);
#1353=LINE('',#9059,#1777);
#1354=LINE('',#9060,#1778);
#1355=LINE('',#9061,#1779);
#1356=LINE('',#9065,#1780);
#1357=LINE('',#9068,#1781);
#1358=LINE('',#9069,#1782);
#1359=LINE('',#9073,#1783);
#1360=LINE('',#9076,#1784);
#1361=LINE('',#9077,#1785);
#1362=LINE('',#9081,#1786);
#1363=LINE('',#9084,#1787);
#1364=LINE('',#9085,#1788);
#1365=LINE('',#9091,#1789);
#1366=LINE('',#9092,#1790);
#1367=LINE('',#9093,#1791);
#1368=LINE('',#9097,#1792);
#1369=LINE('',#9100,#1793);
#1370=LINE('',#9101,#1794);
#1371=LINE('',#9105,#1795);
#1372=LINE('',#9108,#1796);
#1373=LINE('',#9109,#1797);
#1374=LINE('',#9113,#1798);
#1375=LINE('',#9116,#1799);
#1376=LINE('',#9117,#1800);
#1377=LINE('',#9123,#1801);
#1378=LINE('',#9124,#1802);
#1379=LINE('',#9125,#1803);
#1380=LINE('',#9129,#1804);
#1381=LINE('',#9132,#1805);
#1382=LINE('',#9133,#1806);
#1383=LINE('',#9137,#1807);
#1384=LINE('',#9140,#1808);
#1385=LINE('',#9141,#1809);
#1386=LINE('',#9145,#1810);
#1387=LINE('',#9148,#1811);
#1388=LINE('',#9149,#1812);
#1389=LINE('',#9155,#1813);
#1390=LINE('',#9156,#1814);
#1391=LINE('',#9157,#1815);
#1392=LINE('',#9161,#1816);
#1393=LINE('',#9164,#1817);
#1394=LINE('',#9165,#1818);
#1395=LINE('',#9169,#1819);
#1396=LINE('',#9172,#1820);
#1397=LINE('',#9173,#1821);
#1398=LINE('',#9177,#1822);
#1399=LINE('',#9180,#1823);
#1400=LINE('',#9181,#1824);
#1401=LINE('',#9187,#1825);
#1402=LINE('',#9188,#1826);
#1403=LINE('',#9189,#1827);
#1404=LINE('',#9193,#1828);
#1405=LINE('',#9196,#1829);
#1406=LINE('',#9197,#1830);
#1407=LINE('',#9201,#1831);
#1408=LINE('',#9204,#1832);
#1409=LINE('',#9205,#1833);
#1410=LINE('',#9209,#1834);
#1411=LINE('',#9212,#1835);
#1412=LINE('',#9213,#1836);
#1413=LINE('',#9219,#1837);
#1414=LINE('',#9220,#1838);
#1415=LINE('',#9221,#1839);
#1416=LINE('',#9225,#1840);
#1417=LINE('',#9228,#1841);
#1418=LINE('',#9229,#1842);
#1419=LINE('',#9233,#1843);
#1420=LINE('',#9236,#1844);
#1421=LINE('',#9237,#1845);
#1422=LINE('',#9241,#1846);
#1423=LINE('',#9244,#1847);
#1424=LINE('',#9245,#1848);
#1425=LINE('',#9251,#1849);
#1426=LINE('',#9252,#1850);
#1427=LINE('',#9253,#1851);
#1428=LINE('',#9257,#1852);
#1429=LINE('',#9260,#1853);
#1430=LINE('',#9261,#1854);
#1431=LINE('',#9265,#1855);
#1432=LINE('',#9268,#1856);
#1433=LINE('',#9269,#1857);
#1434=LINE('',#9273,#1858);
#1435=LINE('',#9276,#1859);
#1436=LINE('',#9277,#1860);
#1437=LINE('',#9283,#1861);
#1438=LINE('',#9284,#1862);
#1439=LINE('',#9285,#1863);
#1440=LINE('',#9289,#1864);
#1441=LINE('',#9292,#1865);
#1442=LINE('',#9293,#1866);
#1443=LINE('',#9297,#1867);
#1444=LINE('',#9300,#1868);
#1445=LINE('',#9301,#1869);
#1446=LINE('',#9305,#1870);
#1447=LINE('',#9308,#1871);
#1448=LINE('',#9309,#1872);
#1449=LINE('',#9315,#1873);
#1450=LINE('',#9316,#1874);
#1451=LINE('',#9317,#1875);
#1452=LINE('',#9321,#1876);
#1453=LINE('',#9324,#1877);
#1454=LINE('',#9325,#1878);
#1455=LINE('',#9329,#1879);
#1456=LINE('',#9332,#1880);
#1457=LINE('',#9333,#1881);
#1458=LINE('',#9337,#1882);
#1459=LINE('',#9340,#1883);
#1460=LINE('',#9341,#1884);
#1461=LINE('',#9347,#1885);
#1462=LINE('',#9351,#1886);
#1463=LINE('',#9354,#1887);
#1464=LINE('',#9356,#1888);
#1465=LINE('',#9357,#1889);
#1466=LINE('',#9360,#1890);
#1467=LINE('',#9361,#1891);
#1468=LINE('',#9364,#1892);
#1469=LINE('',#9365,#1893);
#1470=LINE('',#9367,#1894);
#1471=LINE('',#9371,#1895);
#1472=LINE('',#9375,#1896);
#1473=LINE('',#9377,#1897);
#1474=VECTOR('',#5306,10.);
#1475=VECTOR('',#5309,10.);
#1476=VECTOR('',#5312,10.);
#1477=VECTOR('',#5313,10.);
#1478=VECTOR('',#5314,10.);
#1479=VECTOR('',#5317,10.);
#1480=VECTOR('',#5320,10.);
#1481=VECTOR('',#5321,10.);
#1482=VECTOR('',#5322,10.);
#1483=VECTOR('',#5323,10.);
#1484=VECTOR('',#5324,10.);
#1485=VECTOR('',#5325,10.);
#1486=VECTOR('',#5326,10.);
#1487=VECTOR('',#5327,10.);
#1488=VECTOR('',#5328,10.);
#1489=VECTOR('',#5331,10.);
#1490=VECTOR('',#5344,10.);
#1491=VECTOR('',#5349,10.);
#1492=VECTOR('',#5350,10.);
#1493=VECTOR('',#5353,10.);
#1494=VECTOR('',#5358,10.);
#1495=VECTOR('',#5359,10.);
#1496=VECTOR('',#5360,10.);
#1497=VECTOR('',#5361,10.);
#1498=VECTOR('',#5362,10.);
#1499=VECTOR('',#5365,10.);
#1500=VECTOR('',#5370,10.);
#1501=VECTOR('',#5373,10.);
#1502=VECTOR('',#5374,10.);
#1503=VECTOR('',#5377,10.);
#1504=VECTOR('',#5378,10.);
#1505=VECTOR('',#5381,10.);
#1506=VECTOR('',#5384,10.);
#1507=VECTOR('',#5385,10.);
#1508=VECTOR('',#5386,10.);
#1509=VECTOR('',#5389,10.);
#1510=VECTOR('',#5390,10.);
#1511=VECTOR('',#5391,10.);
#1512=VECTOR('',#5394,10.);
#1513=VECTOR('',#5399,3.);
#1514=VECTOR('',#5406,3.);
#1515=VECTOR('',#5413,2.99999999999999);
#1516=VECTOR('',#5420,3.00000000000001);
#1517=VECTOR('',#5425,10.);
#1518=VECTOR('',#5432,1.7);
#1519=VECTOR('',#5439,1.7);
#1520=VECTOR('',#5446,1.69999999999999);
#1521=VECTOR('',#5453,1.69999999999999);
#1522=VECTOR('',#5462,10.);
#1523=VECTOR('',#5463,10.);
#1524=VECTOR('',#5464,10.);
#1525=VECTOR('',#5465,10.);
#1526=VECTOR('',#5468,10.);
#1527=VECTOR('',#5469,10.);
#1528=VECTOR('',#5470,10.);
#1529=VECTOR('',#5473,10.);
#1530=VECTOR('',#5474,10.);
#1531=VECTOR('',#5475,10.);
#1532=VECTOR('',#5478,10.);
#1533=VECTOR('',#5479,10.);
#1534=VECTOR('',#5482,10.);
#1535=VECTOR('',#5483,10.);
#1536=VECTOR('',#5484,10.);
#1537=VECTOR('',#5485,10.);
#1538=VECTOR('',#5486,10.);
#1539=VECTOR('',#5487,10.);
#1540=VECTOR('',#5488,10.);
#1541=VECTOR('',#5489,10.);
#1542=VECTOR('',#5492,10.);
#1543=VECTOR('',#5493,10.);
#1544=VECTOR('',#5494,10.);
#1545=VECTOR('',#5495,10.);
#1546=VECTOR('',#5498,10.);
#1547=VECTOR('',#5499,10.);
#1548=VECTOR('',#5500,10.);
#1549=VECTOR('',#5503,10.);
#1550=VECTOR('',#5504,10.);
#1551=VECTOR('',#5505,10.);
#1552=VECTOR('',#5506,10.);
#1553=VECTOR('',#5507,10.);
#1554=VECTOR('',#5508,10.);
#1555=VECTOR('',#5509,10.);
#1556=VECTOR('',#5510,10.);
#1557=VECTOR('',#5511,10.);
#1558=VECTOR('',#5512,10.);
#1559=VECTOR('',#5513,10.);
#1560=VECTOR('',#5514,10.);
#1561=VECTOR('',#5517,10.);
#1562=VECTOR('',#5518,10.);
#1563=VECTOR('',#5519,10.);
#1564=VECTOR('',#5522,10.);
#1565=VECTOR('',#5523,10.);
#1566=VECTOR('',#5526,10.);
#1567=VECTOR('',#5527,10.);
#1568=VECTOR('',#5528,10.);
#1569=VECTOR('',#5529,10.);
#1570=VECTOR('',#5530,10.);
#1571=VECTOR('',#5531,10.);
#1572=VECTOR('',#5532,10.);
#1573=VECTOR('',#5533,10.);
#1574=VECTOR('',#5536,10.);
#1575=VECTOR('',#5537,10.);
#1576=VECTOR('',#5538,10.);
#1577=VECTOR('',#5539,10.);
#1578=VECTOR('',#5540,10.);
#1579=VECTOR('',#5541,10.);
#1580=VECTOR('',#5542,10.);
#1581=VECTOR('',#5543,10.);
#1582=VECTOR('',#5544,10.);
#1583=VECTOR('',#5545,10.);
#1584=VECTOR('',#5546,10.);
#1585=VECTOR('',#5547,10.);
#1586=VECTOR('',#5548,10.);
#1587=VECTOR('',#5549,10.);
#1588=VECTOR('',#5552,10.);
#1589=VECTOR('',#5553,10.);
#1590=VECTOR('',#5554,10.);
#1591=VECTOR('',#5557,10.);
#1592=VECTOR('',#5558,10.);
#1593=VECTOR('',#5559,10.);
#1594=VECTOR('',#5562,10.);
#1595=VECTOR('',#5563,10.);
#1596=VECTOR('',#5564,10.);
#1597=VECTOR('',#5567,10.);
#1598=VECTOR('',#5568,10.);
#1599=VECTOR('',#5571,10.);
#1600=VECTOR('',#5572,10.);
#1601=VECTOR('',#5573,10.);
#1602=VECTOR('',#5574,10.);
#1603=VECTOR('',#5575,10.);
#1604=VECTOR('',#5576,10.);
#1605=VECTOR('',#5577,10.);
#1606=VECTOR('',#5578,10.);
#1607=VECTOR('',#5579,10.);
#1608=VECTOR('',#5580,10.);
#1609=VECTOR('',#5583,10.);
#1610=VECTOR('',#5584,10.);
#1611=VECTOR('',#5587,10.);
#1612=VECTOR('',#5588,10.);
#1613=VECTOR('',#5589,10.);
#1614=VECTOR('',#5590,10.);
#1615=VECTOR('',#5591,10.);
#1616=VECTOR('',#5592,10.);
#1617=VECTOR('',#5595,10.);
#1618=VECTOR('',#5596,10.);
#1619=VECTOR('',#5597,10.);
#1620=VECTOR('',#5598,10.);
#1621=VECTOR('',#5599,10.);
#1622=VECTOR('',#5600,10.);
#1623=VECTOR('',#5601,10.);
#1624=VECTOR('',#5602,10.);
#1625=VECTOR('',#5603,10.);
#1626=VECTOR('',#5604,10.);
#1627=VECTOR('',#5607,10.);
#1628=VECTOR('',#5608,10.);
#1629=VECTOR('',#5609,10.);
#1630=VECTOR('',#5610,10.);
#1631=VECTOR('',#5611,10.);
#1632=VECTOR('',#5612,10.);
#1633=VECTOR('',#5613,10.);
#1634=VECTOR('',#5614,10.);
#1635=VECTOR('',#5615,10.);
#1636=VECTOR('',#5616,10.);
#1637=VECTOR('',#5617,10.);
#1638=VECTOR('',#5618,10.);
#1639=VECTOR('',#5619,10.);
#1640=VECTOR('',#5620,10.);
#1641=VECTOR('',#5621,10.);
#1642=VECTOR('',#5622,10.);
#1643=VECTOR('',#5623,10.);
#1644=VECTOR('',#5628,10.);
#1645=VECTOR('',#5629,10.);
#1646=VECTOR('',#5630,10.);
#1647=VECTOR('',#5631,10.);
#1648=VECTOR('',#5634,10.);
#1649=VECTOR('',#5635,10.);
#1650=VECTOR('',#5636,10.);
#1651=VECTOR('',#5639,10.);
#1652=VECTOR('',#5640,10.);
#1653=VECTOR('',#5641,10.);
#1654=VECTOR('',#5644,10.);
#1655=VECTOR('',#5645,10.);
#1656=VECTOR('',#5650,10.);
#1657=VECTOR('',#5651,10.);
#1658=VECTOR('',#5652,10.);
#1659=VECTOR('',#5653,10.);
#1660=VECTOR('',#5654,10.);
#1661=VECTOR('',#5655,10.);
#1662=VECTOR('',#5656,10.);
#1663=VECTOR('',#5657,10.);
#1664=VECTOR('',#5658,10.);
#1665=VECTOR('',#5659,10.);
#1666=VECTOR('',#5662,10.);
#1667=VECTOR('',#5663,10.);
#1668=VECTOR('',#5664,10.);
#1669=VECTOR('',#5667,10.);
#1670=VECTOR('',#5668,10.);
#1671=VECTOR('',#5669,10.);
#1672=VECTOR('',#5672,10.);
#1673=VECTOR('',#5673,10.);
#1674=VECTOR('',#5674,10.);
#1675=VECTOR('',#5677,10.);
#1676=VECTOR('',#5678,10.);
#1677=VECTOR('',#5679,10.);
#1678=VECTOR('',#5682,10.);
#1679=VECTOR('',#5683,10.);
#1680=VECTOR('',#5684,10.);
#1681=VECTOR('',#5685,10.);
#1682=VECTOR('',#5686,10.);
#1683=VECTOR('',#5687,10.);
#1684=VECTOR('',#5688,10.);
#1685=VECTOR('',#5691,10.);
#1686=VECTOR('',#5692,10.);
#1687=VECTOR('',#5693,10.);
#1688=VECTOR('',#5696,10.);
#1689=VECTOR('',#5697,10.);
#1690=VECTOR('',#5698,10.);
#1691=VECTOR('',#5701,10.);
#1692=VECTOR('',#5702,10.);
#1693=VECTOR('',#5703,10.);
#1694=VECTOR('',#5706,10.);
#1695=VECTOR('',#5707,10.);
#1696=VECTOR('',#5710,10.);
#1697=VECTOR('',#5711,10.);
#1698=VECTOR('',#5712,10.);
#1699=VECTOR('',#5713,10.);
#1700=VECTOR('',#5716,10.);
#1701=VECTOR('',#5717,10.);
#1702=VECTOR('',#5718,10.);
#1703=VECTOR('',#5719,10.);
#1704=VECTOR('',#5720,10.);
#1705=VECTOR('',#5721,10.);
#1706=VECTOR('',#5722,10.);
#1707=VECTOR('',#5725,10.);
#1708=VECTOR('',#5726,10.);
#1709=VECTOR('',#5727,10.);
#1710=VECTOR('',#5728,10.);
#1711=VECTOR('',#5729,10.);
#1712=VECTOR('',#5730,10.);
#1713=VECTOR('',#5731,10.);
#1714=VECTOR('',#5732,10.);
#1715=VECTOR('',#5733,10.);
#1716=VECTOR('',#5734,10.);
#1717=VECTOR('',#5735,10.);
#1718=VECTOR('',#5736,10.);
#1719=VECTOR('',#5739,10.);
#1720=VECTOR('',#5740,10.);
#1721=VECTOR('',#5741,10.);
#1722=VECTOR('',#5748,10.);
#1723=VECTOR('',#5751,10.);
#1724=VECTOR('',#5754,10.);
#1725=VECTOR('',#5757,10.);
#1726=VECTOR('',#5758,10.);
#1727=VECTOR('',#5761,10.);
#1728=VECTOR('',#5764,10.);
#1729=VECTOR('',#5767,10.);
#1730=VECTOR('',#5770,10.);
#1731=VECTOR('',#5773,10.);
#1732=VECTOR('',#5776,10.);
#1733=VECTOR('',#5779,10.);
#1734=VECTOR('',#5782,10.);
#1735=VECTOR('',#5785,10.);
#1736=VECTOR('',#5788,10.);
#1737=VECTOR('',#5791,10.);
#1738=VECTOR('',#5794,10.);
#1739=VECTOR('',#5797,10.);
#1740=VECTOR('',#5800,10.);
#1741=VECTOR('',#5803,10.);
#1742=VECTOR('',#5806,10.);
#1743=VECTOR('',#5809,10.);
#1744=VECTOR('',#5812,10.);
#1745=VECTOR('',#5815,10.);
#1746=VECTOR('',#5818,10.);
#1747=VECTOR('',#5821,10.);
#1748=VECTOR('',#5824,10.);
#1749=VECTOR('',#5827,10.);
#1750=VECTOR('',#5830,10.);
#1751=VECTOR('',#5833,10.);
#1752=VECTOR('',#5836,10.);
#1753=VECTOR('',#5839,10.);
#1754=VECTOR('',#5842,10.);
#1755=VECTOR('',#5845,10.);
#1756=VECTOR('',#5848,10.);
#1757=VECTOR('',#5851,10.);
#1758=VECTOR('',#5854,10.);
#1759=VECTOR('',#5857,10.);
#1760=VECTOR('',#5860,10.);
#1761=VECTOR('',#5863,10.);
#1762=VECTOR('',#5870,10.);
#1763=VECTOR('',#5871,10.);
#1764=VECTOR('',#5872,10.);
#1765=VECTOR('',#5873,10.);
#1766=VECTOR('',#5888,10.);
#1767=VECTOR('',#5889,10.);
#1768=VECTOR('',#5892,10.);
#1769=VECTOR('',#5893,10.);
#1770=VECTOR('',#5900,10.);
#1771=VECTOR('',#5903,10.);
#1772=VECTOR('',#5904,10.);
#1773=VECTOR('',#5909,10.);
#1774=VECTOR('',#5912,10.);
#1775=VECTOR('',#5913,10.);
#1776=VECTOR('',#5918,10.);
#1777=VECTOR('',#5921,10.);
#1778=VECTOR('',#5922,10.);
#1779=VECTOR('',#5923,10.);
#1780=VECTOR('',#5928,10.);
#1781=VECTOR('',#5931,10.);
#1782=VECTOR('',#5932,10.);
#1783=VECTOR('',#5937,10.);
#1784=VECTOR('',#5940,10.);
#1785=VECTOR('',#5941,10.);
#1786=VECTOR('',#5946,10.);
#1787=VECTOR('',#5949,10.);
#1788=VECTOR('',#5950,10.);
#1789=VECTOR('',#5957,10.);
#1790=VECTOR('',#5958,10.);
#1791=VECTOR('',#5959,10.);
#1792=VECTOR('',#5964,10.);
#1793=VECTOR('',#5967,10.);
#1794=VECTOR('',#5968,10.);
#1795=VECTOR('',#5973,10.);
#1796=VECTOR('',#5976,10.);
#1797=VECTOR('',#5977,10.);
#1798=VECTOR('',#5982,10.);
#1799=VECTOR('',#5985,10.);
#1800=VECTOR('',#5986,10.);
#1801=VECTOR('',#5993,10.);
#1802=VECTOR('',#5994,10.);
#1803=VECTOR('',#5995,10.);
#1804=VECTOR('',#6000,10.);
#1805=VECTOR('',#6003,10.);
#1806=VECTOR('',#6004,10.);
#1807=VECTOR('',#6009,10.);
#1808=VECTOR('',#6012,10.);
#1809=VECTOR('',#6013,10.);
#1810=VECTOR('',#6018,10.);
#1811=VECTOR('',#6021,10.);
#1812=VECTOR('',#6022,10.);
#1813=VECTOR('',#6029,10.);
#1814=VECTOR('',#6030,10.);
#1815=VECTOR('',#6031,10.);
#1816=VECTOR('',#6036,10.);
#1817=VECTOR('',#6039,10.);
#1818=VECTOR('',#6040,10.);
#1819=VECTOR('',#6045,10.);
#1820=VECTOR('',#6048,10.);
#1821=VECTOR('',#6049,10.);
#1822=VECTOR('',#6054,10.);
#1823=VECTOR('',#6057,10.);
#1824=VECTOR('',#6058,10.);
#1825=VECTOR('',#6065,10.);
#1826=VECTOR('',#6066,10.);
#1827=VECTOR('',#6067,10.);
#1828=VECTOR('',#6072,10.);
#1829=VECTOR('',#6075,10.);
#1830=VECTOR('',#6076,10.);
#1831=VECTOR('',#6081,10.);
#1832=VECTOR('',#6084,10.);
#1833=VECTOR('',#6085,10.);
#1834=VECTOR('',#6090,10.);
#1835=VECTOR('',#6093,10.);
#1836=VECTOR('',#6094,10.);
#1837=VECTOR('',#6101,10.);
#1838=VECTOR('',#6102,10.);
#1839=VECTOR('',#6103,10.);
#1840=VECTOR('',#6108,10.);
#1841=VECTOR('',#6111,10.);
#1842=VECTOR('',#6112,10.);
#1843=VECTOR('',#6117,10.);
#1844=VECTOR('',#6120,10.);
#1845=VECTOR('',#6121,10.);
#1846=VECTOR('',#6126,10.);
#1847=VECTOR('',#6129,10.);
#1848=VECTOR('',#6130,10.);
#1849=VECTOR('',#6137,10.);
#1850=VECTOR('',#6138,10.);
#1851=VECTOR('',#6139,10.);
#1852=VECTOR('',#6144,10.);
#1853=VECTOR('',#6147,10.);
#1854=VECTOR('',#6148,10.);
#1855=VECTOR('',#6153,10.);
#1856=VECTOR('',#6156,10.);
#1857=VECTOR('',#6157,10.);
#1858=VECTOR('',#6162,10.);
#1859=VECTOR('',#6165,10.);
#1860=VECTOR('',#6166,10.);
#1861=VECTOR('',#6173,10.);
#1862=VECTOR('',#6174,10.);
#1863=VECTOR('',#6175,10.);
#1864=VECTOR('',#6180,10.);
#1865=VECTOR('',#6183,10.);
#1866=VECTOR('',#6184,10.);
#1867=VECTOR('',#6189,10.);
#1868=VECTOR('',#6192,10.);
#1869=VECTOR('',#6193,10.);
#1870=VECTOR('',#6198,10.);
#1871=VECTOR('',#6201,10.);
#1872=VECTOR('',#6202,10.);
#1873=VECTOR('',#6209,10.);
#1874=VECTOR('',#6210,10.);
#1875=VECTOR('',#6211,10.);
#1876=VECTOR('',#6216,10.);
#1877=VECTOR('',#6219,10.);
#1878=VECTOR('',#6220,10.);
#1879=VECTOR('',#6225,10.);
#1880=VECTOR('',#6228,10.);
#1881=VECTOR('',#6229,10.);
#1882=VECTOR('',#6234,10.);
#1883=VECTOR('',#6237,10.);
#1884=VECTOR('',#6238,10.);
#1885=VECTOR('',#6247,1.7);
#1886=VECTOR('',#6252,1.7);
#1887=VECTOR('',#6255,10.);
#1888=VECTOR('',#6256,10.);
#1889=VECTOR('',#6257,10.);
#1890=VECTOR('',#6260,10.);
#1891=VECTOR('',#6261,10.);
#1892=VECTOR('',#6264,10.);
#1893=VECTOR('',#6265,10.);
#1894=VECTOR('',#6268,10.);
#1895=VECTOR('',#6273,1.7);
#1896=VECTOR('',#6278,1.7);
#1897=VECTOR('',#6281,10.);
#1898=CIRCLE('',#5017,5.);
#1899=CIRCLE('',#5018,5.);
#1900=CIRCLE('',#5021,5.);
#1901=CIRCLE('',#5022,5.);
#1902=CIRCLE('',#5023,5.);
#1903=CIRCLE('',#5024,1.69999999999999);
#1904=CIRCLE('',#5025,1.7);
#1905=CIRCLE('',#5026,1.7);
#1906=CIRCLE('',#5027,1.69999999999999);
#1907=CIRCLE('',#5029,5.);
#1908=CIRCLE('',#5032,5.);
#1909=CIRCLE('',#5035,5.);
#1910=CIRCLE('',#5044,3.);
#1911=CIRCLE('',#5045,3.);
#1912=CIRCLE('',#5047,3.);
#1913=CIRCLE('',#5048,3.);
#1914=CIRCLE('',#5050,2.99999999999999);
#1915=CIRCLE('',#5051,2.99999999999999);
#1916=CIRCLE('',#5053,3.00000000000001);
#1917=CIRCLE('',#5054,3.00000000000001);
#1918=CIRCLE('',#5059,1.7);
#1919=CIRCLE('',#5062,1.7);
#1920=CIRCLE('',#5065,1.69999999999999);
#1921=CIRCLE('',#5068,1.69999999999999);
#1922=CIRCLE('',#5114,5.);
#1923=CIRCLE('',#5115,5.);
#1924=CIRCLE('',#5116,5.);
#1925=CIRCLE('',#5117,5.);
#1926=CIRCLE('',#5118,0.499999999999998);
#1927=CIRCLE('',#5119,0.5);
#1928=CIRCLE('',#5120,0.500000000000003);
#1929=CIRCLE('',#5121,0.499999999999998);
#1930=CIRCLE('',#5122,0.499999999999998);
#1931=CIRCLE('',#5123,0.499999999999998);
#1932=CIRCLE('',#5124,0.499999999999998);
#1933=CIRCLE('',#5125,0.499999999999998);
#1934=CIRCLE('',#5126,0.499999999999998);
#1935=CIRCLE('',#5127,0.499999999999998);
#1936=CIRCLE('',#5128,0.500000000000003);
#1937=CIRCLE('',#5129,0.499999999999998);
#1938=CIRCLE('',#5130,0.499999999999998);
#1939=CIRCLE('',#5131,0.499999999999998);
#1940=CIRCLE('',#5132,0.500000000000003);
#1941=CIRCLE('',#5133,0.500000000000003);
#1942=CIRCLE('',#5134,0.499999999999998);
#1943=CIRCLE('',#5135,0.5);
#1944=CIRCLE('',#5136,0.499999999999998);
#1945=CIRCLE('',#5137,0.499999999999998);
#1946=CIRCLE('',#5138,0.499999999999998);
#1947=CIRCLE('',#5139,0.499999999999998);
#1948=CIRCLE('',#5140,0.499999999999998);
#1949=CIRCLE('',#5141,0.500000000000003);
#1950=CIRCLE('',#5142,0.499999999999998);
#1951=CIRCLE('',#5143,0.499999999999998);
#1952=CIRCLE('',#5144,0.499999999999998);
#1953=CIRCLE('',#5145,0.499999999999998);
#1954=CIRCLE('',#5146,0.499999999999998);
#1955=CIRCLE('',#5147,0.499999999999998);
#1956=CIRCLE('',#5148,0.499999999999998);
#1957=CIRCLE('',#5149,0.500000000000003);
#1958=CIRCLE('',#5150,0.499999999999998);
#1959=CIRCLE('',#5151,0.5);
#1960=CIRCLE('',#5152,0.499999999999998);
#1961=CIRCLE('',#5153,0.499999999999998);
#1962=CIRCLE('',#5154,1.7);
#1963=CIRCLE('',#5155,1.7);
#1964=CIRCLE('',#5156,1.7);
#1965=CIRCLE('',#5157,1.7);
#1966=CIRCLE('',#5162,5.);
#1967=CIRCLE('',#5166,5.);
#1968=CIRCLE('',#5169,5.);
#1969=CIRCLE('',#5172,5.);
#1970=CIRCLE('',#5175,0.5);
#1971=CIRCLE('',#5178,0.499999999999998);
#1972=CIRCLE('',#5181,0.499999999999998);
#1973=CIRCLE('',#5184,0.500000000000003);
#1974=CIRCLE('',#5187,0.499999999999998);
#1975=CIRCLE('',#5190,0.499999999999998);
#1976=CIRCLE('',#5193,0.499999999999998);
#1977=CIRCLE('',#5196,0.499999999999998);
#1978=CIRCLE('',#5199,0.499999999999998);
#1979=CIRCLE('',#5202,0.499999999999998);
#1980=CIRCLE('',#5205,0.499999999999998);
#1981=CIRCLE('',#5208,0.500000000000003);
#1982=CIRCLE('',#5211,0.499999999999998);
#1983=CIRCLE('',#5214,0.499999999999998);
#1984=CIRCLE('',#5217,0.500000000000003);
#1985=CIRCLE('',#5220,0.500000000000003);
#1986=CIRCLE('',#5223,0.5);
#1987=CIRCLE('',#5226,0.499999999999998);
#1988=CIRCLE('',#5229,0.499999999999998);
#1989=CIRCLE('',#5232,0.499999999999998);
#1990=CIRCLE('',#5235,0.499999999999998);
#1991=CIRCLE('',#5238,0.499999999999998);
#1992=CIRCLE('',#5241,0.500000000000003);
#1993=CIRCLE('',#5244,0.499999999999998);
#1994=CIRCLE('',#5247,0.499999999999998);
#1995=CIRCLE('',#5250,0.499999999999998);
#1996=CIRCLE('',#5253,0.499999999999998);
#1997=CIRCLE('',#5256,0.499999999999998);
#1998=CIRCLE('',#5259,0.499999999999998);
#1999=CIRCLE('',#5262,0.499999999999998);
#2000=CIRCLE('',#5265,0.500000000000003);
#2001=CIRCLE('',#5268,0.499999999999998);
#2002=CIRCLE('',#5271,0.5);
#2003=CIRCLE('',#5274,0.499999999999998);
#2004=CIRCLE('',#5277,0.499999999999998);
#2005=CIRCLE('',#5280,0.499999999999998);
#2006=CIRCLE('',#5282,1.7);
#2007=CIRCLE('',#5284,1.7);
#2008=CIRCLE('',#5290,1.7);
#2009=CIRCLE('',#5292,1.7);
#2010=VERTEX_POINT('',#6293);
#2011=VERTEX_POINT('',#6294);
#2012=VERTEX_POINT('',#6296);
#2013=VERTEX_POINT('',#6298);
#2014=VERTEX_POINT('',#6302);
#2015=VERTEX_POINT('',#6304);
#2016=VERTEX_POINT('',#6308);
#2017=VERTEX_POINT('',#6310);
#2018=VERTEX_POINT('',#6312);
#2019=VERTEX_POINT('',#6314);
#2020=VERTEX_POINT('',#6316);
#2021=VERTEX_POINT('',#6318);
#2022=VERTEX_POINT('',#6320);
#2023=VERTEX_POINT('',#6322);
#2024=VERTEX_POINT('',#6324);
#2025=VERTEX_POINT('',#6326);
#2026=VERTEX_POINT('',#6328);
#2027=VERTEX_POINT('',#6330);
#2028=VERTEX_POINT('',#6332);
#2029=VERTEX_POINT('',#6335);
#2030=VERTEX_POINT('',#6337);
#2031=VERTEX_POINT('',#6339);
#2032=VERTEX_POINT('',#6341);
#2033=VERTEX_POINT('',#6344);
#2034=VERTEX_POINT('',#6348);
#2035=VERTEX_POINT('',#6352);
#2036=VERTEX_POINT('',#6356);
#2037=VERTEX_POINT('',#6358);
#2038=VERTEX_POINT('',#6361);
#2039=VERTEX_POINT('',#6365);
#2040=VERTEX_POINT('',#6371);
#2041=VERTEX_POINT('',#6375);
#2042=VERTEX_POINT('',#6381);
#2043=VERTEX_POINT('',#6383);
#2044=VERTEX_POINT('',#6387);
#2045=VERTEX_POINT('',#6389);
#2046=VERTEX_POINT('',#6395);
#2047=VERTEX_POINT('',#6397);
#2048=VERTEX_POINT('',#6401);
#2049=VERTEX_POINT('',#6403);
#2050=VERTEX_POINT('',#6407);
#2051=VERTEX_POINT('',#6409);
#2052=VERTEX_POINT('',#6413);
#2053=VERTEX_POINT('',#6415);
#2054=VERTEX_POINT('',#6423);
#2055=VERTEX_POINT('',#6428);
#2056=VERTEX_POINT('',#6433);
#2057=VERTEX_POINT('',#6438);
#2058=VERTEX_POINT('',#6444);
#2059=VERTEX_POINT('',#6445);
#2060=VERTEX_POINT('',#6447);
#2061=VERTEX_POINT('',#6449);
#2062=VERTEX_POINT('',#6453);
#2063=VERTEX_POINT('',#6455);
#2064=VERTEX_POINT('',#6459);
#2065=VERTEX_POINT('',#6461);
#2066=VERTEX_POINT('',#6478);
#2067=VERTEX_POINT('',#6479);
#2068=VERTEX_POINT('',#6485);
#2069=VERTEX_POINT('',#6487);
#2070=VERTEX_POINT('',#6504);
#2071=VERTEX_POINT('',#6510);
#2072=VERTEX_POINT('',#6527);
#2073=VERTEX_POINT('',#6533);
#2074=VERTEX_POINT('',#6550);
#2075=VERTEX_POINT('',#6556);
#2076=VERTEX_POINT('',#6573);
#2077=VERTEX_POINT('',#6579);
#2078=VERTEX_POINT('',#6596);
#2079=VERTEX_POINT('',#6602);
#2080=VERTEX_POINT('',#6619);
#2081=VERTEX_POINT('',#6625);
#2082=VERTEX_POINT('',#6653);
#2083=VERTEX_POINT('',#6654);
#2084=VERTEX_POINT('',#6656);
#2085=VERTEX_POINT('',#6658);
#2086=VERTEX_POINT('',#6662);
#2087=VERTEX_POINT('',#6664);
#2088=VERTEX_POINT('',#6668);
#2089=VERTEX_POINT('',#6670);
#2090=VERTEX_POINT('',#6683);
#2091=VERTEX_POINT('',#6689);
#2092=VERTEX_POINT('',#6706);
#2093=VERTEX_POINT('',#6712);
#2094=VERTEX_POINT('',#6729);
#2095=VERTEX_POINT('',#6735);
#2096=VERTEX_POINT('',#6752);
#2097=VERTEX_POINT('',#6758);
#2098=VERTEX_POINT('',#6775);
#2099=VERTEX_POINT('',#6781);
#2100=VERTEX_POINT('',#6798);
#2101=VERTEX_POINT('',#6804);
#2102=VERTEX_POINT('',#6821);
#2103=VERTEX_POINT('',#6827);
#2104=VERTEX_POINT('',#6844);
#2105=VERTEX_POINT('',#6850);
#2106=VERTEX_POINT('',#6867);
#2107=VERTEX_POINT('',#6873);
#2108=VERTEX_POINT('',#6881);
#2109=VERTEX_POINT('',#6883);
#2110=VERTEX_POINT('',#6900);
#2111=VERTEX_POINT('',#6901);
#2112=VERTEX_POINT('',#6907);
#2113=VERTEX_POINT('',#6909);
#2114=VERTEX_POINT('',#6926);
#2115=VERTEX_POINT('',#6932);
#2116=VERTEX_POINT('',#6949);
#2117=VERTEX_POINT('',#6955);
#2118=VERTEX_POINT('',#6972);
#2119=VERTEX_POINT('',#6978);
#2120=VERTEX_POINT('',#6995);
#2121=VERTEX_POINT('',#7001);
#2122=VERTEX_POINT('',#7018);
#2123=VERTEX_POINT('',#7024);
#2124=VERTEX_POINT('',#7041);
#2125=VERTEX_POINT('',#7047);
#2126=VERTEX_POINT('',#7075);
#2127=VERTEX_POINT('',#7076);
#2128=VERTEX_POINT('',#7078);
#2129=VERTEX_POINT('',#7080);
#2130=VERTEX_POINT('',#7093);
#2131=VERTEX_POINT('',#7099);
#2132=VERTEX_POINT('',#7116);
#2133=VERTEX_POINT('',#7122);
#2134=VERTEX_POINT('',#7139);
#2135=VERTEX_POINT('',#7145);
#2136=VERTEX_POINT('',#7162);
#2137=VERTEX_POINT('',#7168);
#2138=VERTEX_POINT('',#7185);
#2139=VERTEX_POINT('',#7191);
#2140=VERTEX_POINT('',#7208);
#2141=VERTEX_POINT('',#7214);
#2142=VERTEX_POINT('',#7231);
#2143=VERTEX_POINT('',#7237);
#2144=VERTEX_POINT('',#7254);
#2145=VERTEX_POINT('',#7260);
#2146=VERTEX_POINT('',#7277);
#2147=VERTEX_POINT('',#7283);
#2148=VERTEX_POINT('',#7300);
#2149=VERTEX_POINT('',#7306);
#2150=VERTEX_POINT('',#7314);
#2151=VERTEX_POINT('',#7316);
#2152=VERTEX_POINT('',#7320);
#2153=VERTEX_POINT('',#7322);
#2154=VERTEX_POINT('',#7326);
#2155=VERTEX_POINT('',#7328);
#2156=VERTEX_POINT('',#7345);
#2157=VERTEX_POINT('',#7346);
#2158=VERTEX_POINT('',#7352);
#2159=VERTEX_POINT('',#7354);
#2160=VERTEX_POINT('',#7371);
#2161=VERTEX_POINT('',#7377);
#2162=VERTEX_POINT('',#7394);
#2163=VERTEX_POINT('',#7400);
#2164=VERTEX_POINT('',#7417);
#2165=VERTEX_POINT('',#7423);
#2166=VERTEX_POINT('',#7440);
#2167=VERTEX_POINT('',#7446);
#2168=VERTEX_POINT('',#7463);
#2169=VERTEX_POINT('',#7469);
#2170=VERTEX_POINT('',#7486);
#2171=VERTEX_POINT('',#7492);
#2172=VERTEX_POINT('',#7509);
#2173=VERTEX_POINT('',#7515);
#2174=VERTEX_POINT('',#7532);
#2175=VERTEX_POINT('',#7538);
#2176=VERTEX_POINT('',#7549);
#2177=VERTEX_POINT('',#7550);
#2178=VERTEX_POINT('',#7552);
#2179=VERTEX_POINT('',#7554);
#2180=VERTEX_POINT('',#7567);
#2181=VERTEX_POINT('',#7573);
#2182=VERTEX_POINT('',#7590);
#2183=VERTEX_POINT('',#7596);
#2184=VERTEX_POINT('',#7604);
#2185=VERTEX_POINT('',#7606);
#2186=VERTEX_POINT('',#7619);
#2187=VERTEX_POINT('',#7625);
#2188=VERTEX_POINT('',#7642);
#2189=VERTEX_POINT('',#7648);
#2190=VERTEX_POINT('',#7665);
#2191=VERTEX_POINT('',#7671);
#2192=VERTEX_POINT('',#7688);
#2193=VERTEX_POINT('',#7694);
#2194=VERTEX_POINT('',#7711);
#2195=VERTEX_POINT('',#7717);
#2196=VERTEX_POINT('',#7734);
#2197=VERTEX_POINT('',#7740);
#2198=VERTEX_POINT('',#7757);
#2199=VERTEX_POINT('',#7763);
#2200=VERTEX_POINT('',#7771);
#2201=VERTEX_POINT('',#7773);
#2202=VERTEX_POINT('',#7786);
#2203=VERTEX_POINT('',#7792);
#2204=VERTEX_POINT('',#7809);
#2205=VERTEX_POINT('',#7815);
#2206=VERTEX_POINT('',#7832);
#2207=VERTEX_POINT('',#7838);
#2208=VERTEX_POINT('',#7855);
#2209=VERTEX_POINT('',#7861);
#2210=VERTEX_POINT('',#7878);
#2211=VERTEX_POINT('',#7884);
#2212=VERTEX_POINT('',#7901);
#2213=VERTEX_POINT('',#7907);
#2214=VERTEX_POINT('',#7924);
#2215=VERTEX_POINT('',#7930);
#2216=VERTEX_POINT('',#7947);
#2217=VERTEX_POINT('',#7953);
#2218=VERTEX_POINT('',#7970);
#2219=VERTEX_POINT('',#7976);
#2220=VERTEX_POINT('',#7993);
#2221=VERTEX_POINT('',#7999);
#2222=VERTEX_POINT('',#8016);
#2223=VERTEX_POINT('',#8022);
#2224=VERTEX_POINT('',#8039);
#2225=VERTEX_POINT('',#8045);
#2226=VERTEX_POINT('',#8062);
#2227=VERTEX_POINT('',#8068);
#2228=VERTEX_POINT('',#8085);
#2229=VERTEX_POINT('',#8091);
#2230=VERTEX_POINT('',#8120);
#2231=VERTEX_POINT('',#8121);
#2232=VERTEX_POINT('',#8123);
#2233=VERTEX_POINT('',#8125);
#2234=VERTEX_POINT('',#8129);
#2235=VERTEX_POINT('',#8131);
#2236=VERTEX_POINT('',#8135);
#2237=VERTEX_POINT('',#8137);
#2238=VERTEX_POINT('',#8145);
#2239=VERTEX_POINT('',#8146);
#2240=VERTEX_POINT('',#8148);
#2241=VERTEX_POINT('',#8150);
#2242=VERTEX_POINT('',#8163);
#2243=VERTEX_POINT('',#8169);
#2244=VERTEX_POINT('',#8186);
#2245=VERTEX_POINT('',#8192);
#2246=VERTEX_POINT('',#8209);
#2247=VERTEX_POINT('',#8215);
#2248=VERTEX_POINT('',#8232);
#2249=VERTEX_POINT('',#8238);
#2250=VERTEX_POINT('',#8255);
#2251=VERTEX_POINT('',#8261);
#2252=VERTEX_POINT('',#8278);
#2253=VERTEX_POINT('',#8284);
#2254=VERTEX_POINT('',#8292);
#2255=VERTEX_POINT('',#8294);
#2256=VERTEX_POINT('',#8298);
#2257=VERTEX_POINT('',#8300);
#2258=VERTEX_POINT('',#8304);
#2259=VERTEX_POINT('',#8306);
#2260=VERTEX_POINT('',#8310);
#2261=VERTEX_POINT('',#8312);
#2262=VERTEX_POINT('',#8316);
#2263=VERTEX_POINT('',#8318);
#2264=VERTEX_POINT('',#8331);
#2265=VERTEX_POINT('',#8337);
#2266=VERTEX_POINT('',#8354);
#2267=VERTEX_POINT('',#8360);
#2268=VERTEX_POINT('',#8377);
#2269=VERTEX_POINT('',#8383);
#2270=VERTEX_POINT('',#8400);
#2271=VERTEX_POINT('',#8406);
#2272=VERTEX_POINT('',#8414);
#2273=VERTEX_POINT('',#8416);
#2274=VERTEX_POINT('',#8420);
#2275=VERTEX_POINT('',#8422);
#2276=VERTEX_POINT('',#8426);
#2277=VERTEX_POINT('',#8428);
#2278=VERTEX_POINT('',#8445);
#2279=VERTEX_POINT('',#8446);
#2280=VERTEX_POINT('',#8452);
#2281=VERTEX_POINT('',#8454);
#2282=VERTEX_POINT('',#8471);
#2283=VERTEX_POINT('',#8477);
#2284=VERTEX_POINT('',#8494);
#2285=VERTEX_POINT('',#8500);
#2286=VERTEX_POINT('',#8508);
#2287=VERTEX_POINT('',#8510);
#2288=VERTEX_POINT('',#8543);
#2289=VERTEX_POINT('',#8544);
#2290=VERTEX_POINT('',#8550);
#2291=VERTEX_POINT('',#8552);
#2292=VERTEX_POINT('',#8569);
#2293=VERTEX_POINT('',#8575);
#2294=VERTEX_POINT('',#8592);
#2295=VERTEX_POINT('',#8598);
#2296=VERTEX_POINT('',#8606);
#2297=VERTEX_POINT('',#8608);
#2298=VERTEX_POINT('',#8621);
#2299=VERTEX_POINT('',#8627);
#2300=VERTEX_POINT('',#8644);
#2301=VERTEX_POINT('',#8650);
#2302=VERTEX_POINT('',#8667);
#2303=VERTEX_POINT('',#8673);
#2304=VERTEX_POINT('',#8690);
#2305=VERTEX_POINT('',#8696);
#2306=VERTEX_POINT('',#8713);
#2307=VERTEX_POINT('',#8719);
#2308=VERTEX_POINT('',#8736);
#2309=VERTEX_POINT('',#8742);
#2310=VERTEX_POINT('',#8759);
#2311=VERTEX_POINT('',#8765);
#2312=VERTEX_POINT('',#8782);
#2313=VERTEX_POINT('',#8788);
#2314=VERTEX_POINT('',#8805);
#2315=VERTEX_POINT('',#8811);
#2316=VERTEX_POINT('',#8819);
#2317=VERTEX_POINT('',#8821);
#2318=VERTEX_POINT('',#8846);
#2319=VERTEX_POINT('',#8847);
#2320=VERTEX_POINT('',#8849);
#2321=VERTEX_POINT('',#8851);
#2322=VERTEX_POINT('',#8853);
#2323=VERTEX_POINT('',#8855);
#2324=VERTEX_POINT('',#8857);
#2325=VERTEX_POINT('',#8859);
#2326=VERTEX_POINT('',#8862);
#2327=VERTEX_POINT('',#8863);
#2328=VERTEX_POINT('',#8865);
#2329=VERTEX_POINT('',#8867);
#2330=VERTEX_POINT('',#8869);
#2331=VERTEX_POINT('',#8871);
#2332=VERTEX_POINT('',#8873);
#2333=VERTEX_POINT('',#8875);
#2334=VERTEX_POINT('',#8878);
#2335=VERTEX_POINT('',#8879);
#2336=VERTEX_POINT('',#8881);
#2337=VERTEX_POINT('',#8883);
#2338=VERTEX_POINT('',#8885);
#2339=VERTEX_POINT('',#8887);
#2340=VERTEX_POINT('',#8889);
#2341=VERTEX_POINT('',#8891);
#2342=VERTEX_POINT('',#8894);
#2343=VERTEX_POINT('',#8895);
#2344=VERTEX_POINT('',#8897);
#2345=VERTEX_POINT('',#8899);
#2346=VERTEX_POINT('',#8901);
#2347=VERTEX_POINT('',#8903);
#2348=VERTEX_POINT('',#8905);
#2349=VERTEX_POINT('',#8907);
#2350=VERTEX_POINT('',#8910);
#2351=VERTEX_POINT('',#8911);
#2352=VERTEX_POINT('',#8913);
#2353=VERTEX_POINT('',#8915);
#2354=VERTEX_POINT('',#8917);
#2355=VERTEX_POINT('',#8919);
#2356=VERTEX_POINT('',#8921);
#2357=VERTEX_POINT('',#8923);
#2358=VERTEX_POINT('',#8926);
#2359=VERTEX_POINT('',#8927);
#2360=VERTEX_POINT('',#8929);
#2361=VERTEX_POINT('',#8931);
#2362=VERTEX_POINT('',#8933);
#2363=VERTEX_POINT('',#8935);
#2364=VERTEX_POINT('',#8937);
#2365=VERTEX_POINT('',#8939);
#2366=VERTEX_POINT('',#8942);
#2367=VERTEX_POINT('',#8943);
#2368=VERTEX_POINT('',#8945);
#2369=VERTEX_POINT('',#8947);
#2370=VERTEX_POINT('',#8949);
#2371=VERTEX_POINT('',#8951);
#2372=VERTEX_POINT('',#8953);
#2373=VERTEX_POINT('',#8955);
#2374=VERTEX_POINT('',#8958);
#2375=VERTEX_POINT('',#8959);
#2376=VERTEX_POINT('',#8961);
#2377=VERTEX_POINT('',#8963);
#2378=VERTEX_POINT('',#8965);
#2379=VERTEX_POINT('',#8967);
#2380=VERTEX_POINT('',#8969);
#2381=VERTEX_POINT('',#8971);
#2382=VERTEX_POINT('',#8974);
#2383=VERTEX_POINT('',#8975);
#2384=VERTEX_POINT('',#8977);
#2385=VERTEX_POINT('',#8979);
#2386=VERTEX_POINT('',#8981);
#2387=VERTEX_POINT('',#8983);
#2388=VERTEX_POINT('',#8985);
#2389=VERTEX_POINT('',#8987);
#2390=VERTEX_POINT('',#8990);
#2391=VERTEX_POINT('',#8991);
#2392=VERTEX_POINT('',#8993);
#2393=VERTEX_POINT('',#8995);
#2394=VERTEX_POINT('',#8997);
#2395=VERTEX_POINT('',#8999);
#2396=VERTEX_POINT('',#9001);
#2397=VERTEX_POINT('',#9003);
#2398=VERTEX_POINT('',#9006);
#2399=VERTEX_POINT('',#9008);
#2400=VERTEX_POINT('',#9010);
#2401=VERTEX_POINT('',#9011);
#2402=VERTEX_POINT('',#9013);
#2403=VERTEX_POINT('',#9015);
#2404=VERTEX_POINT('',#9018);
#2405=VERTEX_POINT('',#9020);
#2406=VERTEX_POINT('',#9026);
#2407=VERTEX_POINT('',#9027);
#2408=VERTEX_POINT('',#9032);
#2409=VERTEX_POINT('',#9037);
#2410=VERTEX_POINT('',#9041);
#2411=VERTEX_POINT('',#9045);
#2412=VERTEX_POINT('',#9049);
#2413=VERTEX_POINT('',#9053);
#2414=VERTEX_POINT('',#9057);
#2415=VERTEX_POINT('',#9058);
#2416=VERTEX_POINT('',#9063);
#2417=VERTEX_POINT('',#9067);
#2418=VERTEX_POINT('',#9071);
#2419=VERTEX_POINT('',#9075);
#2420=VERTEX_POINT('',#9079);
#2421=VERTEX_POINT('',#9083);
#2422=VERTEX_POINT('',#9089);
#2423=VERTEX_POINT('',#9090);
#2424=VERTEX_POINT('',#9095);
#2425=VERTEX_POINT('',#9099);
#2426=VERTEX_POINT('',#9103);
#2427=VERTEX_POINT('',#9107);
#2428=VERTEX_POINT('',#9111);
#2429=VERTEX_POINT('',#9115);
#2430=VERTEX_POINT('',#9121);
#2431=VERTEX_POINT('',#9122);
#2432=VERTEX_POINT('',#9127);
#2433=VERTEX_POINT('',#9131);
#2434=VERTEX_POINT('',#9135);
#2435=VERTEX_POINT('',#9139);
#2436=VERTEX_POINT('',#9143);
#2437=VERTEX_POINT('',#9147);
#2438=VERTEX_POINT('',#9153);
#2439=VERTEX_POINT('',#9154);
#2440=VERTEX_POINT('',#9159);
#2441=VERTEX_POINT('',#9163);
#2442=VERTEX_POINT('',#9167);
#2443=VERTEX_POINT('',#9171);
#2444=VERTEX_POINT('',#9175);
#2445=VERTEX_POINT('',#9179);
#2446=VERTEX_POINT('',#9185);
#2447=VERTEX_POINT('',#9186);
#2448=VERTEX_POINT('',#9191);
#2449=VERTEX_POINT('',#9195);
#2450=VERTEX_POINT('',#9199);
#2451=VERTEX_POINT('',#9203);
#2452=VERTEX_POINT('',#9207);
#2453=VERTEX_POINT('',#9211);
#2454=VERTEX_POINT('',#9217);
#2455=VERTEX_POINT('',#9218);
#2456=VERTEX_POINT('',#9223);
#2457=VERTEX_POINT('',#9227);
#2458=VERTEX_POINT('',#9231);
#2459=VERTEX_POINT('',#9235);
#2460=VERTEX_POINT('',#9239);
#2461=VERTEX_POINT('',#9243);
#2462=VERTEX_POINT('',#9249);
#2463=VERTEX_POINT('',#9250);
#2464=VERTEX_POINT('',#9255);
#2465=VERTEX_POINT('',#9259);
#2466=VERTEX_POINT('',#9263);
#2467=VERTEX_POINT('',#9267);
#2468=VERTEX_POINT('',#9271);
#2469=VERTEX_POINT('',#9275);
#2470=VERTEX_POINT('',#9281);
#2471=VERTEX_POINT('',#9282);
#2472=VERTEX_POINT('',#9287);
#2473=VERTEX_POINT('',#9291);
#2474=VERTEX_POINT('',#9295);
#2475=VERTEX_POINT('',#9299);
#2476=VERTEX_POINT('',#9303);
#2477=VERTEX_POINT('',#9307);
#2478=VERTEX_POINT('',#9313);
#2479=VERTEX_POINT('',#9314);
#2480=VERTEX_POINT('',#9319);
#2481=VERTEX_POINT('',#9323);
#2482=VERTEX_POINT('',#9327);
#2483=VERTEX_POINT('',#9331);
#2484=VERTEX_POINT('',#9335);
#2485=VERTEX_POINT('',#9339);
#2486=VERTEX_POINT('',#9345);
#2487=VERTEX_POINT('',#9349);
#2488=VERTEX_POINT('',#9353);
#2489=VERTEX_POINT('',#9355);
#2490=VERTEX_POINT('',#9359);
#2491=VERTEX_POINT('',#9363);
#2492=VERTEX_POINT('',#9369);
#2493=VERTEX_POINT('',#9373);
#2494=EDGE_CURVE('',#2010,#2011,#1898,.T.);
#2495=EDGE_CURVE('',#2011,#2012,#1050,.T.);
#2496=EDGE_CURVE('',#2012,#2013,#1899,.T.);
#2497=EDGE_CURVE('',#2013,#2010,#1051,.T.);
#2498=EDGE_CURVE('',#2014,#2011,#1052,.T.);
#2499=EDGE_CURVE('',#2015,#2014,#1053,.T.);
#2500=EDGE_CURVE('',#2012,#2015,#1054,.T.);
#2501=EDGE_CURVE('',#2010,#2016,#1055,.T.);
#2502=EDGE_CURVE('',#2017,#2016,#1900,.T.);
#2503=EDGE_CURVE('',#2017,#2018,#1056,.T.);
#2504=EDGE_CURVE('',#2018,#2019,#1057,.T.);
#2505=EDGE_CURVE('',#2019,#2020,#1058,.T.);
#2506=EDGE_CURVE('',#2020,#2021,#1059,.T.);
#2507=EDGE_CURVE('',#2021,#2022,#1060,.T.);
#2508=EDGE_CURVE('',#2022,#2023,#1061,.T.);
#2509=EDGE_CURVE('',#2023,#2024,#1062,.T.);
#2510=EDGE_CURVE('',#2024,#2025,#1063,.T.);
#2511=EDGE_CURVE('',#2025,#2026,#1064,.T.);
#2512=EDGE_CURVE('',#2027,#2026,#1901,.T.);
#2513=EDGE_CURVE('',#2027,#2028,#1065,.T.);
#2514=EDGE_CURVE('',#2014,#2028,#1902,.T.);
#2515=EDGE_CURVE('',#2029,#2029,#1903,.T.);
#2516=EDGE_CURVE('',#2030,#2030,#1904,.T.);
#2517=EDGE_CURVE('',#2031,#2031,#1905,.T.);
#2518=EDGE_CURVE('',#2032,#2032,#1906,.T.);
#2519=EDGE_CURVE('',#2028,#2033,#1066,.T.);
#2520=EDGE_CURVE('',#2033,#2015,#1907,.T.);
#2521=EDGE_CURVE('',#2034,#2027,#1067,.T.);
#2522=EDGE_CURVE('',#2033,#2034,#1068,.T.);
#2523=EDGE_CURVE('',#2026,#2035,#1069,.T.);
#2524=EDGE_CURVE('',#2035,#2034,#1908,.T.);
#2525=EDGE_CURVE('',#2025,#2036,#1070,.T.);
#2526=EDGE_CURVE('',#2036,#2037,#1071,.T.);
#2527=EDGE_CURVE('',#2037,#2018,#1072,.T.);
#2528=EDGE_CURVE('',#2038,#2017,#1073,.T.);
#2529=EDGE_CURVE('',#2035,#2038,#1074,.T.);
#2530=EDGE_CURVE('',#2016,#2039,#1075,.T.);
#2531=EDGE_CURVE('',#2039,#2038,#1909,.T.);
#2532=EDGE_CURVE('',#2039,#2013,#1076,.T.);
#2533=EDGE_CURVE('',#2037,#2040,#1077,.T.);
#2534=EDGE_CURVE('',#2019,#2040,#1078,.T.);
#2535=EDGE_CURVE('',#2041,#2024,#1079,.T.);
#2536=EDGE_CURVE('',#2041,#2036,#1080,.T.);
#2537=EDGE_CURVE('',#2040,#2041,#1081,.T.);
#2538=EDGE_CURVE('',#2042,#2023,#1082,.T.);
#2539=EDGE_CURVE('',#2042,#2043,#1083,.T.);
#2540=EDGE_CURVE('',#2043,#2020,#1084,.T.);
#2541=EDGE_CURVE('',#2043,#2044,#1085,.T.);
#2542=EDGE_CURVE('',#2045,#2042,#1086,.T.);
#2543=EDGE_CURVE('',#2044,#2045,#1087,.T.);
#2544=EDGE_CURVE('',#2045,#2022,#1088,.T.);
#2545=EDGE_CURVE('',#2046,#2046,#1910,.T.);
#2546=EDGE_CURVE('',#2046,#2047,#1089,.T.);
#2547=EDGE_CURVE('',#2047,#2047,#1911,.T.);
#2548=EDGE_CURVE('',#2048,#2048,#1912,.T.);
#2549=EDGE_CURVE('',#2048,#2049,#1090,.T.);
#2550=EDGE_CURVE('',#2049,#2049,#1913,.T.);
#2551=EDGE_CURVE('',#2050,#2050,#1914,.T.);
#2552=EDGE_CURVE('',#2050,#2051,#1091,.T.);
#2553=EDGE_CURVE('',#2051,#2051,#1915,.T.);
#2554=EDGE_CURVE('',#2052,#2052,#1916,.T.);
#2555=EDGE_CURVE('',#2052,#2053,#1092,.T.);
#2556=EDGE_CURVE('',#2053,#2053,#1917,.T.);
#2557=EDGE_CURVE('',#2044,#2021,#1093,.T.);
#2558=EDGE_CURVE('',#2031,#2054,#1094,.T.);
#2559=EDGE_CURVE('',#2054,#2054,#1918,.T.);
#2560=EDGE_CURVE('',#2030,#2055,#1095,.T.);
#2561=EDGE_CURVE('',#2055,#2055,#1919,.T.);
#2562=EDGE_CURVE('',#2032,#2056,#1096,.T.);
#2563=EDGE_CURVE('',#2056,#2056,#1920,.T.);
#2564=EDGE_CURVE('',#2029,#2057,#1097,.T.);
#2565=EDGE_CURVE('',#2057,#2057,#1921,.T.);
#2566=EDGE_CURVE('',#2058,#2059,#1098,.T.);
#2567=EDGE_CURVE('',#2058,#2060,#1099,.T.);
#2568=EDGE_CURVE('',#2060,#2061,#1100,.T.);
#2569=EDGE_CURVE('',#2059,#2061,#1101,.T.);
#2570=EDGE_CURVE('',#2062,#2058,#1102,.T.);
#2571=EDGE_CURVE('',#2062,#2063,#1103,.T.);
#2572=EDGE_CURVE('',#2063,#2060,#1104,.T.);
#2573=EDGE_CURVE('',#2064,#2062,#1105,.T.);
#2574=EDGE_CURVE('',#2064,#2065,#1106,.T.);
#2575=EDGE_CURVE('',#2065,#2063,#1107,.T.);
#2576=EDGE_CURVE('',#2059,#2064,#1108,.T.);
#2577=EDGE_CURVE('',#2061,#2065,#1109,.T.);
#2578=EDGE_CURVE('',#2066,#2067,#22,.T.);
#2579=EDGE_CURVE('',#2066,#2068,#1110,.T.);
#2580=EDGE_CURVE('',#2068,#2069,#23,.T.);
#2581=EDGE_CURVE('',#2067,#2069,#1111,.T.);
#2582=EDGE_CURVE('',#2070,#2066,#24,.T.);
#2583=EDGE_CURVE('',#2070,#2071,#1112,.T.);
#2584=EDGE_CURVE('',#2071,#2068,#25,.T.);
#2585=EDGE_CURVE('',#2072,#2070,#26,.T.);
#2586=EDGE_CURVE('',#2072,#2073,#1113,.T.);
#2587=EDGE_CURVE('',#2073,#2071,#27,.T.);
#2588=EDGE_CURVE('',#2074,#2072,#28,.T.);
#2589=EDGE_CURVE('',#2074,#2075,#1114,.T.);
#2590=EDGE_CURVE('',#2075,#2073,#29,.T.);
#2591=EDGE_CURVE('',#2076,#2074,#30,.T.);
#2592=EDGE_CURVE('',#2076,#2077,#1115,.T.);
#2593=EDGE_CURVE('',#2077,#2075,#31,.T.);
#2594=EDGE_CURVE('',#2078,#2076,#32,.T.);
#2595=EDGE_CURVE('',#2078,#2079,#1116,.T.);
#2596=EDGE_CURVE('',#2079,#2077,#33,.T.);
#2597=EDGE_CURVE('',#2080,#2078,#34,.T.);
#2598=EDGE_CURVE('',#2080,#2081,#1117,.T.);
#2599=EDGE_CURVE('',#2081,#2079,#35,.T.);
#2600=EDGE_CURVE('',#2067,#2080,#36,.T.);
#2601=EDGE_CURVE('',#2069,#2081,#37,.T.);
#2602=EDGE_CURVE('',#2082,#2083,#1118,.T.);
#2603=EDGE_CURVE('',#2082,#2084,#1119,.T.);
#2604=EDGE_CURVE('',#2084,#2085,#1120,.T.);
#2605=EDGE_CURVE('',#2083,#2085,#1121,.T.);
#2606=EDGE_CURVE('',#2086,#2082,#1122,.T.);
#2607=EDGE_CURVE('',#2086,#2087,#1123,.T.);
#2608=EDGE_CURVE('',#2087,#2084,#1124,.T.);
#2609=EDGE_CURVE('',#2088,#2086,#1125,.T.);
#2610=EDGE_CURVE('',#2088,#2089,#1126,.T.);
#2611=EDGE_CURVE('',#2089,#2087,#1127,.T.);
#2612=EDGE_CURVE('',#2090,#2088,#38,.T.);
#2613=EDGE_CURVE('',#2090,#2091,#1128,.T.);
#2614=EDGE_CURVE('',#2091,#2089,#39,.T.);
#2615=EDGE_CURVE('',#2092,#2090,#40,.T.);
#2616=EDGE_CURVE('',#2092,#2093,#1129,.T.);
#2617=EDGE_CURVE('',#2093,#2091,#41,.T.);
#2618=EDGE_CURVE('',#2094,#2092,#42,.T.);
#2619=EDGE_CURVE('',#2094,#2095,#1130,.T.);
#2620=EDGE_CURVE('',#2095,#2093,#43,.T.);
#2621=EDGE_CURVE('',#2096,#2094,#44,.T.);
#2622=EDGE_CURVE('',#2096,#2097,#1131,.T.);
#2623=EDGE_CURVE('',#2097,#2095,#45,.T.);
#2624=EDGE_CURVE('',#2098,#2096,#46,.T.);
#2625=EDGE_CURVE('',#2098,#2099,#1132,.T.);
#2626=EDGE_CURVE('',#2099,#2097,#47,.T.);
#2627=EDGE_CURVE('',#2100,#2098,#48,.T.);
#2628=EDGE_CURVE('',#2100,#2101,#1133,.T.);
#2629=EDGE_CURVE('',#2101,#2099,#49,.T.);
#2630=EDGE_CURVE('',#2102,#2100,#50,.T.);
#2631=EDGE_CURVE('',#2102,#2103,#1134,.T.);
#2632=EDGE_CURVE('',#2103,#2101,#51,.T.);
#2633=EDGE_CURVE('',#2104,#2102,#52,.T.);
#2634=EDGE_CURVE('',#2104,#2105,#1135,.T.);
#2635=EDGE_CURVE('',#2105,#2103,#53,.T.);
#2636=EDGE_CURVE('',#2106,#2104,#54,.T.);
#2637=EDGE_CURVE('',#2106,#2107,#1136,.T.);
#2638=EDGE_CURVE('',#2107,#2105,#55,.T.);
#2639=EDGE_CURVE('',#2108,#2106,#1137,.T.);
#2640=EDGE_CURVE('',#2108,#2109,#1138,.T.);
#2641=EDGE_CURVE('',#2109,#2107,#1139,.T.);
#2642=EDGE_CURVE('',#2083,#2108,#1140,.T.);
#2643=EDGE_CURVE('',#2085,#2109,#1141,.T.);
#2644=EDGE_CURVE('',#2110,#2111,#56,.T.);
#2645=EDGE_CURVE('',#2110,#2112,#1142,.T.);
#2646=EDGE_CURVE('',#2112,#2113,#57,.T.);
#2647=EDGE_CURVE('',#2111,#2113,#1143,.T.);
#2648=EDGE_CURVE('',#2114,#2110,#58,.T.);
#2649=EDGE_CURVE('',#2114,#2115,#1144,.T.);
#2650=EDGE_CURVE('',#2115,#2112,#59,.T.);
#2651=EDGE_CURVE('',#2116,#2114,#60,.T.);
#2652=EDGE_CURVE('',#2116,#2117,#1145,.T.);
#2653=EDGE_CURVE('',#2117,#2115,#61,.T.);
#2654=EDGE_CURVE('',#2118,#2116,#62,.T.);
#2655=EDGE_CURVE('',#2118,#2119,#1146,.T.);
#2656=EDGE_CURVE('',#2119,#2117,#63,.T.);
#2657=EDGE_CURVE('',#2120,#2118,#64,.T.);
#2658=EDGE_CURVE('',#2120,#2121,#1147,.T.);
#2659=EDGE_CURVE('',#2121,#2119,#65,.T.);
#2660=EDGE_CURVE('',#2122,#2120,#66,.T.);
#2661=EDGE_CURVE('',#2122,#2123,#1148,.T.);
#2662=EDGE_CURVE('',#2123,#2121,#67,.T.);
#2663=EDGE_CURVE('',#2124,#2122,#68,.T.);
#2664=EDGE_CURVE('',#2124,#2125,#1149,.T.);
#2665=EDGE_CURVE('',#2125,#2123,#69,.T.);
#2666=EDGE_CURVE('',#2111,#2124,#70,.T.);
#2667=EDGE_CURVE('',#2113,#2125,#71,.T.);
#2668=EDGE_CURVE('',#2126,#2127,#1150,.T.);
#2669=EDGE_CURVE('',#2126,#2128,#1151,.T.);
#2670=EDGE_CURVE('',#2128,#2129,#1152,.T.);
#2671=EDGE_CURVE('',#2127,#2129,#1153,.T.);
#2672=EDGE_CURVE('',#2130,#2126,#72,.T.);
#2673=EDGE_CURVE('',#2130,#2131,#1154,.T.);
#2674=EDGE_CURVE('',#2131,#2128,#73,.T.);
#2675=EDGE_CURVE('',#2132,#2130,#74,.T.);
#2676=EDGE_CURVE('',#2132,#2133,#1155,.T.);
#2677=EDGE_CURVE('',#2133,#2131,#75,.T.);
#2678=EDGE_CURVE('',#2134,#2132,#76,.T.);
#2679=EDGE_CURVE('',#2134,#2135,#1156,.T.);
#2680=EDGE_CURVE('',#2135,#2133,#77,.T.);
#2681=EDGE_CURVE('',#2136,#2134,#78,.T.);
#2682=EDGE_CURVE('',#2136,#2137,#1157,.T.);
#2683=EDGE_CURVE('',#2137,#2135,#79,.T.);
#2684=EDGE_CURVE('',#2138,#2136,#80,.T.);
#2685=EDGE_CURVE('',#2138,#2139,#1158,.T.);
#2686=EDGE_CURVE('',#2139,#2137,#81,.T.);
#2687=EDGE_CURVE('',#2140,#2138,#82,.T.);
#2688=EDGE_CURVE('',#2140,#2141,#1159,.T.);
#2689=EDGE_CURVE('',#2141,#2139,#83,.T.);
#2690=EDGE_CURVE('',#2142,#2140,#84,.T.);
#2691=EDGE_CURVE('',#2142,#2143,#1160,.T.);
#2692=EDGE_CURVE('',#2143,#2141,#85,.T.);
#2693=EDGE_CURVE('',#2144,#2142,#86,.T.);
#2694=EDGE_CURVE('',#2144,#2145,#1161,.T.);
#2695=EDGE_CURVE('',#2145,#2143,#87,.T.);
#2696=EDGE_CURVE('',#2146,#2144,#88,.T.);
#2697=EDGE_CURVE('',#2146,#2147,#1162,.T.);
#2698=EDGE_CURVE('',#2147,#2145,#89,.T.);
#2699=EDGE_CURVE('',#2148,#2146,#90,.T.);
#2700=EDGE_CURVE('',#2148,#2149,#1163,.T.);
#2701=EDGE_CURVE('',#2149,#2147,#91,.T.);
#2702=EDGE_CURVE('',#2150,#2148,#1164,.T.);
#2703=EDGE_CURVE('',#2150,#2151,#1165,.T.);
#2704=EDGE_CURVE('',#2151,#2149,#1166,.T.);
#2705=EDGE_CURVE('',#2152,#2150,#1167,.T.);
#2706=EDGE_CURVE('',#2152,#2153,#1168,.T.);
#2707=EDGE_CURVE('',#2153,#2151,#1169,.T.);
#2708=EDGE_CURVE('',#2154,#2152,#1170,.T.);
#2709=EDGE_CURVE('',#2154,#2155,#1171,.T.);
#2710=EDGE_CURVE('',#2155,#2153,#1172,.T.);
#2711=EDGE_CURVE('',#2127,#2154,#1173,.T.);
#2712=EDGE_CURVE('',#2129,#2155,#1174,.T.);
#2713=EDGE_CURVE('',#2156,#2157,#92,.T.);
#2714=EDGE_CURVE('',#2156,#2158,#1175,.T.);
#2715=EDGE_CURVE('',#2158,#2159,#93,.T.);
#2716=EDGE_CURVE('',#2157,#2159,#1176,.T.);
#2717=EDGE_CURVE('',#2160,#2156,#94,.T.);
#2718=EDGE_CURVE('',#2160,#2161,#1177,.T.);
#2719=EDGE_CURVE('',#2161,#2158,#95,.T.);
#2720=EDGE_CURVE('',#2162,#2160,#96,.T.);
#2721=EDGE_CURVE('',#2162,#2163,#1178,.T.);
#2722=EDGE_CURVE('',#2163,#2161,#97,.T.);
#2723=EDGE_CURVE('',#2164,#2162,#98,.T.);
#2724=EDGE_CURVE('',#2164,#2165,#1179,.T.);
#2725=EDGE_CURVE('',#2165,#2163,#99,.T.);
#2726=EDGE_CURVE('',#2166,#2164,#100,.T.);
#2727=EDGE_CURVE('',#2166,#2167,#1180,.T.);
#2728=EDGE_CURVE('',#2167,#2165,#101,.T.);
#2729=EDGE_CURVE('',#2168,#2166,#102,.T.);
#2730=EDGE_CURVE('',#2168,#2169,#1181,.T.);
#2731=EDGE_CURVE('',#2169,#2167,#103,.T.);
#2732=EDGE_CURVE('',#2170,#2168,#104,.T.);
#2733=EDGE_CURVE('',#2170,#2171,#1182,.T.);
#2734=EDGE_CURVE('',#2171,#2169,#105,.T.);
#2735=EDGE_CURVE('',#2172,#2170,#106,.T.);
#2736=EDGE_CURVE('',#2172,#2173,#1183,.T.);
#2737=EDGE_CURVE('',#2173,#2171,#107,.T.);
#2738=EDGE_CURVE('',#2174,#2172,#108,.T.);
#2739=EDGE_CURVE('',#2174,#2175,#1184,.T.);
#2740=EDGE_CURVE('',#2175,#2173,#109,.T.);
#2741=EDGE_CURVE('',#2157,#2174,#1185,.T.);
#2742=EDGE_CURVE('',#2159,#2175,#1186,.T.);
#2743=EDGE_CURVE('',#2176,#2177,#1187,.T.);
#2744=EDGE_CURVE('',#2176,#2178,#1188,.T.);
#2745=EDGE_CURVE('',#2178,#2179,#1189,.T.);
#2746=EDGE_CURVE('',#2177,#2179,#1190,.T.);
#2747=EDGE_CURVE('',#2180,#2176,#110,.T.);
#2748=EDGE_CURVE('',#2180,#2181,#1191,.T.);
#2749=EDGE_CURVE('',#2181,#2178,#111,.T.);
#2750=EDGE_CURVE('',#2182,#2180,#112,.T.);
#2751=EDGE_CURVE('',#2182,#2183,#1192,.T.);
#2752=EDGE_CURVE('',#2183,#2181,#113,.T.);
#2753=EDGE_CURVE('',#2184,#2182,#1193,.T.);
#2754=EDGE_CURVE('',#2184,#2185,#1194,.T.);
#2755=EDGE_CURVE('',#2185,#2183,#1195,.T.);
#2756=EDGE_CURVE('',#2186,#2184,#114,.T.);
#2757=EDGE_CURVE('',#2186,#2187,#1196,.T.);
#2758=EDGE_CURVE('',#2187,#2185,#115,.T.);
#2759=EDGE_CURVE('',#2188,#2186,#116,.T.);
#2760=EDGE_CURVE('',#2188,#2189,#1197,.T.);
#2761=EDGE_CURVE('',#2189,#2187,#117,.T.);
#2762=EDGE_CURVE('',#2190,#2188,#118,.T.);
#2763=EDGE_CURVE('',#2190,#2191,#1198,.T.);
#2764=EDGE_CURVE('',#2191,#2189,#119,.T.);
#2765=EDGE_CURVE('',#2192,#2190,#120,.T.);
#2766=EDGE_CURVE('',#2192,#2193,#1199,.T.);
#2767=EDGE_CURVE('',#2193,#2191,#121,.T.);
#2768=EDGE_CURVE('',#2194,#2192,#122,.T.);
#2769=EDGE_CURVE('',#2194,#2195,#1200,.T.);
#2770=EDGE_CURVE('',#2195,#2193,#123,.T.);
#2771=EDGE_CURVE('',#2196,#2194,#124,.T.);
#2772=EDGE_CURVE('',#2196,#2197,#1201,.T.);
#2773=EDGE_CURVE('',#2197,#2195,#125,.T.);
#2774=EDGE_CURVE('',#2198,#2196,#126,.T.);
#2775=EDGE_CURVE('',#2198,#2199,#1202,.T.);
#2776=EDGE_CURVE('',#2199,#2197,#127,.T.);
#2777=EDGE_CURVE('',#2200,#2198,#1203,.T.);
#2778=EDGE_CURVE('',#2200,#2201,#1204,.T.);
#2779=EDGE_CURVE('',#2201,#2199,#1205,.T.);
#2780=EDGE_CURVE('',#2202,#2200,#128,.T.);
#2781=EDGE_CURVE('',#2202,#2203,#1206,.T.);
#2782=EDGE_CURVE('',#2203,#2201,#129,.T.);
#2783=EDGE_CURVE('',#2204,#2202,#130,.T.);
#2784=EDGE_CURVE('',#2204,#2205,#1207,.T.);
#2785=EDGE_CURVE('',#2205,#2203,#131,.T.);
#2786=EDGE_CURVE('',#2206,#2204,#132,.T.);
#2787=EDGE_CURVE('',#2206,#2207,#1208,.T.);
#2788=EDGE_CURVE('',#2207,#2205,#133,.T.);
#2789=EDGE_CURVE('',#2208,#2206,#134,.T.);
#2790=EDGE_CURVE('',#2208,#2209,#1209,.T.);
#2791=EDGE_CURVE('',#2209,#2207,#135,.T.);
#2792=EDGE_CURVE('',#2210,#2208,#136,.T.);
#2793=EDGE_CURVE('',#2210,#2211,#1210,.T.);
#2794=EDGE_CURVE('',#2211,#2209,#137,.T.);
#2795=EDGE_CURVE('',#2212,#2210,#138,.T.);
#2796=EDGE_CURVE('',#2212,#2213,#1211,.T.);
#2797=EDGE_CURVE('',#2213,#2211,#139,.T.);
#2798=EDGE_CURVE('',#2214,#2212,#140,.T.);
#2799=EDGE_CURVE('',#2214,#2215,#1212,.T.);
#2800=EDGE_CURVE('',#2215,#2213,#141,.T.);
#2801=EDGE_CURVE('',#2216,#2214,#142,.T.);
#2802=EDGE_CURVE('',#2216,#2217,#1213,.T.);
#2803=EDGE_CURVE('',#2217,#2215,#143,.T.);
#2804=EDGE_CURVE('',#2218,#2216,#144,.T.);
#2805=EDGE_CURVE('',#2218,#2219,#1214,.T.);
#2806=EDGE_CURVE('',#2219,#2217,#145,.T.);
#2807=EDGE_CURVE('',#2220,#2218,#146,.T.);
#2808=EDGE_CURVE('',#2220,#2221,#1215,.T.);
#2809=EDGE_CURVE('',#2221,#2219,#147,.T.);
#2810=EDGE_CURVE('',#2222,#2220,#148,.T.);
#2811=EDGE_CURVE('',#2222,#2223,#1216,.T.);
#2812=EDGE_CURVE('',#2223,#2221,#149,.T.);
#2813=EDGE_CURVE('',#2224,#2222,#150,.T.);
#2814=EDGE_CURVE('',#2224,#2225,#1217,.T.);
#2815=EDGE_CURVE('',#2225,#2223,#151,.T.);
#2816=EDGE_CURVE('',#2226,#2224,#152,.T.);
#2817=EDGE_CURVE('',#2226,#2227,#1218,.T.);
#2818=EDGE_CURVE('',#2227,#2225,#153,.T.);
#2819=EDGE_CURVE('',#2228,#2226,#154,.T.);
#2820=EDGE_CURVE('',#2228,#2229,#1219,.T.);
#2821=EDGE_CURVE('',#2229,#2227,#155,.T.);
#2822=EDGE_CURVE('',#2177,#2228,#156,.T.);
#2823=EDGE_CURVE('',#2179,#2229,#157,.T.);
#2824=EDGE_CURVE('',#2230,#2231,#1220,.T.);
#2825=EDGE_CURVE('',#2230,#2232,#1221,.T.);
#2826=EDGE_CURVE('',#2232,#2233,#1222,.T.);
#2827=EDGE_CURVE('',#2231,#2233,#1223,.T.);
#2828=EDGE_CURVE('',#2234,#2230,#1224,.T.);
#2829=EDGE_CURVE('',#2234,#2235,#1225,.T.);
#2830=EDGE_CURVE('',#2235,#2232,#1226,.T.);
#2831=EDGE_CURVE('',#2236,#2234,#1227,.T.);
#2832=EDGE_CURVE('',#2236,#2237,#1228,.T.);
#2833=EDGE_CURVE('',#2237,#2235,#1229,.T.);
#2834=EDGE_CURVE('',#2231,#2236,#1230,.T.);
#2835=EDGE_CURVE('',#2233,#2237,#1231,.T.);
#2836=EDGE_CURVE('',#2238,#2239,#1232,.T.);
#2837=EDGE_CURVE('',#2238,#2240,#1233,.T.);
#2838=EDGE_CURVE('',#2240,#2241,#1234,.T.);
#2839=EDGE_CURVE('',#2239,#2241,#1235,.T.);
#2840=EDGE_CURVE('',#2242,#2238,#158,.T.);
#2841=EDGE_CURVE('',#2242,#2243,#1236,.T.);
#2842=EDGE_CURVE('',#2243,#2240,#159,.T.);
#2843=EDGE_CURVE('',#2244,#2242,#160,.T.);
#2844=EDGE_CURVE('',#2244,#2245,#1237,.T.);
#2845=EDGE_CURVE('',#2245,#2243,#161,.T.);
#2846=EDGE_CURVE('',#2246,#2244,#162,.T.);
#2847=EDGE_CURVE('',#2246,#2247,#1238,.T.);
#2848=EDGE_CURVE('',#2247,#2245,#163,.T.);
#2849=EDGE_CURVE('',#2248,#2246,#164,.T.);
#2850=EDGE_CURVE('',#2248,#2249,#1239,.T.);
#2851=EDGE_CURVE('',#2249,#2247,#165,.T.);
#2852=EDGE_CURVE('',#2250,#2248,#166,.T.);
#2853=EDGE_CURVE('',#2250,#2251,#1240,.T.);
#2854=EDGE_CURVE('',#2251,#2249,#167,.T.);
#2855=EDGE_CURVE('',#2252,#2250,#168,.T.);
#2856=EDGE_CURVE('',#2252,#2253,#1241,.T.);
#2857=EDGE_CURVE('',#2253,#2251,#169,.T.);
#2858=EDGE_CURVE('',#2254,#2252,#1242,.T.);
#2859=EDGE_CURVE('',#2254,#2255,#1243,.T.);
#2860=EDGE_CURVE('',#2255,#2253,#1244,.T.);
#2861=EDGE_CURVE('',#2256,#2254,#1245,.T.);
#2862=EDGE_CURVE('',#2256,#2257,#1246,.T.);
#2863=EDGE_CURVE('',#2257,#2255,#1247,.T.);
#2864=EDGE_CURVE('',#2258,#2256,#1248,.T.);
#2865=EDGE_CURVE('',#2258,#2259,#1249,.T.);
#2866=EDGE_CURVE('',#2259,#2257,#1250,.T.);
#2867=EDGE_CURVE('',#2260,#2258,#1251,.T.);
#2868=EDGE_CURVE('',#2260,#2261,#1252,.T.);
#2869=EDGE_CURVE('',#2261,#2259,#1253,.T.);
#2870=EDGE_CURVE('',#2262,#2260,#1254,.T.);
#2871=EDGE_CURVE('',#2262,#2263,#1255,.T.);
#2872=EDGE_CURVE('',#2263,#2261,#1256,.T.);
#2873=EDGE_CURVE('',#2264,#2262,#170,.T.);
#2874=EDGE_CURVE('',#2264,#2265,#1257,.T.);
#2875=EDGE_CURVE('',#2265,#2263,#171,.T.);
#2876=EDGE_CURVE('',#2266,#2264,#172,.T.);
#2877=EDGE_CURVE('',#2266,#2267,#1258,.T.);
#2878=EDGE_CURVE('',#2267,#2265,#173,.T.);
#2879=EDGE_CURVE('',#2268,#2266,#174,.T.);
#2880=EDGE_CURVE('',#2268,#2269,#1259,.T.);
#2881=EDGE_CURVE('',#2269,#2267,#175,.T.);
#2882=EDGE_CURVE('',#2270,#2268,#176,.T.);
#2883=EDGE_CURVE('',#2270,#2271,#1260,.T.);
#2884=EDGE_CURVE('',#2271,#2269,#177,.T.);
#2885=EDGE_CURVE('',#2272,#2270,#1261,.T.);
#2886=EDGE_CURVE('',#2272,#2273,#1262,.T.);
#2887=EDGE_CURVE('',#2273,#2271,#1263,.T.);
#2888=EDGE_CURVE('',#2274,#2272,#1264,.T.);
#2889=EDGE_CURVE('',#2274,#2275,#1265,.T.);
#2890=EDGE_CURVE('',#2275,#2273,#1266,.T.);
#2891=EDGE_CURVE('',#2276,#2274,#1267,.T.);
#2892=EDGE_CURVE('',#2276,#2277,#1268,.T.);
#2893=EDGE_CURVE('',#2277,#2275,#1269,.T.);
#2894=EDGE_CURVE('',#2239,#2276,#1270,.T.);
#2895=EDGE_CURVE('',#2241,#2277,#1271,.T.);
#2896=EDGE_CURVE('',#2278,#2279,#178,.T.);
#2897=EDGE_CURVE('',#2278,#2280,#1272,.T.);
#2898=EDGE_CURVE('',#2280,#2281,#179,.T.);
#2899=EDGE_CURVE('',#2279,#2281,#1273,.T.);
#2900=EDGE_CURVE('',#2282,#2278,#180,.T.);
#2901=EDGE_CURVE('',#2282,#2283,#1274,.T.);
#2902=EDGE_CURVE('',#2283,#2280,#181,.T.);
#2903=EDGE_CURVE('',#2284,#2282,#182,.T.);
#2904=EDGE_CURVE('',#2284,#2285,#1275,.T.);
#2905=EDGE_CURVE('',#2285,#2283,#183,.T.);
#2906=EDGE_CURVE('',#2286,#2284,#1276,.T.);
#2907=EDGE_CURVE('',#2286,#2287,#1277,.T.);
#2908=EDGE_CURVE('',#2287,#2285,#1278,.T.);
#2909=EDGE_CURVE('',#2279,#2286,#184,.T.);
#2910=EDGE_CURVE('',#2281,#2287,#185,.T.);
#2911=EDGE_CURVE('',#2288,#2289,#186,.T.);
#2912=EDGE_CURVE('',#2288,#2290,#1279,.T.);
#2913=EDGE_CURVE('',#2290,#2291,#187,.T.);
#2914=EDGE_CURVE('',#2289,#2291,#1280,.T.);
#2915=EDGE_CURVE('',#2292,#2288,#188,.T.);
#2916=EDGE_CURVE('',#2292,#2293,#1281,.T.);
#2917=EDGE_CURVE('',#2293,#2290,#189,.T.);
#2918=EDGE_CURVE('',#2294,#2292,#190,.T.);
#2919=EDGE_CURVE('',#2294,#2295,#1282,.T.);
#2920=EDGE_CURVE('',#2295,#2293,#191,.T.);
#2921=EDGE_CURVE('',#2296,#2294,#1283,.T.);
#2922=EDGE_CURVE('',#2296,#2297,#1284,.T.);
#2923=EDGE_CURVE('',#2297,#2295,#1285,.T.);
#2924=EDGE_CURVE('',#2298,#2296,#192,.T.);
#2925=EDGE_CURVE('',#2298,#2299,#1286,.T.);
#2926=EDGE_CURVE('',#2299,#2297,#193,.T.);
#2927=EDGE_CURVE('',#2300,#2298,#194,.T.);
#2928=EDGE_CURVE('',#2300,#2301,#1287,.T.);
#2929=EDGE_CURVE('',#2301,#2299,#195,.T.);
#2930=EDGE_CURVE('',#2302,#2300,#196,.T.);
#2931=EDGE_CURVE('',#2302,#2303,#1288,.T.);
#2932=EDGE_CURVE('',#2303,#2301,#197,.T.);
#2933=EDGE_CURVE('',#2304,#2302,#198,.T.);
#2934=EDGE_CURVE('',#2304,#2305,#1289,.T.);
#2935=EDGE_CURVE('',#2305,#2303,#199,.T.);
#2936=EDGE_CURVE('',#2306,#2304,#200,.T.);
#2937=EDGE_CURVE('',#2306,#2307,#1290,.T.);
#2938=EDGE_CURVE('',#2307,#2305,#201,.T.);
#2939=EDGE_CURVE('',#2308,#2306,#202,.T.);
#2940=EDGE_CURVE('',#2308,#2309,#1291,.T.);
#2941=EDGE_CURVE('',#2309,#2307,#203,.T.);
#2942=EDGE_CURVE('',#2310,#2308,#204,.T.);
#2943=EDGE_CURVE('',#2310,#2311,#1292,.T.);
#2944=EDGE_CURVE('',#2311,#2309,#205,.T.);
#2945=EDGE_CURVE('',#2312,#2310,#206,.T.);
#2946=EDGE_CURVE('',#2312,#2313,#1293,.T.);
#2947=EDGE_CURVE('',#2313,#2311,#207,.T.);
#2948=EDGE_CURVE('',#2314,#2312,#208,.T.);
#2949=EDGE_CURVE('',#2314,#2315,#1294,.T.);
#2950=EDGE_CURVE('',#2315,#2313,#209,.T.);
#2951=EDGE_CURVE('',#2316,#2314,#1295,.T.);
#2952=EDGE_CURVE('',#2316,#2317,#1296,.T.);
#2953=EDGE_CURVE('',#2317,#2315,#1297,.T.);
#2954=EDGE_CURVE('',#2289,#2316,#210,.T.);
#2955=EDGE_CURVE('',#2291,#2317,#211,.T.);
#2956=EDGE_CURVE('',#2318,#2319,#1922,.T.);
#2957=EDGE_CURVE('',#2318,#2320,#1298,.T.);
#2958=EDGE_CURVE('',#2321,#2320,#1923,.T.);
#2959=EDGE_CURVE('',#2321,#2322,#1299,.T.);
#2960=EDGE_CURVE('',#2323,#2322,#1924,.T.);
#2961=EDGE_CURVE('',#2323,#2324,#1300,.T.);
#2962=EDGE_CURVE('',#2325,#2324,#1925,.T.);
#2963=EDGE_CURVE('',#2325,#2319,#1301,.T.);
#2964=EDGE_CURVE('',#2326,#2327,#1302,.T.);
#2965=EDGE_CURVE('',#2327,#2328,#1926,.T.);
#2966=EDGE_CURVE('',#2328,#2329,#1303,.T.);
#2967=EDGE_CURVE('',#2329,#2330,#1927,.T.);
#2968=EDGE_CURVE('',#2330,#2331,#1304,.T.);
#2969=EDGE_CURVE('',#2331,#2332,#1928,.T.);
#2970=EDGE_CURVE('',#2332,#2333,#1305,.T.);
#2971=EDGE_CURVE('',#2333,#2326,#1929,.T.);
#2972=EDGE_CURVE('',#2334,#2335,#1306,.T.);
#2973=EDGE_CURVE('',#2335,#2336,#1930,.T.);
#2974=EDGE_CURVE('',#2336,#2337,#1307,.T.);
#2975=EDGE_CURVE('',#2337,#2338,#1931,.T.);
#2976=EDGE_CURVE('',#2338,#2339,#1308,.T.);
#2977=EDGE_CURVE('',#2339,#2340,#1932,.T.);
#2978=EDGE_CURVE('',#2340,#2341,#1309,.T.);
#2979=EDGE_CURVE('',#2341,#2334,#1933,.T.);
#2980=EDGE_CURVE('',#2342,#2343,#1310,.T.);
#2981=EDGE_CURVE('',#2343,#2344,#1934,.T.);
#2982=EDGE_CURVE('',#2344,#2345,#1311,.T.);
#2983=EDGE_CURVE('',#2345,#2346,#1935,.T.);
#2984=EDGE_CURVE('',#2346,#2347,#1312,.T.);
#2985=EDGE_CURVE('',#2347,#2348,#1936,.T.);
#2986=EDGE_CURVE('',#2348,#2349,#1313,.T.);
#2987=EDGE_CURVE('',#2349,#2342,#1937,.T.);
#2988=EDGE_CURVE('',#2350,#2351,#1314,.T.);
#2989=EDGE_CURVE('',#2351,#2352,#1938,.T.);
#2990=EDGE_CURVE('',#2352,#2353,#1315,.T.);
#2991=EDGE_CURVE('',#2353,#2354,#1939,.T.);
#2992=EDGE_CURVE('',#2354,#2355,#1316,.T.);
#2993=EDGE_CURVE('',#2355,#2356,#1940,.T.);
#2994=EDGE_CURVE('',#2356,#2357,#1317,.T.);
#2995=EDGE_CURVE('',#2357,#2350,#1941,.T.);
#2996=EDGE_CURVE('',#2358,#2359,#1318,.T.);
#2997=EDGE_CURVE('',#2359,#2360,#1942,.T.);
#2998=EDGE_CURVE('',#2360,#2361,#1319,.T.);
#2999=EDGE_CURVE('',#2361,#2362,#1943,.T.);
#3000=EDGE_CURVE('',#2362,#2363,#1320,.T.);
#3001=EDGE_CURVE('',#2363,#2364,#1944,.T.);
#3002=EDGE_CURVE('',#2364,#2365,#1321,.T.);
#3003=EDGE_CURVE('',#2365,#2358,#1945,.T.);
#3004=EDGE_CURVE('',#2366,#2367,#1322,.T.);
#3005=EDGE_CURVE('',#2367,#2368,#1946,.T.);
#3006=EDGE_CURVE('',#2368,#2369,#1323,.T.);
#3007=EDGE_CURVE('',#2369,#2370,#1947,.T.);
#3008=EDGE_CURVE('',#2370,#2371,#1324,.T.);
#3009=EDGE_CURVE('',#2371,#2372,#1948,.T.);
#3010=EDGE_CURVE('',#2372,#2373,#1325,.T.);
#3011=EDGE_CURVE('',#2373,#2366,#1949,.T.);
#3012=EDGE_CURVE('',#2374,#2375,#1326,.T.);
#3013=EDGE_CURVE('',#2375,#2376,#1950,.T.);
#3014=EDGE_CURVE('',#2376,#2377,#1327,.T.);
#3015=EDGE_CURVE('',#2377,#2378,#1951,.T.);
#3016=EDGE_CURVE('',#2378,#2379,#1328,.T.);
#3017=EDGE_CURVE('',#2379,#2380,#1952,.T.);
#3018=EDGE_CURVE('',#2380,#2381,#1329,.T.);
#3019=EDGE_CURVE('',#2381,#2374,#1953,.T.);
#3020=EDGE_CURVE('',#2382,#2383,#1330,.T.);
#3021=EDGE_CURVE('',#2383,#2384,#1954,.T.);
#3022=EDGE_CURVE('',#2384,#2385,#1331,.T.);
#3023=EDGE_CURVE('',#2385,#2386,#1955,.T.);
#3024=EDGE_CURVE('',#2386,#2387,#1332,.T.);
#3025=EDGE_CURVE('',#2387,#2388,#1956,.T.);
#3026=EDGE_CURVE('',#2388,#2389,#1333,.T.);
#3027=EDGE_CURVE('',#2389,#2382,#1957,.T.);
#3028=EDGE_CURVE('',#2390,#2391,#1334,.T.);
#3029=EDGE_CURVE('',#2391,#2392,#1958,.T.);
#3030=EDGE_CURVE('',#2392,#2393,#1335,.T.);
#3031=EDGE_CURVE('',#2393,#2394,#1959,.T.);
#3032=EDGE_CURVE('',#2394,#2395,#1336,.T.);
#3033=EDGE_CURVE('',#2395,#2396,#1960,.T.);
#3034=EDGE_CURVE('',#2396,#2397,#1337,.T.);
#3035=EDGE_CURVE('',#2397,#2390,#1961,.T.);
#3036=EDGE_CURVE('',#2398,#2398,#1962,.T.);
#3037=EDGE_CURVE('',#2399,#2399,#1963,.T.);
#3038=EDGE_CURVE('',#2400,#2401,#1338,.T.);
#3039=EDGE_CURVE('',#2402,#2400,#1339,.T.);
#3040=EDGE_CURVE('',#2403,#2402,#1340,.T.);
#3041=EDGE_CURVE('',#2401,#2403,#1341,.T.);
#3042=EDGE_CURVE('',#2404,#2404,#1964,.T.);
#3043=EDGE_CURVE('',#2405,#2405,#1965,.T.);
#3044=EDGE_CURVE('',#2406,#2407,#1966,.T.);
#3045=EDGE_CURVE('',#2407,#2318,#1342,.T.);
#3046=EDGE_CURVE('',#2319,#2406,#1343,.T.);
#3047=EDGE_CURVE('',#2408,#2325,#1344,.T.);
#3048=EDGE_CURVE('',#2406,#2408,#1345,.T.);
#3049=EDGE_CURVE('',#2409,#2408,#1967,.T.);
#3050=EDGE_CURVE('',#2324,#2409,#1346,.T.);
#3051=EDGE_CURVE('',#2410,#2323,#1347,.T.);
#3052=EDGE_CURVE('',#2409,#2410,#1348,.T.);
#3053=EDGE_CURVE('',#2411,#2410,#1968,.T.);
#3054=EDGE_CURVE('',#2322,#2411,#1349,.T.);
#3055=EDGE_CURVE('',#2412,#2321,#1350,.T.);
#3056=EDGE_CURVE('',#2411,#2412,#1351,.T.);
#3057=EDGE_CURVE('',#2413,#2412,#1969,.T.);
#3058=EDGE_CURVE('',#2320,#2413,#1352,.T.);
#3059=EDGE_CURVE('',#2414,#2415,#1353,.T.);
#3060=EDGE_CURVE('',#2331,#2414,#1354,.T.);
#3061=EDGE_CURVE('',#2330,#2415,#1355,.T.);
#3062=EDGE_CURVE('',#2415,#2416,#1970,.T.);
#3063=EDGE_CURVE('',#2329,#2416,#1356,.T.);
#3064=EDGE_CURVE('',#2416,#2417,#1357,.T.);
#3065=EDGE_CURVE('',#2328,#2417,#1358,.T.);
#3066=EDGE_CURVE('',#2417,#2418,#1971,.T.);
#3067=EDGE_CURVE('',#2327,#2418,#1359,.T.);
#3068=EDGE_CURVE('',#2418,#2419,#1360,.T.);
#3069=EDGE_CURVE('',#2326,#2419,#1361,.T.);
#3070=EDGE_CURVE('',#2419,#2420,#1972,.T.);
#3071=EDGE_CURVE('',#2333,#2420,#1362,.T.);
#3072=EDGE_CURVE('',#2420,#2421,#1363,.T.);
#3073=EDGE_CURVE('',#2332,#2421,#1364,.T.);
#3074=EDGE_CURVE('',#2421,#2414,#1973,.T.);
#3075=EDGE_CURVE('',#2422,#2423,#1365,.T.);
#3076=EDGE_CURVE('',#2339,#2422,#1366,.T.);
#3077=EDGE_CURVE('',#2338,#2423,#1367,.T.);
#3078=EDGE_CURVE('',#2423,#2424,#1974,.T.);
#3079=EDGE_CURVE('',#2337,#2424,#1368,.T.);
#3080=EDGE_CURVE('',#2424,#2425,#1369,.T.);
#3081=EDGE_CURVE('',#2336,#2425,#1370,.T.);
#3082=EDGE_CURVE('',#2425,#2426,#1975,.T.);
#3083=EDGE_CURVE('',#2335,#2426,#1371,.T.);
#3084=EDGE_CURVE('',#2426,#2427,#1372,.T.);
#3085=EDGE_CURVE('',#2334,#2427,#1373,.T.);
#3086=EDGE_CURVE('',#2427,#2428,#1976,.T.);
#3087=EDGE_CURVE('',#2341,#2428,#1374,.T.);
#3088=EDGE_CURVE('',#2428,#2429,#1375,.T.);
#3089=EDGE_CURVE('',#2340,#2429,#1376,.T.);
#3090=EDGE_CURVE('',#2429,#2422,#1977,.T.);
#3091=EDGE_CURVE('',#2430,#2431,#1377,.T.);
#3092=EDGE_CURVE('',#2347,#2430,#1378,.T.);
#3093=EDGE_CURVE('',#2346,#2431,#1379,.T.);
#3094=EDGE_CURVE('',#2431,#2432,#1978,.T.);
#3095=EDGE_CURVE('',#2345,#2432,#1380,.T.);
#3096=EDGE_CURVE('',#2432,#2433,#1381,.T.);
#3097=EDGE_CURVE('',#2344,#2433,#1382,.T.);
#3098=EDGE_CURVE('',#2433,#2434,#1979,.T.);
#3099=EDGE_CURVE('',#2343,#2434,#1383,.T.);
#3100=EDGE_CURVE('',#2434,#2435,#1384,.T.);
#3101=EDGE_CURVE('',#2342,#2435,#1385,.T.);
#3102=EDGE_CURVE('',#2435,#2436,#1980,.T.);
#3103=EDGE_CURVE('',#2349,#2436,#1386,.T.);
#3104=EDGE_CURVE('',#2436,#2437,#1387,.T.);
#3105=EDGE_CURVE('',#2348,#2437,#1388,.T.);
#3106=EDGE_CURVE('',#2437,#2430,#1981,.T.);
#3107=EDGE_CURVE('',#2438,#2439,#1389,.T.);
#3108=EDGE_CURVE('',#2355,#2438,#1390,.T.);
#3109=EDGE_CURVE('',#2354,#2439,#1391,.T.);
#3110=EDGE_CURVE('',#2439,#2440,#1982,.T.);
#3111=EDGE_CURVE('',#2353,#2440,#1392,.T.);
#3112=EDGE_CURVE('',#2440,#2441,#1393,.T.);
#3113=EDGE_CURVE('',#2352,#2441,#1394,.T.);
#3114=EDGE_CURVE('',#2441,#2442,#1983,.T.);
#3115=EDGE_CURVE('',#2351,#2442,#1395,.T.);
#3116=EDGE_CURVE('',#2442,#2443,#1396,.T.);
#3117=EDGE_CURVE('',#2350,#2443,#1397,.T.);
#3118=EDGE_CURVE('',#2443,#2444,#1984,.T.);
#3119=EDGE_CURVE('',#2357,#2444,#1398,.T.);
#3120=EDGE_CURVE('',#2444,#2445,#1399,.T.);
#3121=EDGE_CURVE('',#2356,#2445,#1400,.T.);
#3122=EDGE_CURVE('',#2445,#2438,#1985,.T.);
#3123=EDGE_CURVE('',#2446,#2447,#1401,.T.);
#3124=EDGE_CURVE('',#2363,#2446,#1402,.T.);
#3125=EDGE_CURVE('',#2362,#2447,#1403,.T.);
#3126=EDGE_CURVE('',#2447,#2448,#1986,.T.);
#3127=EDGE_CURVE('',#2361,#2448,#1404,.T.);
#3128=EDGE_CURVE('',#2448,#2449,#1405,.T.);
#3129=EDGE_CURVE('',#2360,#2449,#1406,.T.);
#3130=EDGE_CURVE('',#2449,#2450,#1987,.T.);
#3131=EDGE_CURVE('',#2359,#2450,#1407,.T.);
#3132=EDGE_CURVE('',#2450,#2451,#1408,.T.);
#3133=EDGE_CURVE('',#2358,#2451,#1409,.T.);
#3134=EDGE_CURVE('',#2451,#2452,#1988,.T.);
#3135=EDGE_CURVE('',#2365,#2452,#1410,.T.);
#3136=EDGE_CURVE('',#2452,#2453,#1411,.T.);
#3137=EDGE_CURVE('',#2364,#2453,#1412,.T.);
#3138=EDGE_CURVE('',#2453,#2446,#1989,.T.);
#3139=EDGE_CURVE('',#2454,#2455,#1413,.T.);
#3140=EDGE_CURVE('',#2371,#2454,#1414,.T.);
#3141=EDGE_CURVE('',#2370,#2455,#1415,.T.);
#3142=EDGE_CURVE('',#2455,#2456,#1990,.T.);
#3143=EDGE_CURVE('',#2369,#2456,#1416,.T.);
#3144=EDGE_CURVE('',#2456,#2457,#1417,.T.);
#3145=EDGE_CURVE('',#2368,#2457,#1418,.T.);
#3146=EDGE_CURVE('',#2457,#2458,#1991,.T.);
#3147=EDGE_CURVE('',#2367,#2458,#1419,.T.);
#3148=EDGE_CURVE('',#2458,#2459,#1420,.T.);
#3149=EDGE_CURVE('',#2366,#2459,#1421,.T.);
#3150=EDGE_CURVE('',#2459,#2460,#1992,.T.);
#3151=EDGE_CURVE('',#2373,#2460,#1422,.T.);
#3152=EDGE_CURVE('',#2460,#2461,#1423,.T.);
#3153=EDGE_CURVE('',#2372,#2461,#1424,.T.);
#3154=EDGE_CURVE('',#2461,#2454,#1993,.T.);
#3155=EDGE_CURVE('',#2462,#2463,#1425,.T.);
#3156=EDGE_CURVE('',#2379,#2462,#1426,.T.);
#3157=EDGE_CURVE('',#2378,#2463,#1427,.T.);
#3158=EDGE_CURVE('',#2463,#2464,#1994,.T.);
#3159=EDGE_CURVE('',#2377,#2464,#1428,.T.);
#3160=EDGE_CURVE('',#2464,#2465,#1429,.T.);
#3161=EDGE_CURVE('',#2376,#2465,#1430,.T.);
#3162=EDGE_CURVE('',#2465,#2466,#1995,.T.);
#3163=EDGE_CURVE('',#2375,#2466,#1431,.T.);
#3164=EDGE_CURVE('',#2466,#2467,#1432,.T.);
#3165=EDGE_CURVE('',#2374,#2467,#1433,.T.);
#3166=EDGE_CURVE('',#2467,#2468,#1996,.T.);
#3167=EDGE_CURVE('',#2381,#2468,#1434,.T.);
#3168=EDGE_CURVE('',#2468,#2469,#1435,.T.);
#3169=EDGE_CURVE('',#2380,#2469,#1436,.T.);
#3170=EDGE_CURVE('',#2469,#2462,#1997,.T.);
#3171=EDGE_CURVE('',#2470,#2471,#1437,.T.);
#3172=EDGE_CURVE('',#2387,#2470,#1438,.T.);
#3173=EDGE_CURVE('',#2386,#2471,#1439,.T.);
#3174=EDGE_CURVE('',#2471,#2472,#1998,.T.);
#3175=EDGE_CURVE('',#2385,#2472,#1440,.T.);
#3176=EDGE_CURVE('',#2472,#2473,#1441,.T.);
#3177=EDGE_CURVE('',#2384,#2473,#1442,.T.);
#3178=EDGE_CURVE('',#2473,#2474,#1999,.T.);
#3179=EDGE_CURVE('',#2383,#2474,#1443,.T.);
#3180=EDGE_CURVE('',#2474,#2475,#1444,.T.);
#3181=EDGE_CURVE('',#2382,#2475,#1445,.T.);
#3182=EDGE_CURVE('',#2475,#2476,#2000,.T.);
#3183=EDGE_CURVE('',#2389,#2476,#1446,.T.);
#3184=EDGE_CURVE('',#2476,#2477,#1447,.T.);
#3185=EDGE_CURVE('',#2388,#2477,#1448,.T.);
#3186=EDGE_CURVE('',#2477,#2470,#2001,.T.);
#3187=EDGE_CURVE('',#2478,#2479,#1449,.T.);
#3188=EDGE_CURVE('',#2395,#2478,#1450,.T.);
#3189=EDGE_CURVE('',#2394,#2479,#1451,.T.);
#3190=EDGE_CURVE('',#2479,#2480,#2002,.T.);
#3191=EDGE_CURVE('',#2393,#2480,#1452,.T.);
#3192=EDGE_CURVE('',#2480,#2481,#1453,.T.);
#3193=EDGE_CURVE('',#2392,#2481,#1454,.T.);
#3194=EDGE_CURVE('',#2481,#2482,#2003,.T.);
#3195=EDGE_CURVE('',#2391,#2482,#1455,.T.);
#3196=EDGE_CURVE('',#2482,#2483,#1456,.T.);
#3197=EDGE_CURVE('',#2390,#2483,#1457,.T.);
#3198=EDGE_CURVE('',#2483,#2484,#2004,.T.);
#3199=EDGE_CURVE('',#2397,#2484,#1458,.T.);
#3200=EDGE_CURVE('',#2484,#2485,#1459,.T.);
#3201=EDGE_CURVE('',#2396,#2485,#1460,.T.);
#3202=EDGE_CURVE('',#2485,#2478,#2005,.T.);
#3203=EDGE_CURVE('',#2486,#2486,#2006,.T.);
#3204=EDGE_CURVE('',#2486,#2405,#1461,.T.);
#3205=EDGE_CURVE('',#2487,#2487,#2007,.T.);
#3206=EDGE_CURVE('',#2487,#2404,#1462,.T.);
#3207=EDGE_CURVE('',#2400,#2488,#1463,.T.);
#3208=EDGE_CURVE('',#2489,#2488,#1464,.T.);
#3209=EDGE_CURVE('',#2402,#2489,#1465,.T.);
#3210=EDGE_CURVE('',#2490,#2489,#1466,.T.);
#3211=EDGE_CURVE('',#2403,#2490,#1467,.T.);
#3212=EDGE_CURVE('',#2491,#2490,#1468,.T.);
#3213=EDGE_CURVE('',#2401,#2491,#1469,.T.);
#3214=EDGE_CURVE('',#2488,#2491,#1470,.T.);
#3215=EDGE_CURVE('',#2492,#2492,#2008,.T.);
#3216=EDGE_CURVE('',#2492,#2399,#1471,.T.);
#3217=EDGE_CURVE('',#2493,#2493,#2009,.T.);
#3218=EDGE_CURVE('',#2493,#2398,#1472,.T.);
#3219=EDGE_CURVE('',#2413,#2407,#1473,.T.);
#3220=ORIENTED_EDGE('',*,*,#2494,.T.);
#3221=ORIENTED_EDGE('',*,*,#2495,.T.);
#3222=ORIENTED_EDGE('',*,*,#2496,.T.);
#3223=ORIENTED_EDGE('',*,*,#2497,.T.);
#3224=ORIENTED_EDGE('',*,*,#2495,.F.);
#3225=ORIENTED_EDGE('',*,*,#2498,.F.);
#3226=ORIENTED_EDGE('',*,*,#2499,.F.);
#3227=ORIENTED_EDGE('',*,*,#2500,.F.);
#3228=ORIENTED_EDGE('',*,*,#2494,.F.);
#3229=ORIENTED_EDGE('',*,*,#2501,.T.);
#3230=ORIENTED_EDGE('',*,*,#2502,.F.);
#3231=ORIENTED_EDGE('',*,*,#2503,.T.);
#3232=ORIENTED_EDGE('',*,*,#2504,.T.);
#3233=ORIENTED_EDGE('',*,*,#2505,.T.);
#3234=ORIENTED_EDGE('',*,*,#2506,.T.);
#3235=ORIENTED_EDGE('',*,*,#2507,.T.);
#3236=ORIENTED_EDGE('',*,*,#2508,.T.);
#3237=ORIENTED_EDGE('',*,*,#2509,.T.);
#3238=ORIENTED_EDGE('',*,*,#2510,.T.);
#3239=ORIENTED_EDGE('',*,*,#2511,.T.);
#3240=ORIENTED_EDGE('',*,*,#2512,.F.);
#3241=ORIENTED_EDGE('',*,*,#2513,.T.);
#3242=ORIENTED_EDGE('',*,*,#2514,.F.);
#3243=ORIENTED_EDGE('',*,*,#2498,.T.);
#3244=ORIENTED_EDGE('',*,*,#2515,.T.);
#3245=ORIENTED_EDGE('',*,*,#2516,.T.);
#3246=ORIENTED_EDGE('',*,*,#2517,.T.);
#3247=ORIENTED_EDGE('',*,*,#2518,.T.);
#3248=ORIENTED_EDGE('',*,*,#2514,.T.);
#3249=ORIENTED_EDGE('',*,*,#2519,.T.);
#3250=ORIENTED_EDGE('',*,*,#2520,.T.);
#3251=ORIENTED_EDGE('',*,*,#2499,.T.);
#3252=ORIENTED_EDGE('',*,*,#2519,.F.);
#3253=ORIENTED_EDGE('',*,*,#2513,.F.);
#3254=ORIENTED_EDGE('',*,*,#2521,.F.);
#3255=ORIENTED_EDGE('',*,*,#2522,.F.);
#3256=ORIENTED_EDGE('',*,*,#2512,.T.);
#3257=ORIENTED_EDGE('',*,*,#2523,.T.);
#3258=ORIENTED_EDGE('',*,*,#2524,.T.);
#3259=ORIENTED_EDGE('',*,*,#2521,.T.);
#3260=ORIENTED_EDGE('',*,*,#2523,.F.);
#3261=ORIENTED_EDGE('',*,*,#2511,.F.);
#3262=ORIENTED_EDGE('',*,*,#2525,.T.);
#3263=ORIENTED_EDGE('',*,*,#2526,.T.);
#3264=ORIENTED_EDGE('',*,*,#2527,.T.);
#3265=ORIENTED_EDGE('',*,*,#2503,.F.);
#3266=ORIENTED_EDGE('',*,*,#2528,.F.);
#3267=ORIENTED_EDGE('',*,*,#2529,.F.);
#3268=ORIENTED_EDGE('',*,*,#2502,.T.);
#3269=ORIENTED_EDGE('',*,*,#2530,.T.);
#3270=ORIENTED_EDGE('',*,*,#2531,.T.);
#3271=ORIENTED_EDGE('',*,*,#2528,.T.);
#3272=ORIENTED_EDGE('',*,*,#2497,.F.);
#3273=ORIENTED_EDGE('',*,*,#2532,.F.);
#3274=ORIENTED_EDGE('',*,*,#2530,.F.);
#3275=ORIENTED_EDGE('',*,*,#2501,.F.);
#3276=ORIENTED_EDGE('',*,*,#2504,.F.);
#3277=ORIENTED_EDGE('',*,*,#2527,.F.);
#3278=ORIENTED_EDGE('',*,*,#2533,.T.);
#3279=ORIENTED_EDGE('',*,*,#2534,.F.);
#3280=ORIENTED_EDGE('',*,*,#2510,.F.);
#3281=ORIENTED_EDGE('',*,*,#2535,.F.);
#3282=ORIENTED_EDGE('',*,*,#2536,.T.);
#3283=ORIENTED_EDGE('',*,*,#2525,.F.);
#3284=ORIENTED_EDGE('',*,*,#2537,.F.);
#3285=ORIENTED_EDGE('',*,*,#2533,.F.);
#3286=ORIENTED_EDGE('',*,*,#2526,.F.);
#3287=ORIENTED_EDGE('',*,*,#2536,.F.);
#3288=ORIENTED_EDGE('',*,*,#2534,.T.);
#3289=ORIENTED_EDGE('',*,*,#2537,.T.);
#3290=ORIENTED_EDGE('',*,*,#2535,.T.);
#3291=ORIENTED_EDGE('',*,*,#2509,.F.);
#3292=ORIENTED_EDGE('',*,*,#2538,.F.);
#3293=ORIENTED_EDGE('',*,*,#2539,.T.);
#3294=ORIENTED_EDGE('',*,*,#2540,.T.);
#3295=ORIENTED_EDGE('',*,*,#2505,.F.);
#3296=ORIENTED_EDGE('',*,*,#2541,.F.);
#3297=ORIENTED_EDGE('',*,*,#2539,.F.);
#3298=ORIENTED_EDGE('',*,*,#2542,.F.);
#3299=ORIENTED_EDGE('',*,*,#2543,.F.);
#3300=ORIENTED_EDGE('',*,*,#2542,.T.);
#3301=ORIENTED_EDGE('',*,*,#2538,.T.);
#3302=ORIENTED_EDGE('',*,*,#2508,.F.);
#3303=ORIENTED_EDGE('',*,*,#2544,.F.);
#3304=ORIENTED_EDGE('',*,*,#2545,.T.);
#3305=ORIENTED_EDGE('',*,*,#2546,.T.);
#3306=ORIENTED_EDGE('',*,*,#2547,.F.);
#3307=ORIENTED_EDGE('',*,*,#2546,.F.);
#3308=ORIENTED_EDGE('',*,*,#2548,.T.);
#3309=ORIENTED_EDGE('',*,*,#2549,.T.);
#3310=ORIENTED_EDGE('',*,*,#2550,.F.);
#3311=ORIENTED_EDGE('',*,*,#2549,.F.);
#3312=ORIENTED_EDGE('',*,*,#2551,.T.);
#3313=ORIENTED_EDGE('',*,*,#2552,.T.);
#3314=ORIENTED_EDGE('',*,*,#2553,.F.);
#3315=ORIENTED_EDGE('',*,*,#2552,.F.);
#3316=ORIENTED_EDGE('',*,*,#2554,.T.);
#3317=ORIENTED_EDGE('',*,*,#2555,.T.);
#3318=ORIENTED_EDGE('',*,*,#2556,.F.);
#3319=ORIENTED_EDGE('',*,*,#2555,.F.);
#3320=ORIENTED_EDGE('',*,*,#2541,.T.);
#3321=ORIENTED_EDGE('',*,*,#2557,.T.);
#3322=ORIENTED_EDGE('',*,*,#2506,.F.);
#3323=ORIENTED_EDGE('',*,*,#2540,.F.);
#3324=ORIENTED_EDGE('',*,*,#2543,.T.);
#3325=ORIENTED_EDGE('',*,*,#2544,.T.);
#3326=ORIENTED_EDGE('',*,*,#2507,.F.);
#3327=ORIENTED_EDGE('',*,*,#2557,.F.);
#3328=ORIENTED_EDGE('',*,*,#2496,.F.);
#3329=ORIENTED_EDGE('',*,*,#2500,.T.);
#3330=ORIENTED_EDGE('',*,*,#2520,.F.);
#3331=ORIENTED_EDGE('',*,*,#2522,.T.);
#3332=ORIENTED_EDGE('',*,*,#2524,.F.);
#3333=ORIENTED_EDGE('',*,*,#2529,.T.);
#3334=ORIENTED_EDGE('',*,*,#2531,.F.);
#3335=ORIENTED_EDGE('',*,*,#2532,.T.);
#3336=ORIENTED_EDGE('',*,*,#2556,.T.);
#3337=ORIENTED_EDGE('',*,*,#2547,.T.);
#3338=ORIENTED_EDGE('',*,*,#2550,.T.);
#3339=ORIENTED_EDGE('',*,*,#2553,.T.);
#3340=ORIENTED_EDGE('',*,*,#2517,.F.);
#3341=ORIENTED_EDGE('',*,*,#2558,.T.);
#3342=ORIENTED_EDGE('',*,*,#2559,.T.);
#3343=ORIENTED_EDGE('',*,*,#2558,.F.);
#3344=ORIENTED_EDGE('',*,*,#2554,.F.);
#3345=ORIENTED_EDGE('',*,*,#2559,.F.);
#3346=ORIENTED_EDGE('',*,*,#2516,.F.);
#3347=ORIENTED_EDGE('',*,*,#2560,.T.);
#3348=ORIENTED_EDGE('',*,*,#2561,.T.);
#3349=ORIENTED_EDGE('',*,*,#2560,.F.);
#3350=ORIENTED_EDGE('',*,*,#2551,.F.);
#3351=ORIENTED_EDGE('',*,*,#2561,.F.);
#3352=ORIENTED_EDGE('',*,*,#2518,.F.);
#3353=ORIENTED_EDGE('',*,*,#2562,.T.);
#3354=ORIENTED_EDGE('',*,*,#2563,.T.);
#3355=ORIENTED_EDGE('',*,*,#2562,.F.);
#3356=ORIENTED_EDGE('',*,*,#2548,.F.);
#3357=ORIENTED_EDGE('',*,*,#2563,.F.);
#3358=ORIENTED_EDGE('',*,*,#2515,.F.);
#3359=ORIENTED_EDGE('',*,*,#2564,.T.);
#3360=ORIENTED_EDGE('',*,*,#2565,.T.);
#3361=ORIENTED_EDGE('',*,*,#2564,.F.);
#3362=ORIENTED_EDGE('',*,*,#2545,.F.);
#3363=ORIENTED_EDGE('',*,*,#2565,.F.);
#3364=ORIENTED_EDGE('',*,*,#2566,.F.);
#3365=ORIENTED_EDGE('',*,*,#2567,.T.);
#3366=ORIENTED_EDGE('',*,*,#2568,.T.);
#3367=ORIENTED_EDGE('',*,*,#2569,.F.);
#3368=ORIENTED_EDGE('',*,*,#2570,.F.);
#3369=ORIENTED_EDGE('',*,*,#2571,.T.);
#3370=ORIENTED_EDGE('',*,*,#2572,.T.);
#3371=ORIENTED_EDGE('',*,*,#2567,.F.);
#3372=ORIENTED_EDGE('',*,*,#2573,.F.);
#3373=ORIENTED_EDGE('',*,*,#2574,.T.);
#3374=ORIENTED_EDGE('',*,*,#2575,.T.);
#3375=ORIENTED_EDGE('',*,*,#2571,.F.);
#3376=ORIENTED_EDGE('',*,*,#2576,.F.);
#3377=ORIENTED_EDGE('',*,*,#2569,.T.);
#3378=ORIENTED_EDGE('',*,*,#2577,.T.);
#3379=ORIENTED_EDGE('',*,*,#2574,.F.);
#3380=ORIENTED_EDGE('',*,*,#2577,.F.);
#3381=ORIENTED_EDGE('',*,*,#2568,.F.);
#3382=ORIENTED_EDGE('',*,*,#2572,.F.);
#3383=ORIENTED_EDGE('',*,*,#2575,.F.);
#3384=ORIENTED_EDGE('',*,*,#2578,.F.);
#3385=ORIENTED_EDGE('',*,*,#2579,.T.);
#3386=ORIENTED_EDGE('',*,*,#2580,.T.);
#3387=ORIENTED_EDGE('',*,*,#2581,.F.);
#3388=ORIENTED_EDGE('',*,*,#2582,.F.);
#3389=ORIENTED_EDGE('',*,*,#2583,.T.);
#3390=ORIENTED_EDGE('',*,*,#2584,.T.);
#3391=ORIENTED_EDGE('',*,*,#2579,.F.);
#3392=ORIENTED_EDGE('',*,*,#2585,.F.);
#3393=ORIENTED_EDGE('',*,*,#2586,.T.);
#3394=ORIENTED_EDGE('',*,*,#2587,.T.);
#3395=ORIENTED_EDGE('',*,*,#2583,.F.);
#3396=ORIENTED_EDGE('',*,*,#2588,.F.);
#3397=ORIENTED_EDGE('',*,*,#2589,.T.);
#3398=ORIENTED_EDGE('',*,*,#2590,.T.);
#3399=ORIENTED_EDGE('',*,*,#2586,.F.);
#3400=ORIENTED_EDGE('',*,*,#2591,.F.);
#3401=ORIENTED_EDGE('',*,*,#2592,.T.);
#3402=ORIENTED_EDGE('',*,*,#2593,.T.);
#3403=ORIENTED_EDGE('',*,*,#2589,.F.);
#3404=ORIENTED_EDGE('',*,*,#2594,.F.);
#3405=ORIENTED_EDGE('',*,*,#2595,.T.);
#3406=ORIENTED_EDGE('',*,*,#2596,.T.);
#3407=ORIENTED_EDGE('',*,*,#2592,.F.);
#3408=ORIENTED_EDGE('',*,*,#2597,.F.);
#3409=ORIENTED_EDGE('',*,*,#2598,.T.);
#3410=ORIENTED_EDGE('',*,*,#2599,.T.);
#3411=ORIENTED_EDGE('',*,*,#2595,.F.);
#3412=ORIENTED_EDGE('',*,*,#2600,.F.);
#3413=ORIENTED_EDGE('',*,*,#2581,.T.);
#3414=ORIENTED_EDGE('',*,*,#2601,.T.);
#3415=ORIENTED_EDGE('',*,*,#2598,.F.);
#3416=ORIENTED_EDGE('',*,*,#2602,.F.);
#3417=ORIENTED_EDGE('',*,*,#2603,.T.);
#3418=ORIENTED_EDGE('',*,*,#2604,.T.);
#3419=ORIENTED_EDGE('',*,*,#2605,.F.);
#3420=ORIENTED_EDGE('',*,*,#2606,.F.);
#3421=ORIENTED_EDGE('',*,*,#2607,.T.);
#3422=ORIENTED_EDGE('',*,*,#2608,.T.);
#3423=ORIENTED_EDGE('',*,*,#2603,.F.);
#3424=ORIENTED_EDGE('',*,*,#2609,.F.);
#3425=ORIENTED_EDGE('',*,*,#2610,.T.);
#3426=ORIENTED_EDGE('',*,*,#2611,.T.);
#3427=ORIENTED_EDGE('',*,*,#2607,.F.);
#3428=ORIENTED_EDGE('',*,*,#2612,.F.);
#3429=ORIENTED_EDGE('',*,*,#2613,.T.);
#3430=ORIENTED_EDGE('',*,*,#2614,.T.);
#3431=ORIENTED_EDGE('',*,*,#2610,.F.);
#3432=ORIENTED_EDGE('',*,*,#2615,.F.);
#3433=ORIENTED_EDGE('',*,*,#2616,.T.);
#3434=ORIENTED_EDGE('',*,*,#2617,.T.);
#3435=ORIENTED_EDGE('',*,*,#2613,.F.);
#3436=ORIENTED_EDGE('',*,*,#2618,.F.);
#3437=ORIENTED_EDGE('',*,*,#2619,.T.);
#3438=ORIENTED_EDGE('',*,*,#2620,.T.);
#3439=ORIENTED_EDGE('',*,*,#2616,.F.);
#3440=ORIENTED_EDGE('',*,*,#2621,.F.);
#3441=ORIENTED_EDGE('',*,*,#2622,.T.);
#3442=ORIENTED_EDGE('',*,*,#2623,.T.);
#3443=ORIENTED_EDGE('',*,*,#2619,.F.);
#3444=ORIENTED_EDGE('',*,*,#2624,.F.);
#3445=ORIENTED_EDGE('',*,*,#2625,.T.);
#3446=ORIENTED_EDGE('',*,*,#2626,.T.);
#3447=ORIENTED_EDGE('',*,*,#2622,.F.);
#3448=ORIENTED_EDGE('',*,*,#2627,.F.);
#3449=ORIENTED_EDGE('',*,*,#2628,.T.);
#3450=ORIENTED_EDGE('',*,*,#2629,.T.);
#3451=ORIENTED_EDGE('',*,*,#2625,.F.);
#3452=ORIENTED_EDGE('',*,*,#2630,.F.);
#3453=ORIENTED_EDGE('',*,*,#2631,.T.);
#3454=ORIENTED_EDGE('',*,*,#2632,.T.);
#3455=ORIENTED_EDGE('',*,*,#2628,.F.);
#3456=ORIENTED_EDGE('',*,*,#2633,.F.);
#3457=ORIENTED_EDGE('',*,*,#2634,.T.);
#3458=ORIENTED_EDGE('',*,*,#2635,.T.);
#3459=ORIENTED_EDGE('',*,*,#2631,.F.);
#3460=ORIENTED_EDGE('',*,*,#2636,.F.);
#3461=ORIENTED_EDGE('',*,*,#2637,.T.);
#3462=ORIENTED_EDGE('',*,*,#2638,.T.);
#3463=ORIENTED_EDGE('',*,*,#2634,.F.);
#3464=ORIENTED_EDGE('',*,*,#2639,.F.);
#3465=ORIENTED_EDGE('',*,*,#2640,.T.);
#3466=ORIENTED_EDGE('',*,*,#2641,.T.);
#3467=ORIENTED_EDGE('',*,*,#2637,.F.);
#3468=ORIENTED_EDGE('',*,*,#2642,.F.);
#3469=ORIENTED_EDGE('',*,*,#2605,.T.);
#3470=ORIENTED_EDGE('',*,*,#2643,.T.);
#3471=ORIENTED_EDGE('',*,*,#2640,.F.);
#3472=ORIENTED_EDGE('',*,*,#2643,.F.);
#3473=ORIENTED_EDGE('',*,*,#2604,.F.);
#3474=ORIENTED_EDGE('',*,*,#2608,.F.);
#3475=ORIENTED_EDGE('',*,*,#2611,.F.);
#3476=ORIENTED_EDGE('',*,*,#2614,.F.);
#3477=ORIENTED_EDGE('',*,*,#2617,.F.);
#3478=ORIENTED_EDGE('',*,*,#2620,.F.);
#3479=ORIENTED_EDGE('',*,*,#2623,.F.);
#3480=ORIENTED_EDGE('',*,*,#2626,.F.);
#3481=ORIENTED_EDGE('',*,*,#2629,.F.);
#3482=ORIENTED_EDGE('',*,*,#2632,.F.);
#3483=ORIENTED_EDGE('',*,*,#2635,.F.);
#3484=ORIENTED_EDGE('',*,*,#2638,.F.);
#3485=ORIENTED_EDGE('',*,*,#2641,.F.);
#3486=ORIENTED_EDGE('',*,*,#2601,.F.);
#3487=ORIENTED_EDGE('',*,*,#2580,.F.);
#3488=ORIENTED_EDGE('',*,*,#2584,.F.);
#3489=ORIENTED_EDGE('',*,*,#2587,.F.);
#3490=ORIENTED_EDGE('',*,*,#2590,.F.);
#3491=ORIENTED_EDGE('',*,*,#2593,.F.);
#3492=ORIENTED_EDGE('',*,*,#2596,.F.);
#3493=ORIENTED_EDGE('',*,*,#2599,.F.);
#3494=ORIENTED_EDGE('',*,*,#2644,.F.);
#3495=ORIENTED_EDGE('',*,*,#2645,.T.);
#3496=ORIENTED_EDGE('',*,*,#2646,.T.);
#3497=ORIENTED_EDGE('',*,*,#2647,.F.);
#3498=ORIENTED_EDGE('',*,*,#2648,.F.);
#3499=ORIENTED_EDGE('',*,*,#2649,.T.);
#3500=ORIENTED_EDGE('',*,*,#2650,.T.);
#3501=ORIENTED_EDGE('',*,*,#2645,.F.);
#3502=ORIENTED_EDGE('',*,*,#2651,.F.);
#3503=ORIENTED_EDGE('',*,*,#2652,.T.);
#3504=ORIENTED_EDGE('',*,*,#2653,.T.);
#3505=ORIENTED_EDGE('',*,*,#2649,.F.);
#3506=ORIENTED_EDGE('',*,*,#2654,.F.);
#3507=ORIENTED_EDGE('',*,*,#2655,.T.);
#3508=ORIENTED_EDGE('',*,*,#2656,.T.);
#3509=ORIENTED_EDGE('',*,*,#2652,.F.);
#3510=ORIENTED_EDGE('',*,*,#2657,.F.);
#3511=ORIENTED_EDGE('',*,*,#2658,.T.);
#3512=ORIENTED_EDGE('',*,*,#2659,.T.);
#3513=ORIENTED_EDGE('',*,*,#2655,.F.);
#3514=ORIENTED_EDGE('',*,*,#2660,.F.);
#3515=ORIENTED_EDGE('',*,*,#2661,.T.);
#3516=ORIENTED_EDGE('',*,*,#2662,.T.);
#3517=ORIENTED_EDGE('',*,*,#2658,.F.);
#3518=ORIENTED_EDGE('',*,*,#2663,.F.);
#3519=ORIENTED_EDGE('',*,*,#2664,.T.);
#3520=ORIENTED_EDGE('',*,*,#2665,.T.);
#3521=ORIENTED_EDGE('',*,*,#2661,.F.);
#3522=ORIENTED_EDGE('',*,*,#2666,.F.);
#3523=ORIENTED_EDGE('',*,*,#2647,.T.);
#3524=ORIENTED_EDGE('',*,*,#2667,.T.);
#3525=ORIENTED_EDGE('',*,*,#2664,.F.);
#3526=ORIENTED_EDGE('',*,*,#2668,.F.);
#3527=ORIENTED_EDGE('',*,*,#2669,.T.);
#3528=ORIENTED_EDGE('',*,*,#2670,.T.);
#3529=ORIENTED_EDGE('',*,*,#2671,.F.);
#3530=ORIENTED_EDGE('',*,*,#2672,.F.);
#3531=ORIENTED_EDGE('',*,*,#2673,.T.);
#3532=ORIENTED_EDGE('',*,*,#2674,.T.);
#3533=ORIENTED_EDGE('',*,*,#2669,.F.);
#3534=ORIENTED_EDGE('',*,*,#2675,.F.);
#3535=ORIENTED_EDGE('',*,*,#2676,.T.);
#3536=ORIENTED_EDGE('',*,*,#2677,.T.);
#3537=ORIENTED_EDGE('',*,*,#2673,.F.);
#3538=ORIENTED_EDGE('',*,*,#2678,.F.);
#3539=ORIENTED_EDGE('',*,*,#2679,.T.);
#3540=ORIENTED_EDGE('',*,*,#2680,.T.);
#3541=ORIENTED_EDGE('',*,*,#2676,.F.);
#3542=ORIENTED_EDGE('',*,*,#2681,.F.);
#3543=ORIENTED_EDGE('',*,*,#2682,.T.);
#3544=ORIENTED_EDGE('',*,*,#2683,.T.);
#3545=ORIENTED_EDGE('',*,*,#2679,.F.);
#3546=ORIENTED_EDGE('',*,*,#2684,.F.);
#3547=ORIENTED_EDGE('',*,*,#2685,.T.);
#3548=ORIENTED_EDGE('',*,*,#2686,.T.);
#3549=ORIENTED_EDGE('',*,*,#2682,.F.);
#3550=ORIENTED_EDGE('',*,*,#2687,.F.);
#3551=ORIENTED_EDGE('',*,*,#2688,.T.);
#3552=ORIENTED_EDGE('',*,*,#2689,.T.);
#3553=ORIENTED_EDGE('',*,*,#2685,.F.);
#3554=ORIENTED_EDGE('',*,*,#2690,.F.);
#3555=ORIENTED_EDGE('',*,*,#2691,.T.);
#3556=ORIENTED_EDGE('',*,*,#2692,.T.);
#3557=ORIENTED_EDGE('',*,*,#2688,.F.);
#3558=ORIENTED_EDGE('',*,*,#2693,.F.);
#3559=ORIENTED_EDGE('',*,*,#2694,.T.);
#3560=ORIENTED_EDGE('',*,*,#2695,.T.);
#3561=ORIENTED_EDGE('',*,*,#2691,.F.);
#3562=ORIENTED_EDGE('',*,*,#2696,.F.);
#3563=ORIENTED_EDGE('',*,*,#2697,.T.);
#3564=ORIENTED_EDGE('',*,*,#2698,.T.);
#3565=ORIENTED_EDGE('',*,*,#2694,.F.);
#3566=ORIENTED_EDGE('',*,*,#2699,.F.);
#3567=ORIENTED_EDGE('',*,*,#2700,.T.);
#3568=ORIENTED_EDGE('',*,*,#2701,.T.);
#3569=ORIENTED_EDGE('',*,*,#2697,.F.);
#3570=ORIENTED_EDGE('',*,*,#2702,.F.);
#3571=ORIENTED_EDGE('',*,*,#2703,.T.);
#3572=ORIENTED_EDGE('',*,*,#2704,.T.);
#3573=ORIENTED_EDGE('',*,*,#2700,.F.);
#3574=ORIENTED_EDGE('',*,*,#2705,.F.);
#3575=ORIENTED_EDGE('',*,*,#2706,.T.);
#3576=ORIENTED_EDGE('',*,*,#2707,.T.);
#3577=ORIENTED_EDGE('',*,*,#2703,.F.);
#3578=ORIENTED_EDGE('',*,*,#2708,.F.);
#3579=ORIENTED_EDGE('',*,*,#2709,.T.);
#3580=ORIENTED_EDGE('',*,*,#2710,.T.);
#3581=ORIENTED_EDGE('',*,*,#2706,.F.);
#3582=ORIENTED_EDGE('',*,*,#2711,.F.);
#3583=ORIENTED_EDGE('',*,*,#2671,.T.);
#3584=ORIENTED_EDGE('',*,*,#2712,.T.);
#3585=ORIENTED_EDGE('',*,*,#2709,.F.);
#3586=ORIENTED_EDGE('',*,*,#2712,.F.);
#3587=ORIENTED_EDGE('',*,*,#2670,.F.);
#3588=ORIENTED_EDGE('',*,*,#2674,.F.);
#3589=ORIENTED_EDGE('',*,*,#2677,.F.);
#3590=ORIENTED_EDGE('',*,*,#2680,.F.);
#3591=ORIENTED_EDGE('',*,*,#2683,.F.);
#3592=ORIENTED_EDGE('',*,*,#2686,.F.);
#3593=ORIENTED_EDGE('',*,*,#2689,.F.);
#3594=ORIENTED_EDGE('',*,*,#2692,.F.);
#3595=ORIENTED_EDGE('',*,*,#2695,.F.);
#3596=ORIENTED_EDGE('',*,*,#2698,.F.);
#3597=ORIENTED_EDGE('',*,*,#2701,.F.);
#3598=ORIENTED_EDGE('',*,*,#2704,.F.);
#3599=ORIENTED_EDGE('',*,*,#2707,.F.);
#3600=ORIENTED_EDGE('',*,*,#2710,.F.);
#3601=ORIENTED_EDGE('',*,*,#2667,.F.);
#3602=ORIENTED_EDGE('',*,*,#2646,.F.);
#3603=ORIENTED_EDGE('',*,*,#2650,.F.);
#3604=ORIENTED_EDGE('',*,*,#2653,.F.);
#3605=ORIENTED_EDGE('',*,*,#2656,.F.);
#3606=ORIENTED_EDGE('',*,*,#2659,.F.);
#3607=ORIENTED_EDGE('',*,*,#2662,.F.);
#3608=ORIENTED_EDGE('',*,*,#2665,.F.);
#3609=ORIENTED_EDGE('',*,*,#2713,.F.);
#3610=ORIENTED_EDGE('',*,*,#2714,.T.);
#3611=ORIENTED_EDGE('',*,*,#2715,.T.);
#3612=ORIENTED_EDGE('',*,*,#2716,.F.);
#3613=ORIENTED_EDGE('',*,*,#2717,.F.);
#3614=ORIENTED_EDGE('',*,*,#2718,.T.);
#3615=ORIENTED_EDGE('',*,*,#2719,.T.);
#3616=ORIENTED_EDGE('',*,*,#2714,.F.);
#3617=ORIENTED_EDGE('',*,*,#2720,.F.);
#3618=ORIENTED_EDGE('',*,*,#2721,.T.);
#3619=ORIENTED_EDGE('',*,*,#2722,.T.);
#3620=ORIENTED_EDGE('',*,*,#2718,.F.);
#3621=ORIENTED_EDGE('',*,*,#2723,.F.);
#3622=ORIENTED_EDGE('',*,*,#2724,.T.);
#3623=ORIENTED_EDGE('',*,*,#2725,.T.);
#3624=ORIENTED_EDGE('',*,*,#2721,.F.);
#3625=ORIENTED_EDGE('',*,*,#2726,.F.);
#3626=ORIENTED_EDGE('',*,*,#2727,.T.);
#3627=ORIENTED_EDGE('',*,*,#2728,.T.);
#3628=ORIENTED_EDGE('',*,*,#2724,.F.);
#3629=ORIENTED_EDGE('',*,*,#2729,.F.);
#3630=ORIENTED_EDGE('',*,*,#2730,.T.);
#3631=ORIENTED_EDGE('',*,*,#2731,.T.);
#3632=ORIENTED_EDGE('',*,*,#2727,.F.);
#3633=ORIENTED_EDGE('',*,*,#2732,.F.);
#3634=ORIENTED_EDGE('',*,*,#2733,.T.);
#3635=ORIENTED_EDGE('',*,*,#2734,.T.);
#3636=ORIENTED_EDGE('',*,*,#2730,.F.);
#3637=ORIENTED_EDGE('',*,*,#2735,.F.);
#3638=ORIENTED_EDGE('',*,*,#2736,.T.);
#3639=ORIENTED_EDGE('',*,*,#2737,.T.);
#3640=ORIENTED_EDGE('',*,*,#2733,.F.);
#3641=ORIENTED_EDGE('',*,*,#2738,.F.);
#3642=ORIENTED_EDGE('',*,*,#2739,.T.);
#3643=ORIENTED_EDGE('',*,*,#2740,.T.);
#3644=ORIENTED_EDGE('',*,*,#2736,.F.);
#3645=ORIENTED_EDGE('',*,*,#2741,.F.);
#3646=ORIENTED_EDGE('',*,*,#2716,.T.);
#3647=ORIENTED_EDGE('',*,*,#2742,.T.);
#3648=ORIENTED_EDGE('',*,*,#2739,.F.);
#3649=ORIENTED_EDGE('',*,*,#2743,.F.);
#3650=ORIENTED_EDGE('',*,*,#2744,.T.);
#3651=ORIENTED_EDGE('',*,*,#2745,.T.);
#3652=ORIENTED_EDGE('',*,*,#2746,.F.);
#3653=ORIENTED_EDGE('',*,*,#2747,.F.);
#3654=ORIENTED_EDGE('',*,*,#2748,.T.);
#3655=ORIENTED_EDGE('',*,*,#2749,.T.);
#3656=ORIENTED_EDGE('',*,*,#2744,.F.);
#3657=ORIENTED_EDGE('',*,*,#2750,.F.);
#3658=ORIENTED_EDGE('',*,*,#2751,.T.);
#3659=ORIENTED_EDGE('',*,*,#2752,.T.);
#3660=ORIENTED_EDGE('',*,*,#2748,.F.);
#3661=ORIENTED_EDGE('',*,*,#2753,.F.);
#3662=ORIENTED_EDGE('',*,*,#2754,.T.);
#3663=ORIENTED_EDGE('',*,*,#2755,.T.);
#3664=ORIENTED_EDGE('',*,*,#2751,.F.);
#3665=ORIENTED_EDGE('',*,*,#2756,.F.);
#3666=ORIENTED_EDGE('',*,*,#2757,.T.);
#3667=ORIENTED_EDGE('',*,*,#2758,.T.);
#3668=ORIENTED_EDGE('',*,*,#2754,.F.);
#3669=ORIENTED_EDGE('',*,*,#2759,.F.);
#3670=ORIENTED_EDGE('',*,*,#2760,.T.);
#3671=ORIENTED_EDGE('',*,*,#2761,.T.);
#3672=ORIENTED_EDGE('',*,*,#2757,.F.);
#3673=ORIENTED_EDGE('',*,*,#2762,.F.);
#3674=ORIENTED_EDGE('',*,*,#2763,.T.);
#3675=ORIENTED_EDGE('',*,*,#2764,.T.);
#3676=ORIENTED_EDGE('',*,*,#2760,.F.);
#3677=ORIENTED_EDGE('',*,*,#2765,.F.);
#3678=ORIENTED_EDGE('',*,*,#2766,.T.);
#3679=ORIENTED_EDGE('',*,*,#2767,.T.);
#3680=ORIENTED_EDGE('',*,*,#2763,.F.);
#3681=ORIENTED_EDGE('',*,*,#2768,.F.);
#3682=ORIENTED_EDGE('',*,*,#2769,.T.);
#3683=ORIENTED_EDGE('',*,*,#2770,.T.);
#3684=ORIENTED_EDGE('',*,*,#2766,.F.);
#3685=ORIENTED_EDGE('',*,*,#2771,.F.);
#3686=ORIENTED_EDGE('',*,*,#2772,.T.);
#3687=ORIENTED_EDGE('',*,*,#2773,.T.);
#3688=ORIENTED_EDGE('',*,*,#2769,.F.);
#3689=ORIENTED_EDGE('',*,*,#2774,.F.);
#3690=ORIENTED_EDGE('',*,*,#2775,.T.);
#3691=ORIENTED_EDGE('',*,*,#2776,.T.);
#3692=ORIENTED_EDGE('',*,*,#2772,.F.);
#3693=ORIENTED_EDGE('',*,*,#2777,.F.);
#3694=ORIENTED_EDGE('',*,*,#2778,.T.);
#3695=ORIENTED_EDGE('',*,*,#2779,.T.);
#3696=ORIENTED_EDGE('',*,*,#2775,.F.);
#3697=ORIENTED_EDGE('',*,*,#2780,.F.);
#3698=ORIENTED_EDGE('',*,*,#2781,.T.);
#3699=ORIENTED_EDGE('',*,*,#2782,.T.);
#3700=ORIENTED_EDGE('',*,*,#2778,.F.);
#3701=ORIENTED_EDGE('',*,*,#2783,.F.);
#3702=ORIENTED_EDGE('',*,*,#2784,.T.);
#3703=ORIENTED_EDGE('',*,*,#2785,.T.);
#3704=ORIENTED_EDGE('',*,*,#2781,.F.);
#3705=ORIENTED_EDGE('',*,*,#2786,.F.);
#3706=ORIENTED_EDGE('',*,*,#2787,.T.);
#3707=ORIENTED_EDGE('',*,*,#2788,.T.);
#3708=ORIENTED_EDGE('',*,*,#2784,.F.);
#3709=ORIENTED_EDGE('',*,*,#2789,.F.);
#3710=ORIENTED_EDGE('',*,*,#2790,.T.);
#3711=ORIENTED_EDGE('',*,*,#2791,.T.);
#3712=ORIENTED_EDGE('',*,*,#2787,.F.);
#3713=ORIENTED_EDGE('',*,*,#2792,.F.);
#3714=ORIENTED_EDGE('',*,*,#2793,.T.);
#3715=ORIENTED_EDGE('',*,*,#2794,.T.);
#3716=ORIENTED_EDGE('',*,*,#2790,.F.);
#3717=ORIENTED_EDGE('',*,*,#2795,.F.);
#3718=ORIENTED_EDGE('',*,*,#2796,.T.);
#3719=ORIENTED_EDGE('',*,*,#2797,.T.);
#3720=ORIENTED_EDGE('',*,*,#2793,.F.);
#3721=ORIENTED_EDGE('',*,*,#2798,.F.);
#3722=ORIENTED_EDGE('',*,*,#2799,.T.);
#3723=ORIENTED_EDGE('',*,*,#2800,.T.);
#3724=ORIENTED_EDGE('',*,*,#2796,.F.);
#3725=ORIENTED_EDGE('',*,*,#2801,.F.);
#3726=ORIENTED_EDGE('',*,*,#2802,.T.);
#3727=ORIENTED_EDGE('',*,*,#2803,.T.);
#3728=ORIENTED_EDGE('',*,*,#2799,.F.);
#3729=ORIENTED_EDGE('',*,*,#2804,.F.);
#3730=ORIENTED_EDGE('',*,*,#2805,.T.);
#3731=ORIENTED_EDGE('',*,*,#2806,.T.);
#3732=ORIENTED_EDGE('',*,*,#2802,.F.);
#3733=ORIENTED_EDGE('',*,*,#2807,.F.);
#3734=ORIENTED_EDGE('',*,*,#2808,.T.);
#3735=ORIENTED_EDGE('',*,*,#2809,.T.);
#3736=ORIENTED_EDGE('',*,*,#2805,.F.);
#3737=ORIENTED_EDGE('',*,*,#2810,.F.);
#3738=ORIENTED_EDGE('',*,*,#2811,.T.);
#3739=ORIENTED_EDGE('',*,*,#2812,.T.);
#3740=ORIENTED_EDGE('',*,*,#2808,.F.);
#3741=ORIENTED_EDGE('',*,*,#2813,.F.);
#3742=ORIENTED_EDGE('',*,*,#2814,.T.);
#3743=ORIENTED_EDGE('',*,*,#2815,.T.);
#3744=ORIENTED_EDGE('',*,*,#2811,.F.);
#3745=ORIENTED_EDGE('',*,*,#2816,.F.);
#3746=ORIENTED_EDGE('',*,*,#2817,.T.);
#3747=ORIENTED_EDGE('',*,*,#2818,.T.);
#3748=ORIENTED_EDGE('',*,*,#2814,.F.);
#3749=ORIENTED_EDGE('',*,*,#2819,.F.);
#3750=ORIENTED_EDGE('',*,*,#2820,.T.);
#3751=ORIENTED_EDGE('',*,*,#2821,.T.);
#3752=ORIENTED_EDGE('',*,*,#2817,.F.);
#3753=ORIENTED_EDGE('',*,*,#2822,.F.);
#3754=ORIENTED_EDGE('',*,*,#2746,.T.);
#3755=ORIENTED_EDGE('',*,*,#2823,.T.);
#3756=ORIENTED_EDGE('',*,*,#2820,.F.);
#3757=ORIENTED_EDGE('',*,*,#2823,.F.);
#3758=ORIENTED_EDGE('',*,*,#2745,.F.);
#3759=ORIENTED_EDGE('',*,*,#2749,.F.);
#3760=ORIENTED_EDGE('',*,*,#2752,.F.);
#3761=ORIENTED_EDGE('',*,*,#2755,.F.);
#3762=ORIENTED_EDGE('',*,*,#2758,.F.);
#3763=ORIENTED_EDGE('',*,*,#2761,.F.);
#3764=ORIENTED_EDGE('',*,*,#2764,.F.);
#3765=ORIENTED_EDGE('',*,*,#2767,.F.);
#3766=ORIENTED_EDGE('',*,*,#2770,.F.);
#3767=ORIENTED_EDGE('',*,*,#2773,.F.);
#3768=ORIENTED_EDGE('',*,*,#2776,.F.);
#3769=ORIENTED_EDGE('',*,*,#2779,.F.);
#3770=ORIENTED_EDGE('',*,*,#2782,.F.);
#3771=ORIENTED_EDGE('',*,*,#2785,.F.);
#3772=ORIENTED_EDGE('',*,*,#2788,.F.);
#3773=ORIENTED_EDGE('',*,*,#2791,.F.);
#3774=ORIENTED_EDGE('',*,*,#2794,.F.);
#3775=ORIENTED_EDGE('',*,*,#2797,.F.);
#3776=ORIENTED_EDGE('',*,*,#2800,.F.);
#3777=ORIENTED_EDGE('',*,*,#2803,.F.);
#3778=ORIENTED_EDGE('',*,*,#2806,.F.);
#3779=ORIENTED_EDGE('',*,*,#2809,.F.);
#3780=ORIENTED_EDGE('',*,*,#2812,.F.);
#3781=ORIENTED_EDGE('',*,*,#2815,.F.);
#3782=ORIENTED_EDGE('',*,*,#2818,.F.);
#3783=ORIENTED_EDGE('',*,*,#2821,.F.);
#3784=ORIENTED_EDGE('',*,*,#2742,.F.);
#3785=ORIENTED_EDGE('',*,*,#2715,.F.);
#3786=ORIENTED_EDGE('',*,*,#2719,.F.);
#3787=ORIENTED_EDGE('',*,*,#2722,.F.);
#3788=ORIENTED_EDGE('',*,*,#2725,.F.);
#3789=ORIENTED_EDGE('',*,*,#2728,.F.);
#3790=ORIENTED_EDGE('',*,*,#2731,.F.);
#3791=ORIENTED_EDGE('',*,*,#2734,.F.);
#3792=ORIENTED_EDGE('',*,*,#2737,.F.);
#3793=ORIENTED_EDGE('',*,*,#2740,.F.);
#3794=ORIENTED_EDGE('',*,*,#2824,.F.);
#3795=ORIENTED_EDGE('',*,*,#2825,.T.);
#3796=ORIENTED_EDGE('',*,*,#2826,.T.);
#3797=ORIENTED_EDGE('',*,*,#2827,.F.);
#3798=ORIENTED_EDGE('',*,*,#2828,.F.);
#3799=ORIENTED_EDGE('',*,*,#2829,.T.);
#3800=ORIENTED_EDGE('',*,*,#2830,.T.);
#3801=ORIENTED_EDGE('',*,*,#2825,.F.);
#3802=ORIENTED_EDGE('',*,*,#2831,.F.);
#3803=ORIENTED_EDGE('',*,*,#2832,.T.);
#3804=ORIENTED_EDGE('',*,*,#2833,.T.);
#3805=ORIENTED_EDGE('',*,*,#2829,.F.);
#3806=ORIENTED_EDGE('',*,*,#2834,.F.);
#3807=ORIENTED_EDGE('',*,*,#2827,.T.);
#3808=ORIENTED_EDGE('',*,*,#2835,.T.);
#3809=ORIENTED_EDGE('',*,*,#2832,.F.);
#3810=ORIENTED_EDGE('',*,*,#2835,.F.);
#3811=ORIENTED_EDGE('',*,*,#2826,.F.);
#3812=ORIENTED_EDGE('',*,*,#2830,.F.);
#3813=ORIENTED_EDGE('',*,*,#2833,.F.);
#3814=ORIENTED_EDGE('',*,*,#2836,.F.);
#3815=ORIENTED_EDGE('',*,*,#2837,.T.);
#3816=ORIENTED_EDGE('',*,*,#2838,.T.);
#3817=ORIENTED_EDGE('',*,*,#2839,.F.);
#3818=ORIENTED_EDGE('',*,*,#2840,.F.);
#3819=ORIENTED_EDGE('',*,*,#2841,.T.);
#3820=ORIENTED_EDGE('',*,*,#2842,.T.);
#3821=ORIENTED_EDGE('',*,*,#2837,.F.);
#3822=ORIENTED_EDGE('',*,*,#2843,.F.);
#3823=ORIENTED_EDGE('',*,*,#2844,.T.);
#3824=ORIENTED_EDGE('',*,*,#2845,.T.);
#3825=ORIENTED_EDGE('',*,*,#2841,.F.);
#3826=ORIENTED_EDGE('',*,*,#2846,.F.);
#3827=ORIENTED_EDGE('',*,*,#2847,.T.);
#3828=ORIENTED_EDGE('',*,*,#2848,.T.);
#3829=ORIENTED_EDGE('',*,*,#2844,.F.);
#3830=ORIENTED_EDGE('',*,*,#2849,.F.);
#3831=ORIENTED_EDGE('',*,*,#2850,.T.);
#3832=ORIENTED_EDGE('',*,*,#2851,.T.);
#3833=ORIENTED_EDGE('',*,*,#2847,.F.);
#3834=ORIENTED_EDGE('',*,*,#2852,.F.);
#3835=ORIENTED_EDGE('',*,*,#2853,.T.);
#3836=ORIENTED_EDGE('',*,*,#2854,.T.);
#3837=ORIENTED_EDGE('',*,*,#2850,.F.);
#3838=ORIENTED_EDGE('',*,*,#2855,.F.);
#3839=ORIENTED_EDGE('',*,*,#2856,.T.);
#3840=ORIENTED_EDGE('',*,*,#2857,.T.);
#3841=ORIENTED_EDGE('',*,*,#2853,.F.);
#3842=ORIENTED_EDGE('',*,*,#2858,.F.);
#3843=ORIENTED_EDGE('',*,*,#2859,.T.);
#3844=ORIENTED_EDGE('',*,*,#2860,.T.);
#3845=ORIENTED_EDGE('',*,*,#2856,.F.);
#3846=ORIENTED_EDGE('',*,*,#2861,.F.);
#3847=ORIENTED_EDGE('',*,*,#2862,.T.);
#3848=ORIENTED_EDGE('',*,*,#2863,.T.);
#3849=ORIENTED_EDGE('',*,*,#2859,.F.);
#3850=ORIENTED_EDGE('',*,*,#2864,.F.);
#3851=ORIENTED_EDGE('',*,*,#2865,.T.);
#3852=ORIENTED_EDGE('',*,*,#2866,.T.);
#3853=ORIENTED_EDGE('',*,*,#2862,.F.);
#3854=ORIENTED_EDGE('',*,*,#2867,.F.);
#3855=ORIENTED_EDGE('',*,*,#2868,.T.);
#3856=ORIENTED_EDGE('',*,*,#2869,.T.);
#3857=ORIENTED_EDGE('',*,*,#2865,.F.);
#3858=ORIENTED_EDGE('',*,*,#2870,.F.);
#3859=ORIENTED_EDGE('',*,*,#2871,.T.);
#3860=ORIENTED_EDGE('',*,*,#2872,.T.);
#3861=ORIENTED_EDGE('',*,*,#2868,.F.);
#3862=ORIENTED_EDGE('',*,*,#2873,.F.);
#3863=ORIENTED_EDGE('',*,*,#2874,.T.);
#3864=ORIENTED_EDGE('',*,*,#2875,.T.);
#3865=ORIENTED_EDGE('',*,*,#2871,.F.);
#3866=ORIENTED_EDGE('',*,*,#2876,.F.);
#3867=ORIENTED_EDGE('',*,*,#2877,.T.);
#3868=ORIENTED_EDGE('',*,*,#2878,.T.);
#3869=ORIENTED_EDGE('',*,*,#2874,.F.);
#3870=ORIENTED_EDGE('',*,*,#2879,.F.);
#3871=ORIENTED_EDGE('',*,*,#2880,.T.);
#3872=ORIENTED_EDGE('',*,*,#2881,.T.);
#3873=ORIENTED_EDGE('',*,*,#2877,.F.);
#3874=ORIENTED_EDGE('',*,*,#2882,.F.);
#3875=ORIENTED_EDGE('',*,*,#2883,.T.);
#3876=ORIENTED_EDGE('',*,*,#2884,.T.);
#3877=ORIENTED_EDGE('',*,*,#2880,.F.);
#3878=ORIENTED_EDGE('',*,*,#2885,.F.);
#3879=ORIENTED_EDGE('',*,*,#2886,.T.);
#3880=ORIENTED_EDGE('',*,*,#2887,.T.);
#3881=ORIENTED_EDGE('',*,*,#2883,.F.);
#3882=ORIENTED_EDGE('',*,*,#2888,.F.);
#3883=ORIENTED_EDGE('',*,*,#2889,.T.);
#3884=ORIENTED_EDGE('',*,*,#2890,.T.);
#3885=ORIENTED_EDGE('',*,*,#2886,.F.);
#3886=ORIENTED_EDGE('',*,*,#2891,.F.);
#3887=ORIENTED_EDGE('',*,*,#2892,.T.);
#3888=ORIENTED_EDGE('',*,*,#2893,.T.);
#3889=ORIENTED_EDGE('',*,*,#2889,.F.);
#3890=ORIENTED_EDGE('',*,*,#2894,.F.);
#3891=ORIENTED_EDGE('',*,*,#2839,.T.);
#3892=ORIENTED_EDGE('',*,*,#2895,.T.);
#3893=ORIENTED_EDGE('',*,*,#2892,.F.);
#3894=ORIENTED_EDGE('',*,*,#2895,.F.);
#3895=ORIENTED_EDGE('',*,*,#2838,.F.);
#3896=ORIENTED_EDGE('',*,*,#2842,.F.);
#3897=ORIENTED_EDGE('',*,*,#2845,.F.);
#3898=ORIENTED_EDGE('',*,*,#2848,.F.);
#3899=ORIENTED_EDGE('',*,*,#2851,.F.);
#3900=ORIENTED_EDGE('',*,*,#2854,.F.);
#3901=ORIENTED_EDGE('',*,*,#2857,.F.);
#3902=ORIENTED_EDGE('',*,*,#2860,.F.);
#3903=ORIENTED_EDGE('',*,*,#2863,.F.);
#3904=ORIENTED_EDGE('',*,*,#2866,.F.);
#3905=ORIENTED_EDGE('',*,*,#2869,.F.);
#3906=ORIENTED_EDGE('',*,*,#2872,.F.);
#3907=ORIENTED_EDGE('',*,*,#2875,.F.);
#3908=ORIENTED_EDGE('',*,*,#2878,.F.);
#3909=ORIENTED_EDGE('',*,*,#2881,.F.);
#3910=ORIENTED_EDGE('',*,*,#2884,.F.);
#3911=ORIENTED_EDGE('',*,*,#2887,.F.);
#3912=ORIENTED_EDGE('',*,*,#2890,.F.);
#3913=ORIENTED_EDGE('',*,*,#2893,.F.);
#3914=ORIENTED_EDGE('',*,*,#2896,.F.);
#3915=ORIENTED_EDGE('',*,*,#2897,.T.);
#3916=ORIENTED_EDGE('',*,*,#2898,.T.);
#3917=ORIENTED_EDGE('',*,*,#2899,.F.);
#3918=ORIENTED_EDGE('',*,*,#2900,.F.);
#3919=ORIENTED_EDGE('',*,*,#2901,.T.);
#3920=ORIENTED_EDGE('',*,*,#2902,.T.);
#3921=ORIENTED_EDGE('',*,*,#2897,.F.);
#3922=ORIENTED_EDGE('',*,*,#2903,.F.);
#3923=ORIENTED_EDGE('',*,*,#2904,.T.);
#3924=ORIENTED_EDGE('',*,*,#2905,.T.);
#3925=ORIENTED_EDGE('',*,*,#2901,.F.);
#3926=ORIENTED_EDGE('',*,*,#2906,.F.);
#3927=ORIENTED_EDGE('',*,*,#2907,.T.);
#3928=ORIENTED_EDGE('',*,*,#2908,.T.);
#3929=ORIENTED_EDGE('',*,*,#2904,.F.);
#3930=ORIENTED_EDGE('',*,*,#2909,.F.);
#3931=ORIENTED_EDGE('',*,*,#2899,.T.);
#3932=ORIENTED_EDGE('',*,*,#2910,.T.);
#3933=ORIENTED_EDGE('',*,*,#2907,.F.);
#3934=ORIENTED_EDGE('',*,*,#2911,.F.);
#3935=ORIENTED_EDGE('',*,*,#2912,.T.);
#3936=ORIENTED_EDGE('',*,*,#2913,.T.);
#3937=ORIENTED_EDGE('',*,*,#2914,.F.);
#3938=ORIENTED_EDGE('',*,*,#2915,.F.);
#3939=ORIENTED_EDGE('',*,*,#2916,.T.);
#3940=ORIENTED_EDGE('',*,*,#2917,.T.);
#3941=ORIENTED_EDGE('',*,*,#2912,.F.);
#3942=ORIENTED_EDGE('',*,*,#2918,.F.);
#3943=ORIENTED_EDGE('',*,*,#2919,.T.);
#3944=ORIENTED_EDGE('',*,*,#2920,.T.);
#3945=ORIENTED_EDGE('',*,*,#2916,.F.);
#3946=ORIENTED_EDGE('',*,*,#2921,.F.);
#3947=ORIENTED_EDGE('',*,*,#2922,.T.);
#3948=ORIENTED_EDGE('',*,*,#2923,.T.);
#3949=ORIENTED_EDGE('',*,*,#2919,.F.);
#3950=ORIENTED_EDGE('',*,*,#2924,.F.);
#3951=ORIENTED_EDGE('',*,*,#2925,.T.);
#3952=ORIENTED_EDGE('',*,*,#2926,.T.);
#3953=ORIENTED_EDGE('',*,*,#2922,.F.);
#3954=ORIENTED_EDGE('',*,*,#2927,.F.);
#3955=ORIENTED_EDGE('',*,*,#2928,.T.);
#3956=ORIENTED_EDGE('',*,*,#2929,.T.);
#3957=ORIENTED_EDGE('',*,*,#2925,.F.);
#3958=ORIENTED_EDGE('',*,*,#2930,.F.);
#3959=ORIENTED_EDGE('',*,*,#2931,.T.);
#3960=ORIENTED_EDGE('',*,*,#2932,.T.);
#3961=ORIENTED_EDGE('',*,*,#2928,.F.);
#3962=ORIENTED_EDGE('',*,*,#2933,.F.);
#3963=ORIENTED_EDGE('',*,*,#2934,.T.);
#3964=ORIENTED_EDGE('',*,*,#2935,.T.);
#3965=ORIENTED_EDGE('',*,*,#2931,.F.);
#3966=ORIENTED_EDGE('',*,*,#2936,.F.);
#3967=ORIENTED_EDGE('',*,*,#2937,.T.);
#3968=ORIENTED_EDGE('',*,*,#2938,.T.);
#3969=ORIENTED_EDGE('',*,*,#2934,.F.);
#3970=ORIENTED_EDGE('',*,*,#2939,.F.);
#3971=ORIENTED_EDGE('',*,*,#2940,.T.);
#3972=ORIENTED_EDGE('',*,*,#2941,.T.);
#3973=ORIENTED_EDGE('',*,*,#2937,.F.);
#3974=ORIENTED_EDGE('',*,*,#2942,.F.);
#3975=ORIENTED_EDGE('',*,*,#2943,.T.);
#3976=ORIENTED_EDGE('',*,*,#2944,.T.);
#3977=ORIENTED_EDGE('',*,*,#2940,.F.);
#3978=ORIENTED_EDGE('',*,*,#2945,.F.);
#3979=ORIENTED_EDGE('',*,*,#2946,.T.);
#3980=ORIENTED_EDGE('',*,*,#2947,.T.);
#3981=ORIENTED_EDGE('',*,*,#2943,.F.);
#3982=ORIENTED_EDGE('',*,*,#2948,.F.);
#3983=ORIENTED_EDGE('',*,*,#2949,.T.);
#3984=ORIENTED_EDGE('',*,*,#2950,.T.);
#3985=ORIENTED_EDGE('',*,*,#2946,.F.);
#3986=ORIENTED_EDGE('',*,*,#2951,.F.);
#3987=ORIENTED_EDGE('',*,*,#2952,.T.);
#3988=ORIENTED_EDGE('',*,*,#2953,.T.);
#3989=ORIENTED_EDGE('',*,*,#2949,.F.);
#3990=ORIENTED_EDGE('',*,*,#2954,.F.);
#3991=ORIENTED_EDGE('',*,*,#2914,.T.);
#3992=ORIENTED_EDGE('',*,*,#2955,.T.);
#3993=ORIENTED_EDGE('',*,*,#2952,.F.);
#3994=ORIENTED_EDGE('',*,*,#2955,.F.);
#3995=ORIENTED_EDGE('',*,*,#2913,.F.);
#3996=ORIENTED_EDGE('',*,*,#2917,.F.);
#3997=ORIENTED_EDGE('',*,*,#2920,.F.);
#3998=ORIENTED_EDGE('',*,*,#2923,.F.);
#3999=ORIENTED_EDGE('',*,*,#2926,.F.);
#4000=ORIENTED_EDGE('',*,*,#2929,.F.);
#4001=ORIENTED_EDGE('',*,*,#2932,.F.);
#4002=ORIENTED_EDGE('',*,*,#2935,.F.);
#4003=ORIENTED_EDGE('',*,*,#2938,.F.);
#4004=ORIENTED_EDGE('',*,*,#2941,.F.);
#4005=ORIENTED_EDGE('',*,*,#2944,.F.);
#4006=ORIENTED_EDGE('',*,*,#2947,.F.);
#4007=ORIENTED_EDGE('',*,*,#2950,.F.);
#4008=ORIENTED_EDGE('',*,*,#2953,.F.);
#4009=ORIENTED_EDGE('',*,*,#2910,.F.);
#4010=ORIENTED_EDGE('',*,*,#2898,.F.);
#4011=ORIENTED_EDGE('',*,*,#2902,.F.);
#4012=ORIENTED_EDGE('',*,*,#2905,.F.);
#4013=ORIENTED_EDGE('',*,*,#2908,.F.);
#4014=ORIENTED_EDGE('',*,*,#2956,.F.);
#4015=ORIENTED_EDGE('',*,*,#2957,.T.);
#4016=ORIENTED_EDGE('',*,*,#2958,.F.);
#4017=ORIENTED_EDGE('',*,*,#2959,.T.);
#4018=ORIENTED_EDGE('',*,*,#2960,.F.);
#4019=ORIENTED_EDGE('',*,*,#2961,.T.);
#4020=ORIENTED_EDGE('',*,*,#2962,.F.);
#4021=ORIENTED_EDGE('',*,*,#2963,.T.);
#4022=ORIENTED_EDGE('',*,*,#2566,.T.);
#4023=ORIENTED_EDGE('',*,*,#2576,.T.);
#4024=ORIENTED_EDGE('',*,*,#2573,.T.);
#4025=ORIENTED_EDGE('',*,*,#2570,.T.);
#4026=ORIENTED_EDGE('',*,*,#2602,.T.);
#4027=ORIENTED_EDGE('',*,*,#2642,.T.);
#4028=ORIENTED_EDGE('',*,*,#2639,.T.);
#4029=ORIENTED_EDGE('',*,*,#2636,.T.);
#4030=ORIENTED_EDGE('',*,*,#2633,.T.);
#4031=ORIENTED_EDGE('',*,*,#2630,.T.);
#4032=ORIENTED_EDGE('',*,*,#2627,.T.);
#4033=ORIENTED_EDGE('',*,*,#2624,.T.);
#4034=ORIENTED_EDGE('',*,*,#2621,.T.);
#4035=ORIENTED_EDGE('',*,*,#2618,.T.);
#4036=ORIENTED_EDGE('',*,*,#2615,.T.);
#4037=ORIENTED_EDGE('',*,*,#2612,.T.);
#4038=ORIENTED_EDGE('',*,*,#2609,.T.);
#4039=ORIENTED_EDGE('',*,*,#2606,.T.);
#4040=ORIENTED_EDGE('',*,*,#2668,.T.);
#4041=ORIENTED_EDGE('',*,*,#2711,.T.);
#4042=ORIENTED_EDGE('',*,*,#2708,.T.);
#4043=ORIENTED_EDGE('',*,*,#2705,.T.);
#4044=ORIENTED_EDGE('',*,*,#2702,.T.);
#4045=ORIENTED_EDGE('',*,*,#2699,.T.);
#4046=ORIENTED_EDGE('',*,*,#2696,.T.);
#4047=ORIENTED_EDGE('',*,*,#2693,.T.);
#4048=ORIENTED_EDGE('',*,*,#2690,.T.);
#4049=ORIENTED_EDGE('',*,*,#2687,.T.);
#4050=ORIENTED_EDGE('',*,*,#2684,.T.);
#4051=ORIENTED_EDGE('',*,*,#2681,.T.);
#4052=ORIENTED_EDGE('',*,*,#2678,.T.);
#4053=ORIENTED_EDGE('',*,*,#2675,.T.);
#4054=ORIENTED_EDGE('',*,*,#2672,.T.);
#4055=ORIENTED_EDGE('',*,*,#2743,.T.);
#4056=ORIENTED_EDGE('',*,*,#2822,.T.);
#4057=ORIENTED_EDGE('',*,*,#2819,.T.);
#4058=ORIENTED_EDGE('',*,*,#2816,.T.);
#4059=ORIENTED_EDGE('',*,*,#2813,.T.);
#4060=ORIENTED_EDGE('',*,*,#2810,.T.);
#4061=ORIENTED_EDGE('',*,*,#2807,.T.);
#4062=ORIENTED_EDGE('',*,*,#2804,.T.);
#4063=ORIENTED_EDGE('',*,*,#2801,.T.);
#4064=ORIENTED_EDGE('',*,*,#2798,.T.);
#4065=ORIENTED_EDGE('',*,*,#2795,.T.);
#4066=ORIENTED_EDGE('',*,*,#2792,.T.);
#4067=ORIENTED_EDGE('',*,*,#2789,.T.);
#4068=ORIENTED_EDGE('',*,*,#2786,.T.);
#4069=ORIENTED_EDGE('',*,*,#2783,.T.);
#4070=ORIENTED_EDGE('',*,*,#2780,.T.);
#4071=ORIENTED_EDGE('',*,*,#2777,.T.);
#4072=ORIENTED_EDGE('',*,*,#2774,.T.);
#4073=ORIENTED_EDGE('',*,*,#2771,.T.);
#4074=ORIENTED_EDGE('',*,*,#2768,.T.);
#4075=ORIENTED_EDGE('',*,*,#2765,.T.);
#4076=ORIENTED_EDGE('',*,*,#2762,.T.);
#4077=ORIENTED_EDGE('',*,*,#2759,.T.);
#4078=ORIENTED_EDGE('',*,*,#2756,.T.);
#4079=ORIENTED_EDGE('',*,*,#2753,.T.);
#4080=ORIENTED_EDGE('',*,*,#2750,.T.);
#4081=ORIENTED_EDGE('',*,*,#2747,.T.);
#4082=ORIENTED_EDGE('',*,*,#2824,.T.);
#4083=ORIENTED_EDGE('',*,*,#2834,.T.);
#4084=ORIENTED_EDGE('',*,*,#2831,.T.);
#4085=ORIENTED_EDGE('',*,*,#2828,.T.);
#4086=ORIENTED_EDGE('',*,*,#2836,.T.);
#4087=ORIENTED_EDGE('',*,*,#2894,.T.);
#4088=ORIENTED_EDGE('',*,*,#2891,.T.);
#4089=ORIENTED_EDGE('',*,*,#2888,.T.);
#4090=ORIENTED_EDGE('',*,*,#2885,.T.);
#4091=ORIENTED_EDGE('',*,*,#2882,.T.);
#4092=ORIENTED_EDGE('',*,*,#2879,.T.);
#4093=ORIENTED_EDGE('',*,*,#2876,.T.);
#4094=ORIENTED_EDGE('',*,*,#2873,.T.);
#4095=ORIENTED_EDGE('',*,*,#2870,.T.);
#4096=ORIENTED_EDGE('',*,*,#2867,.T.);
#4097=ORIENTED_EDGE('',*,*,#2864,.T.);
#4098=ORIENTED_EDGE('',*,*,#2861,.T.);
#4099=ORIENTED_EDGE('',*,*,#2858,.T.);
#4100=ORIENTED_EDGE('',*,*,#2855,.T.);
#4101=ORIENTED_EDGE('',*,*,#2852,.T.);
#4102=ORIENTED_EDGE('',*,*,#2849,.T.);
#4103=ORIENTED_EDGE('',*,*,#2846,.T.);
#4104=ORIENTED_EDGE('',*,*,#2843,.T.);
#4105=ORIENTED_EDGE('',*,*,#2840,.T.);
#4106=ORIENTED_EDGE('',*,*,#2911,.T.);
#4107=ORIENTED_EDGE('',*,*,#2954,.T.);
#4108=ORIENTED_EDGE('',*,*,#2951,.T.);
#4109=ORIENTED_EDGE('',*,*,#2948,.T.);
#4110=ORIENTED_EDGE('',*,*,#2945,.T.);
#4111=ORIENTED_EDGE('',*,*,#2942,.T.);
#4112=ORIENTED_EDGE('',*,*,#2939,.T.);
#4113=ORIENTED_EDGE('',*,*,#2936,.T.);
#4114=ORIENTED_EDGE('',*,*,#2933,.T.);
#4115=ORIENTED_EDGE('',*,*,#2930,.T.);
#4116=ORIENTED_EDGE('',*,*,#2927,.T.);
#4117=ORIENTED_EDGE('',*,*,#2924,.T.);
#4118=ORIENTED_EDGE('',*,*,#2921,.T.);
#4119=ORIENTED_EDGE('',*,*,#2918,.T.);
#4120=ORIENTED_EDGE('',*,*,#2915,.T.);
#4121=ORIENTED_EDGE('',*,*,#2964,.T.);
#4122=ORIENTED_EDGE('',*,*,#2965,.T.);
#4123=ORIENTED_EDGE('',*,*,#2966,.T.);
#4124=ORIENTED_EDGE('',*,*,#2967,.T.);
#4125=ORIENTED_EDGE('',*,*,#2968,.T.);
#4126=ORIENTED_EDGE('',*,*,#2969,.T.);
#4127=ORIENTED_EDGE('',*,*,#2970,.T.);
#4128=ORIENTED_EDGE('',*,*,#2971,.T.);
#4129=ORIENTED_EDGE('',*,*,#2972,.T.);
#4130=ORIENTED_EDGE('',*,*,#2973,.T.);
#4131=ORIENTED_EDGE('',*,*,#2974,.T.);
#4132=ORIENTED_EDGE('',*,*,#2975,.T.);
#4133=ORIENTED_EDGE('',*,*,#2976,.T.);
#4134=ORIENTED_EDGE('',*,*,#2977,.T.);
#4135=ORIENTED_EDGE('',*,*,#2978,.T.);
#4136=ORIENTED_EDGE('',*,*,#2979,.T.);
#4137=ORIENTED_EDGE('',*,*,#2980,.T.);
#4138=ORIENTED_EDGE('',*,*,#2981,.T.);
#4139=ORIENTED_EDGE('',*,*,#2982,.T.);
#4140=ORIENTED_EDGE('',*,*,#2983,.T.);
#4141=ORIENTED_EDGE('',*,*,#2984,.T.);
#4142=ORIENTED_EDGE('',*,*,#2985,.T.);
#4143=ORIENTED_EDGE('',*,*,#2986,.T.);
#4144=ORIENTED_EDGE('',*,*,#2987,.T.);
#4145=ORIENTED_EDGE('',*,*,#2988,.T.);
#4146=ORIENTED_EDGE('',*,*,#2989,.T.);
#4147=ORIENTED_EDGE('',*,*,#2990,.T.);
#4148=ORIENTED_EDGE('',*,*,#2991,.T.);
#4149=ORIENTED_EDGE('',*,*,#2992,.T.);
#4150=ORIENTED_EDGE('',*,*,#2993,.T.);
#4151=ORIENTED_EDGE('',*,*,#2994,.T.);
#4152=ORIENTED_EDGE('',*,*,#2995,.T.);
#4153=ORIENTED_EDGE('',*,*,#2996,.T.);
#4154=ORIENTED_EDGE('',*,*,#2997,.T.);
#4155=ORIENTED_EDGE('',*,*,#2998,.T.);
#4156=ORIENTED_EDGE('',*,*,#2999,.T.);
#4157=ORIENTED_EDGE('',*,*,#3000,.T.);
#4158=ORIENTED_EDGE('',*,*,#3001,.T.);
#4159=ORIENTED_EDGE('',*,*,#3002,.T.);
#4160=ORIENTED_EDGE('',*,*,#3003,.T.);
#4161=ORIENTED_EDGE('',*,*,#3004,.T.);
#4162=ORIENTED_EDGE('',*,*,#3005,.T.);
#4163=ORIENTED_EDGE('',*,*,#3006,.T.);
#4164=ORIENTED_EDGE('',*,*,#3007,.T.);
#4165=ORIENTED_EDGE('',*,*,#3008,.T.);
#4166=ORIENTED_EDGE('',*,*,#3009,.T.);
#4167=ORIENTED_EDGE('',*,*,#3010,.T.);
#4168=ORIENTED_EDGE('',*,*,#3011,.T.);
#4169=ORIENTED_EDGE('',*,*,#3012,.T.);
#4170=ORIENTED_EDGE('',*,*,#3013,.T.);
#4171=ORIENTED_EDGE('',*,*,#3014,.T.);
#4172=ORIENTED_EDGE('',*,*,#3015,.T.);
#4173=ORIENTED_EDGE('',*,*,#3016,.T.);
#4174=ORIENTED_EDGE('',*,*,#3017,.T.);
#4175=ORIENTED_EDGE('',*,*,#3018,.T.);
#4176=ORIENTED_EDGE('',*,*,#3019,.T.);
#4177=ORIENTED_EDGE('',*,*,#3020,.T.);
#4178=ORIENTED_EDGE('',*,*,#3021,.T.);
#4179=ORIENTED_EDGE('',*,*,#3022,.T.);
#4180=ORIENTED_EDGE('',*,*,#3023,.T.);
#4181=ORIENTED_EDGE('',*,*,#3024,.T.);
#4182=ORIENTED_EDGE('',*,*,#3025,.T.);
#4183=ORIENTED_EDGE('',*,*,#3026,.T.);
#4184=ORIENTED_EDGE('',*,*,#3027,.T.);
#4185=ORIENTED_EDGE('',*,*,#3028,.T.);
#4186=ORIENTED_EDGE('',*,*,#3029,.T.);
#4187=ORIENTED_EDGE('',*,*,#3030,.T.);
#4188=ORIENTED_EDGE('',*,*,#3031,.T.);
#4189=ORIENTED_EDGE('',*,*,#3032,.T.);
#4190=ORIENTED_EDGE('',*,*,#3033,.T.);
#4191=ORIENTED_EDGE('',*,*,#3034,.T.);
#4192=ORIENTED_EDGE('',*,*,#3035,.T.);
#4193=ORIENTED_EDGE('',*,*,#3036,.F.);
#4194=ORIENTED_EDGE('',*,*,#3037,.F.);
#4195=ORIENTED_EDGE('',*,*,#3038,.F.);
#4196=ORIENTED_EDGE('',*,*,#3039,.F.);
#4197=ORIENTED_EDGE('',*,*,#3040,.F.);
#4198=ORIENTED_EDGE('',*,*,#3041,.F.);
#4199=ORIENTED_EDGE('',*,*,#3042,.F.);
#4200=ORIENTED_EDGE('',*,*,#3043,.F.);
#4201=ORIENTED_EDGE('',*,*,#2896,.T.);
#4202=ORIENTED_EDGE('',*,*,#2909,.T.);
#4203=ORIENTED_EDGE('',*,*,#2906,.T.);
#4204=ORIENTED_EDGE('',*,*,#2903,.T.);
#4205=ORIENTED_EDGE('',*,*,#2900,.T.);
#4206=ORIENTED_EDGE('',*,*,#2713,.T.);
#4207=ORIENTED_EDGE('',*,*,#2741,.T.);
#4208=ORIENTED_EDGE('',*,*,#2738,.T.);
#4209=ORIENTED_EDGE('',*,*,#2735,.T.);
#4210=ORIENTED_EDGE('',*,*,#2732,.T.);
#4211=ORIENTED_EDGE('',*,*,#2729,.T.);
#4212=ORIENTED_EDGE('',*,*,#2726,.T.);
#4213=ORIENTED_EDGE('',*,*,#2723,.T.);
#4214=ORIENTED_EDGE('',*,*,#2720,.T.);
#4215=ORIENTED_EDGE('',*,*,#2717,.T.);
#4216=ORIENTED_EDGE('',*,*,#2644,.T.);
#4217=ORIENTED_EDGE('',*,*,#2666,.T.);
#4218=ORIENTED_EDGE('',*,*,#2663,.T.);
#4219=ORIENTED_EDGE('',*,*,#2660,.T.);
#4220=ORIENTED_EDGE('',*,*,#2657,.T.);
#4221=ORIENTED_EDGE('',*,*,#2654,.T.);
#4222=ORIENTED_EDGE('',*,*,#2651,.T.);
#4223=ORIENTED_EDGE('',*,*,#2648,.T.);
#4224=ORIENTED_EDGE('',*,*,#3044,.T.);
#4225=ORIENTED_EDGE('',*,*,#3045,.T.);
#4226=ORIENTED_EDGE('',*,*,#2956,.T.);
#4227=ORIENTED_EDGE('',*,*,#3046,.T.);
#4228=ORIENTED_EDGE('',*,*,#3046,.F.);
#4229=ORIENTED_EDGE('',*,*,#2963,.F.);
#4230=ORIENTED_EDGE('',*,*,#3047,.F.);
#4231=ORIENTED_EDGE('',*,*,#3048,.F.);
#4232=ORIENTED_EDGE('',*,*,#2578,.T.);
#4233=ORIENTED_EDGE('',*,*,#2600,.T.);
#4234=ORIENTED_EDGE('',*,*,#2597,.T.);
#4235=ORIENTED_EDGE('',*,*,#2594,.T.);
#4236=ORIENTED_EDGE('',*,*,#2591,.T.);
#4237=ORIENTED_EDGE('',*,*,#2588,.T.);
#4238=ORIENTED_EDGE('',*,*,#2585,.T.);
#4239=ORIENTED_EDGE('',*,*,#2582,.T.);
#4240=ORIENTED_EDGE('',*,*,#3049,.T.);
#4241=ORIENTED_EDGE('',*,*,#3047,.T.);
#4242=ORIENTED_EDGE('',*,*,#2962,.T.);
#4243=ORIENTED_EDGE('',*,*,#3050,.T.);
#4244=ORIENTED_EDGE('',*,*,#3050,.F.);
#4245=ORIENTED_EDGE('',*,*,#2961,.F.);
#4246=ORIENTED_EDGE('',*,*,#3051,.F.);
#4247=ORIENTED_EDGE('',*,*,#3052,.F.);
#4248=ORIENTED_EDGE('',*,*,#3053,.T.);
#4249=ORIENTED_EDGE('',*,*,#3051,.T.);
#4250=ORIENTED_EDGE('',*,*,#2960,.T.);
#4251=ORIENTED_EDGE('',*,*,#3054,.T.);
#4252=ORIENTED_EDGE('',*,*,#3054,.F.);
#4253=ORIENTED_EDGE('',*,*,#2959,.F.);
#4254=ORIENTED_EDGE('',*,*,#3055,.F.);
#4255=ORIENTED_EDGE('',*,*,#3056,.F.);
#4256=ORIENTED_EDGE('',*,*,#3057,.T.);
#4257=ORIENTED_EDGE('',*,*,#3055,.T.);
#4258=ORIENTED_EDGE('',*,*,#2958,.T.);
#4259=ORIENTED_EDGE('',*,*,#3058,.T.);
#4260=ORIENTED_EDGE('',*,*,#3059,.F.);
#4261=ORIENTED_EDGE('',*,*,#3060,.F.);
#4262=ORIENTED_EDGE('',*,*,#2968,.F.);
#4263=ORIENTED_EDGE('',*,*,#3061,.T.);
#4264=ORIENTED_EDGE('',*,*,#3062,.F.);
#4265=ORIENTED_EDGE('',*,*,#3061,.F.);
#4266=ORIENTED_EDGE('',*,*,#2967,.F.);
#4267=ORIENTED_EDGE('',*,*,#3063,.T.);
#4268=ORIENTED_EDGE('',*,*,#3064,.F.);
#4269=ORIENTED_EDGE('',*,*,#3063,.F.);
#4270=ORIENTED_EDGE('',*,*,#2966,.F.);
#4271=ORIENTED_EDGE('',*,*,#3065,.T.);
#4272=ORIENTED_EDGE('',*,*,#3066,.F.);
#4273=ORIENTED_EDGE('',*,*,#3065,.F.);
#4274=ORIENTED_EDGE('',*,*,#2965,.F.);
#4275=ORIENTED_EDGE('',*,*,#3067,.T.);
#4276=ORIENTED_EDGE('',*,*,#3068,.F.);
#4277=ORIENTED_EDGE('',*,*,#3067,.F.);
#4278=ORIENTED_EDGE('',*,*,#2964,.F.);
#4279=ORIENTED_EDGE('',*,*,#3069,.T.);
#4280=ORIENTED_EDGE('',*,*,#3070,.F.);
#4281=ORIENTED_EDGE('',*,*,#3069,.F.);
#4282=ORIENTED_EDGE('',*,*,#2971,.F.);
#4283=ORIENTED_EDGE('',*,*,#3071,.T.);
#4284=ORIENTED_EDGE('',*,*,#3072,.F.);
#4285=ORIENTED_EDGE('',*,*,#3071,.F.);
#4286=ORIENTED_EDGE('',*,*,#2970,.F.);
#4287=ORIENTED_EDGE('',*,*,#3073,.T.);
#4288=ORIENTED_EDGE('',*,*,#3074,.F.);
#4289=ORIENTED_EDGE('',*,*,#3073,.F.);
#4290=ORIENTED_EDGE('',*,*,#2969,.F.);
#4291=ORIENTED_EDGE('',*,*,#3060,.T.);
#4292=ORIENTED_EDGE('',*,*,#3075,.F.);
#4293=ORIENTED_EDGE('',*,*,#3076,.F.);
#4294=ORIENTED_EDGE('',*,*,#2976,.F.);
#4295=ORIENTED_EDGE('',*,*,#3077,.T.);
#4296=ORIENTED_EDGE('',*,*,#3078,.F.);
#4297=ORIENTED_EDGE('',*,*,#3077,.F.);
#4298=ORIENTED_EDGE('',*,*,#2975,.F.);
#4299=ORIENTED_EDGE('',*,*,#3079,.T.);
#4300=ORIENTED_EDGE('',*,*,#3080,.F.);
#4301=ORIENTED_EDGE('',*,*,#3079,.F.);
#4302=ORIENTED_EDGE('',*,*,#2974,.F.);
#4303=ORIENTED_EDGE('',*,*,#3081,.T.);
#4304=ORIENTED_EDGE('',*,*,#3082,.F.);
#4305=ORIENTED_EDGE('',*,*,#3081,.F.);
#4306=ORIENTED_EDGE('',*,*,#2973,.F.);
#4307=ORIENTED_EDGE('',*,*,#3083,.T.);
#4308=ORIENTED_EDGE('',*,*,#3084,.F.);
#4309=ORIENTED_EDGE('',*,*,#3083,.F.);
#4310=ORIENTED_EDGE('',*,*,#2972,.F.);
#4311=ORIENTED_EDGE('',*,*,#3085,.T.);
#4312=ORIENTED_EDGE('',*,*,#3086,.F.);
#4313=ORIENTED_EDGE('',*,*,#3085,.F.);
#4314=ORIENTED_EDGE('',*,*,#2979,.F.);
#4315=ORIENTED_EDGE('',*,*,#3087,.T.);
#4316=ORIENTED_EDGE('',*,*,#3088,.F.);
#4317=ORIENTED_EDGE('',*,*,#3087,.F.);
#4318=ORIENTED_EDGE('',*,*,#2978,.F.);
#4319=ORIENTED_EDGE('',*,*,#3089,.T.);
#4320=ORIENTED_EDGE('',*,*,#3090,.F.);
#4321=ORIENTED_EDGE('',*,*,#3089,.F.);
#4322=ORIENTED_EDGE('',*,*,#2977,.F.);
#4323=ORIENTED_EDGE('',*,*,#3076,.T.);
#4324=ORIENTED_EDGE('',*,*,#3091,.F.);
#4325=ORIENTED_EDGE('',*,*,#3092,.F.);
#4326=ORIENTED_EDGE('',*,*,#2984,.F.);
#4327=ORIENTED_EDGE('',*,*,#3093,.T.);
#4328=ORIENTED_EDGE('',*,*,#3094,.F.);
#4329=ORIENTED_EDGE('',*,*,#3093,.F.);
#4330=ORIENTED_EDGE('',*,*,#2983,.F.);
#4331=ORIENTED_EDGE('',*,*,#3095,.T.);
#4332=ORIENTED_EDGE('',*,*,#3096,.F.);
#4333=ORIENTED_EDGE('',*,*,#3095,.F.);
#4334=ORIENTED_EDGE('',*,*,#2982,.F.);
#4335=ORIENTED_EDGE('',*,*,#3097,.T.);
#4336=ORIENTED_EDGE('',*,*,#3098,.F.);
#4337=ORIENTED_EDGE('',*,*,#3097,.F.);
#4338=ORIENTED_EDGE('',*,*,#2981,.F.);
#4339=ORIENTED_EDGE('',*,*,#3099,.T.);
#4340=ORIENTED_EDGE('',*,*,#3100,.F.);
#4341=ORIENTED_EDGE('',*,*,#3099,.F.);
#4342=ORIENTED_EDGE('',*,*,#2980,.F.);
#4343=ORIENTED_EDGE('',*,*,#3101,.T.);
#4344=ORIENTED_EDGE('',*,*,#3102,.F.);
#4345=ORIENTED_EDGE('',*,*,#3101,.F.);
#4346=ORIENTED_EDGE('',*,*,#2987,.F.);
#4347=ORIENTED_EDGE('',*,*,#3103,.T.);
#4348=ORIENTED_EDGE('',*,*,#3104,.F.);
#4349=ORIENTED_EDGE('',*,*,#3103,.F.);
#4350=ORIENTED_EDGE('',*,*,#2986,.F.);
#4351=ORIENTED_EDGE('',*,*,#3105,.T.);
#4352=ORIENTED_EDGE('',*,*,#3106,.F.);
#4353=ORIENTED_EDGE('',*,*,#3105,.F.);
#4354=ORIENTED_EDGE('',*,*,#2985,.F.);
#4355=ORIENTED_EDGE('',*,*,#3092,.T.);
#4356=ORIENTED_EDGE('',*,*,#3107,.F.);
#4357=ORIENTED_EDGE('',*,*,#3108,.F.);
#4358=ORIENTED_EDGE('',*,*,#2992,.F.);
#4359=ORIENTED_EDGE('',*,*,#3109,.T.);
#4360=ORIENTED_EDGE('',*,*,#3110,.F.);
#4361=ORIENTED_EDGE('',*,*,#3109,.F.);
#4362=ORIENTED_EDGE('',*,*,#2991,.F.);
#4363=ORIENTED_EDGE('',*,*,#3111,.T.);
#4364=ORIENTED_EDGE('',*,*,#3112,.F.);
#4365=ORIENTED_EDGE('',*,*,#3111,.F.);
#4366=ORIENTED_EDGE('',*,*,#2990,.F.);
#4367=ORIENTED_EDGE('',*,*,#3113,.T.);
#4368=ORIENTED_EDGE('',*,*,#3114,.F.);
#4369=ORIENTED_EDGE('',*,*,#3113,.F.);
#4370=ORIENTED_EDGE('',*,*,#2989,.F.);
#4371=ORIENTED_EDGE('',*,*,#3115,.T.);
#4372=ORIENTED_EDGE('',*,*,#3116,.F.);
#4373=ORIENTED_EDGE('',*,*,#3115,.F.);
#4374=ORIENTED_EDGE('',*,*,#2988,.F.);
#4375=ORIENTED_EDGE('',*,*,#3117,.T.);
#4376=ORIENTED_EDGE('',*,*,#3118,.F.);
#4377=ORIENTED_EDGE('',*,*,#3117,.F.);
#4378=ORIENTED_EDGE('',*,*,#2995,.F.);
#4379=ORIENTED_EDGE('',*,*,#3119,.T.);
#4380=ORIENTED_EDGE('',*,*,#3120,.F.);
#4381=ORIENTED_EDGE('',*,*,#3119,.F.);
#4382=ORIENTED_EDGE('',*,*,#2994,.F.);
#4383=ORIENTED_EDGE('',*,*,#3121,.T.);
#4384=ORIENTED_EDGE('',*,*,#3122,.F.);
#4385=ORIENTED_EDGE('',*,*,#3121,.F.);
#4386=ORIENTED_EDGE('',*,*,#2993,.F.);
#4387=ORIENTED_EDGE('',*,*,#3108,.T.);
#4388=ORIENTED_EDGE('',*,*,#3123,.F.);
#4389=ORIENTED_EDGE('',*,*,#3124,.F.);
#4390=ORIENTED_EDGE('',*,*,#3000,.F.);
#4391=ORIENTED_EDGE('',*,*,#3125,.T.);
#4392=ORIENTED_EDGE('',*,*,#3126,.F.);
#4393=ORIENTED_EDGE('',*,*,#3125,.F.);
#4394=ORIENTED_EDGE('',*,*,#2999,.F.);
#4395=ORIENTED_EDGE('',*,*,#3127,.T.);
#4396=ORIENTED_EDGE('',*,*,#3128,.F.);
#4397=ORIENTED_EDGE('',*,*,#3127,.F.);
#4398=ORIENTED_EDGE('',*,*,#2998,.F.);
#4399=ORIENTED_EDGE('',*,*,#3129,.T.);
#4400=ORIENTED_EDGE('',*,*,#3130,.F.);
#4401=ORIENTED_EDGE('',*,*,#3129,.F.);
#4402=ORIENTED_EDGE('',*,*,#2997,.F.);
#4403=ORIENTED_EDGE('',*,*,#3131,.T.);
#4404=ORIENTED_EDGE('',*,*,#3132,.F.);
#4405=ORIENTED_EDGE('',*,*,#3131,.F.);
#4406=ORIENTED_EDGE('',*,*,#2996,.F.);
#4407=ORIENTED_EDGE('',*,*,#3133,.T.);
#4408=ORIENTED_EDGE('',*,*,#3134,.F.);
#4409=ORIENTED_EDGE('',*,*,#3133,.F.);
#4410=ORIENTED_EDGE('',*,*,#3003,.F.);
#4411=ORIENTED_EDGE('',*,*,#3135,.T.);
#4412=ORIENTED_EDGE('',*,*,#3136,.F.);
#4413=ORIENTED_EDGE('',*,*,#3135,.F.);
#4414=ORIENTED_EDGE('',*,*,#3002,.F.);
#4415=ORIENTED_EDGE('',*,*,#3137,.T.);
#4416=ORIENTED_EDGE('',*,*,#3138,.F.);
#4417=ORIENTED_EDGE('',*,*,#3137,.F.);
#4418=ORIENTED_EDGE('',*,*,#3001,.F.);
#4419=ORIENTED_EDGE('',*,*,#3124,.T.);
#4420=ORIENTED_EDGE('',*,*,#3139,.F.);
#4421=ORIENTED_EDGE('',*,*,#3140,.F.);
#4422=ORIENTED_EDGE('',*,*,#3008,.F.);
#4423=ORIENTED_EDGE('',*,*,#3141,.T.);
#4424=ORIENTED_EDGE('',*,*,#3142,.F.);
#4425=ORIENTED_EDGE('',*,*,#3141,.F.);
#4426=ORIENTED_EDGE('',*,*,#3007,.F.);
#4427=ORIENTED_EDGE('',*,*,#3143,.T.);
#4428=ORIENTED_EDGE('',*,*,#3144,.F.);
#4429=ORIENTED_EDGE('',*,*,#3143,.F.);
#4430=ORIENTED_EDGE('',*,*,#3006,.F.);
#4431=ORIENTED_EDGE('',*,*,#3145,.T.);
#4432=ORIENTED_EDGE('',*,*,#3146,.F.);
#4433=ORIENTED_EDGE('',*,*,#3145,.F.);
#4434=ORIENTED_EDGE('',*,*,#3005,.F.);
#4435=ORIENTED_EDGE('',*,*,#3147,.T.);
#4436=ORIENTED_EDGE('',*,*,#3148,.F.);
#4437=ORIENTED_EDGE('',*,*,#3147,.F.);
#4438=ORIENTED_EDGE('',*,*,#3004,.F.);
#4439=ORIENTED_EDGE('',*,*,#3149,.T.);
#4440=ORIENTED_EDGE('',*,*,#3150,.F.);
#4441=ORIENTED_EDGE('',*,*,#3149,.F.);
#4442=ORIENTED_EDGE('',*,*,#3011,.F.);
#4443=ORIENTED_EDGE('',*,*,#3151,.T.);
#4444=ORIENTED_EDGE('',*,*,#3152,.F.);
#4445=ORIENTED_EDGE('',*,*,#3151,.F.);
#4446=ORIENTED_EDGE('',*,*,#3010,.F.);
#4447=ORIENTED_EDGE('',*,*,#3153,.T.);
#4448=ORIENTED_EDGE('',*,*,#3154,.F.);
#4449=ORIENTED_EDGE('',*,*,#3153,.F.);
#4450=ORIENTED_EDGE('',*,*,#3009,.F.);
#4451=ORIENTED_EDGE('',*,*,#3140,.T.);
#4452=ORIENTED_EDGE('',*,*,#3155,.F.);
#4453=ORIENTED_EDGE('',*,*,#3156,.F.);
#4454=ORIENTED_EDGE('',*,*,#3016,.F.);
#4455=ORIENTED_EDGE('',*,*,#3157,.T.);
#4456=ORIENTED_EDGE('',*,*,#3158,.F.);
#4457=ORIENTED_EDGE('',*,*,#3157,.F.);
#4458=ORIENTED_EDGE('',*,*,#3015,.F.);
#4459=ORIENTED_EDGE('',*,*,#3159,.T.);
#4460=ORIENTED_EDGE('',*,*,#3160,.F.);
#4461=ORIENTED_EDGE('',*,*,#3159,.F.);
#4462=ORIENTED_EDGE('',*,*,#3014,.F.);
#4463=ORIENTED_EDGE('',*,*,#3161,.T.);
#4464=ORIENTED_EDGE('',*,*,#3162,.F.);
#4465=ORIENTED_EDGE('',*,*,#3161,.F.);
#4466=ORIENTED_EDGE('',*,*,#3013,.F.);
#4467=ORIENTED_EDGE('',*,*,#3163,.T.);
#4468=ORIENTED_EDGE('',*,*,#3164,.F.);
#4469=ORIENTED_EDGE('',*,*,#3163,.F.);
#4470=ORIENTED_EDGE('',*,*,#3012,.F.);
#4471=ORIENTED_EDGE('',*,*,#3165,.T.);
#4472=ORIENTED_EDGE('',*,*,#3166,.F.);
#4473=ORIENTED_EDGE('',*,*,#3165,.F.);
#4474=ORIENTED_EDGE('',*,*,#3019,.F.);
#4475=ORIENTED_EDGE('',*,*,#3167,.T.);
#4476=ORIENTED_EDGE('',*,*,#3168,.F.);
#4477=ORIENTED_EDGE('',*,*,#3167,.F.);
#4478=ORIENTED_EDGE('',*,*,#3018,.F.);
#4479=ORIENTED_EDGE('',*,*,#3169,.T.);
#4480=ORIENTED_EDGE('',*,*,#3170,.F.);
#4481=ORIENTED_EDGE('',*,*,#3169,.F.);
#4482=ORIENTED_EDGE('',*,*,#3017,.F.);
#4483=ORIENTED_EDGE('',*,*,#3156,.T.);
#4484=ORIENTED_EDGE('',*,*,#3171,.F.);
#4485=ORIENTED_EDGE('',*,*,#3172,.F.);
#4486=ORIENTED_EDGE('',*,*,#3024,.F.);
#4487=ORIENTED_EDGE('',*,*,#3173,.T.);
#4488=ORIENTED_EDGE('',*,*,#3174,.F.);
#4489=ORIENTED_EDGE('',*,*,#3173,.F.);
#4490=ORIENTED_EDGE('',*,*,#3023,.F.);
#4491=ORIENTED_EDGE('',*,*,#3175,.T.);
#4492=ORIENTED_EDGE('',*,*,#3176,.F.);
#4493=ORIENTED_EDGE('',*,*,#3175,.F.);
#4494=ORIENTED_EDGE('',*,*,#3022,.F.);
#4495=ORIENTED_EDGE('',*,*,#3177,.T.);
#4496=ORIENTED_EDGE('',*,*,#3178,.F.);
#4497=ORIENTED_EDGE('',*,*,#3177,.F.);
#4498=ORIENTED_EDGE('',*,*,#3021,.F.);
#4499=ORIENTED_EDGE('',*,*,#3179,.T.);
#4500=ORIENTED_EDGE('',*,*,#3180,.F.);
#4501=ORIENTED_EDGE('',*,*,#3179,.F.);
#4502=ORIENTED_EDGE('',*,*,#3020,.F.);
#4503=ORIENTED_EDGE('',*,*,#3181,.T.);
#4504=ORIENTED_EDGE('',*,*,#3182,.F.);
#4505=ORIENTED_EDGE('',*,*,#3181,.F.);
#4506=ORIENTED_EDGE('',*,*,#3027,.F.);
#4507=ORIENTED_EDGE('',*,*,#3183,.T.);
#4508=ORIENTED_EDGE('',*,*,#3184,.F.);
#4509=ORIENTED_EDGE('',*,*,#3183,.F.);
#4510=ORIENTED_EDGE('',*,*,#3026,.F.);
#4511=ORIENTED_EDGE('',*,*,#3185,.T.);
#4512=ORIENTED_EDGE('',*,*,#3186,.F.);
#4513=ORIENTED_EDGE('',*,*,#3185,.F.);
#4514=ORIENTED_EDGE('',*,*,#3025,.F.);
#4515=ORIENTED_EDGE('',*,*,#3172,.T.);
#4516=ORIENTED_EDGE('',*,*,#3187,.F.);
#4517=ORIENTED_EDGE('',*,*,#3188,.F.);
#4518=ORIENTED_EDGE('',*,*,#3032,.F.);
#4519=ORIENTED_EDGE('',*,*,#3189,.T.);
#4520=ORIENTED_EDGE('',*,*,#3190,.F.);
#4521=ORIENTED_EDGE('',*,*,#3189,.F.);
#4522=ORIENTED_EDGE('',*,*,#3031,.F.);
#4523=ORIENTED_EDGE('',*,*,#3191,.T.);
#4524=ORIENTED_EDGE('',*,*,#3192,.F.);
#4525=ORIENTED_EDGE('',*,*,#3191,.F.);
#4526=ORIENTED_EDGE('',*,*,#3030,.F.);
#4527=ORIENTED_EDGE('',*,*,#3193,.T.);
#4528=ORIENTED_EDGE('',*,*,#3194,.F.);
#4529=ORIENTED_EDGE('',*,*,#3193,.F.);
#4530=ORIENTED_EDGE('',*,*,#3029,.F.);
#4531=ORIENTED_EDGE('',*,*,#3195,.T.);
#4532=ORIENTED_EDGE('',*,*,#3196,.F.);
#4533=ORIENTED_EDGE('',*,*,#3195,.F.);
#4534=ORIENTED_EDGE('',*,*,#3028,.F.);
#4535=ORIENTED_EDGE('',*,*,#3197,.T.);
#4536=ORIENTED_EDGE('',*,*,#3198,.F.);
#4537=ORIENTED_EDGE('',*,*,#3197,.F.);
#4538=ORIENTED_EDGE('',*,*,#3035,.F.);
#4539=ORIENTED_EDGE('',*,*,#3199,.T.);
#4540=ORIENTED_EDGE('',*,*,#3200,.F.);
#4541=ORIENTED_EDGE('',*,*,#3199,.F.);
#4542=ORIENTED_EDGE('',*,*,#3034,.F.);
#4543=ORIENTED_EDGE('',*,*,#3201,.T.);
#4544=ORIENTED_EDGE('',*,*,#3202,.F.);
#4545=ORIENTED_EDGE('',*,*,#3201,.F.);
#4546=ORIENTED_EDGE('',*,*,#3033,.F.);
#4547=ORIENTED_EDGE('',*,*,#3188,.T.);
#4548=ORIENTED_EDGE('',*,*,#3203,.F.);
#4549=ORIENTED_EDGE('',*,*,#3204,.T.);
#4550=ORIENTED_EDGE('',*,*,#3043,.T.);
#4551=ORIENTED_EDGE('',*,*,#3204,.F.);
#4552=ORIENTED_EDGE('',*,*,#3205,.F.);
#4553=ORIENTED_EDGE('',*,*,#3206,.T.);
#4554=ORIENTED_EDGE('',*,*,#3042,.T.);
#4555=ORIENTED_EDGE('',*,*,#3206,.F.);
#4556=ORIENTED_EDGE('',*,*,#3039,.T.);
#4557=ORIENTED_EDGE('',*,*,#3207,.T.);
#4558=ORIENTED_EDGE('',*,*,#3208,.F.);
#4559=ORIENTED_EDGE('',*,*,#3209,.F.);
#4560=ORIENTED_EDGE('',*,*,#3040,.T.);
#4561=ORIENTED_EDGE('',*,*,#3209,.T.);
#4562=ORIENTED_EDGE('',*,*,#3210,.F.);
#4563=ORIENTED_EDGE('',*,*,#3211,.F.);
#4564=ORIENTED_EDGE('',*,*,#3041,.T.);
#4565=ORIENTED_EDGE('',*,*,#3211,.T.);
#4566=ORIENTED_EDGE('',*,*,#3212,.F.);
#4567=ORIENTED_EDGE('',*,*,#3213,.F.);
#4568=ORIENTED_EDGE('',*,*,#3038,.T.);
#4569=ORIENTED_EDGE('',*,*,#3213,.T.);
#4570=ORIENTED_EDGE('',*,*,#3214,.F.);
#4571=ORIENTED_EDGE('',*,*,#3207,.F.);
#4572=ORIENTED_EDGE('',*,*,#3215,.F.);
#4573=ORIENTED_EDGE('',*,*,#3216,.T.);
#4574=ORIENTED_EDGE('',*,*,#3037,.T.);
#4575=ORIENTED_EDGE('',*,*,#3216,.F.);
#4576=ORIENTED_EDGE('',*,*,#3217,.F.);
#4577=ORIENTED_EDGE('',*,*,#3218,.T.);
#4578=ORIENTED_EDGE('',*,*,#3036,.T.);
#4579=ORIENTED_EDGE('',*,*,#3218,.F.);
#4580=ORIENTED_EDGE('',*,*,#3045,.F.);
#4581=ORIENTED_EDGE('',*,*,#3219,.F.);
#4582=ORIENTED_EDGE('',*,*,#3058,.F.);
#4583=ORIENTED_EDGE('',*,*,#2957,.F.);
#4584=ORIENTED_EDGE('',*,*,#3044,.F.);
#4585=ORIENTED_EDGE('',*,*,#3048,.T.);
#4586=ORIENTED_EDGE('',*,*,#3049,.F.);
#4587=ORIENTED_EDGE('',*,*,#3052,.T.);
#4588=ORIENTED_EDGE('',*,*,#3053,.F.);
#4589=ORIENTED_EDGE('',*,*,#3056,.T.);
#4590=ORIENTED_EDGE('',*,*,#3057,.F.);
#4591=ORIENTED_EDGE('',*,*,#3219,.T.);
#4592=ORIENTED_EDGE('',*,*,#3068,.T.);
#4593=ORIENTED_EDGE('',*,*,#3070,.T.);
#4594=ORIENTED_EDGE('',*,*,#3072,.T.);
#4595=ORIENTED_EDGE('',*,*,#3074,.T.);
#4596=ORIENTED_EDGE('',*,*,#3059,.T.);
#4597=ORIENTED_EDGE('',*,*,#3062,.T.);
#4598=ORIENTED_EDGE('',*,*,#3064,.T.);
#4599=ORIENTED_EDGE('',*,*,#3066,.T.);
#4600=ORIENTED_EDGE('',*,*,#3084,.T.);
#4601=ORIENTED_EDGE('',*,*,#3086,.T.);
#4602=ORIENTED_EDGE('',*,*,#3088,.T.);
#4603=ORIENTED_EDGE('',*,*,#3090,.T.);
#4604=ORIENTED_EDGE('',*,*,#3075,.T.);
#4605=ORIENTED_EDGE('',*,*,#3078,.T.);
#4606=ORIENTED_EDGE('',*,*,#3080,.T.);
#4607=ORIENTED_EDGE('',*,*,#3082,.T.);
#4608=ORIENTED_EDGE('',*,*,#3100,.T.);
#4609=ORIENTED_EDGE('',*,*,#3102,.T.);
#4610=ORIENTED_EDGE('',*,*,#3104,.T.);
#4611=ORIENTED_EDGE('',*,*,#3106,.T.);
#4612=ORIENTED_EDGE('',*,*,#3091,.T.);
#4613=ORIENTED_EDGE('',*,*,#3094,.T.);
#4614=ORIENTED_EDGE('',*,*,#3096,.T.);
#4615=ORIENTED_EDGE('',*,*,#3098,.T.);
#4616=ORIENTED_EDGE('',*,*,#3116,.T.);
#4617=ORIENTED_EDGE('',*,*,#3118,.T.);
#4618=ORIENTED_EDGE('',*,*,#3120,.T.);
#4619=ORIENTED_EDGE('',*,*,#3122,.T.);
#4620=ORIENTED_EDGE('',*,*,#3107,.T.);
#4621=ORIENTED_EDGE('',*,*,#3110,.T.);
#4622=ORIENTED_EDGE('',*,*,#3112,.T.);
#4623=ORIENTED_EDGE('',*,*,#3114,.T.);
#4624=ORIENTED_EDGE('',*,*,#3132,.T.);
#4625=ORIENTED_EDGE('',*,*,#3134,.T.);
#4626=ORIENTED_EDGE('',*,*,#3136,.T.);
#4627=ORIENTED_EDGE('',*,*,#3138,.T.);
#4628=ORIENTED_EDGE('',*,*,#3123,.T.);
#4629=ORIENTED_EDGE('',*,*,#3126,.T.);
#4630=ORIENTED_EDGE('',*,*,#3128,.T.);
#4631=ORIENTED_EDGE('',*,*,#3130,.T.);
#4632=ORIENTED_EDGE('',*,*,#3148,.T.);
#4633=ORIENTED_EDGE('',*,*,#3150,.T.);
#4634=ORIENTED_EDGE('',*,*,#3152,.T.);
#4635=ORIENTED_EDGE('',*,*,#3154,.T.);
#4636=ORIENTED_EDGE('',*,*,#3139,.T.);
#4637=ORIENTED_EDGE('',*,*,#3142,.T.);
#4638=ORIENTED_EDGE('',*,*,#3144,.T.);
#4639=ORIENTED_EDGE('',*,*,#3146,.T.);
#4640=ORIENTED_EDGE('',*,*,#3164,.T.);
#4641=ORIENTED_EDGE('',*,*,#3166,.T.);
#4642=ORIENTED_EDGE('',*,*,#3168,.T.);
#4643=ORIENTED_EDGE('',*,*,#3170,.T.);
#4644=ORIENTED_EDGE('',*,*,#3155,.T.);
#4645=ORIENTED_EDGE('',*,*,#3158,.T.);
#4646=ORIENTED_EDGE('',*,*,#3160,.T.);
#4647=ORIENTED_EDGE('',*,*,#3162,.T.);
#4648=ORIENTED_EDGE('',*,*,#3180,.T.);
#4649=ORIENTED_EDGE('',*,*,#3182,.T.);
#4650=ORIENTED_EDGE('',*,*,#3184,.T.);
#4651=ORIENTED_EDGE('',*,*,#3186,.T.);
#4652=ORIENTED_EDGE('',*,*,#3171,.T.);
#4653=ORIENTED_EDGE('',*,*,#3174,.T.);
#4654=ORIENTED_EDGE('',*,*,#3176,.T.);
#4655=ORIENTED_EDGE('',*,*,#3178,.T.);
#4656=ORIENTED_EDGE('',*,*,#3196,.T.);
#4657=ORIENTED_EDGE('',*,*,#3198,.T.);
#4658=ORIENTED_EDGE('',*,*,#3200,.T.);
#4659=ORIENTED_EDGE('',*,*,#3202,.T.);
#4660=ORIENTED_EDGE('',*,*,#3187,.T.);
#4661=ORIENTED_EDGE('',*,*,#3190,.T.);
#4662=ORIENTED_EDGE('',*,*,#3192,.T.);
#4663=ORIENTED_EDGE('',*,*,#3194,.T.);
#4664=ORIENTED_EDGE('',*,*,#3217,.T.);
#4665=ORIENTED_EDGE('',*,*,#3215,.T.);
#4666=ORIENTED_EDGE('',*,*,#3214,.T.);
#4667=ORIENTED_EDGE('',*,*,#3212,.T.);
#4668=ORIENTED_EDGE('',*,*,#3210,.T.);
#4669=ORIENTED_EDGE('',*,*,#3208,.T.);
#4670=ORIENTED_EDGE('',*,*,#3205,.T.);
#4671=ORIENTED_EDGE('',*,*,#3203,.T.);
#4672=CYLINDRICAL_SURFACE('',#5016,5.);
#4673=CYLINDRICAL_SURFACE('',#5028,5.);
#4674=CYLINDRICAL_SURFACE('',#5031,5.);
#4675=CYLINDRICAL_SURFACE('',#5034,5.);
#4676=CYLINDRICAL_SURFACE('',#5043,3.);
#4677=CYLINDRICAL_SURFACE('',#5046,3.);
#4678=CYLINDRICAL_SURFACE('',#5049,2.99999999999999);
#4679=CYLINDRICAL_SURFACE('',#5052,3.00000000000001);
#4680=CYLINDRICAL_SURFACE('',#5058,1.7);
#4681=CYLINDRICAL_SURFACE('',#5061,1.7);
#4682=CYLINDRICAL_SURFACE('',#5064,1.69999999999999);
#4683=CYLINDRICAL_SURFACE('',#5067,1.69999999999999);
#4684=CYLINDRICAL_SURFACE('',#5161,5.);
#4685=CYLINDRICAL_SURFACE('',#5165,5.);
#4686=CYLINDRICAL_SURFACE('',#5168,5.);
#4687=CYLINDRICAL_SURFACE('',#5171,5.);
#4688=CYLINDRICAL_SURFACE('',#5174,0.5);
#4689=CYLINDRICAL_SURFACE('',#5177,0.499999999999998);
#4690=CYLINDRICAL_SURFACE('',#5180,0.499999999999998);
#4691=CYLINDRICAL_SURFACE('',#5183,0.500000000000003);
#4692=CYLINDRICAL_SURFACE('',#5186,0.499999999999998);
#4693=CYLINDRICAL_SURFACE('',#5189,0.499999999999998);
#4694=CYLINDRICAL_SURFACE('',#5192,0.499999999999998);
#4695=CYLINDRICAL_SURFACE('',#5195,0.499999999999998);
#4696=CYLINDRICAL_SURFACE('',#5198,0.499999999999998);
#4697=CYLINDRICAL_SURFACE('',#5201,0.499999999999998);
#4698=CYLINDRICAL_SURFACE('',#5204,0.499999999999998);
#4699=CYLINDRICAL_SURFACE('',#5207,0.500000000000003);
#4700=CYLINDRICAL_SURFACE('',#5210,0.499999999999998);
#4701=CYLINDRICAL_SURFACE('',#5213,0.499999999999998);
#4702=CYLINDRICAL_SURFACE('',#5216,0.500000000000003);
#4703=CYLINDRICAL_SURFACE('',#5219,0.500000000000003);
#4704=CYLINDRICAL_SURFACE('',#5222,0.5);
#4705=CYLINDRICAL_SURFACE('',#5225,0.499999999999998);
#4706=CYLINDRICAL_SURFACE('',#5228,0.499999999999998);
#4707=CYLINDRICAL_SURFACE('',#5231,0.499999999999998);
#4708=CYLINDRICAL_SURFACE('',#5234,0.499999999999998);
#4709=CYLINDRICAL_SURFACE('',#5237,0.499999999999998);
#4710=CYLINDRICAL_SURFACE('',#5240,0.500000000000003);
#4711=CYLINDRICAL_SURFACE('',#5243,0.499999999999998);
#4712=CYLINDRICAL_SURFACE('',#5246,0.499999999999998);
#4713=CYLINDRICAL_SURFACE('',#5249,0.499999999999998);
#4714=CYLINDRICAL_SURFACE('',#5252,0.499999999999998);
#4715=CYLINDRICAL_SURFACE('',#5255,0.499999999999998);
#4716=CYLINDRICAL_SURFACE('',#5258,0.499999999999998);
#4717=CYLINDRICAL_SURFACE('',#5261,0.499999999999998);
#4718=CYLINDRICAL_SURFACE('',#5264,0.500000000000003);
#4719=CYLINDRICAL_SURFACE('',#5267,0.499999999999998);
#4720=CYLINDRICAL_SURFACE('',#5270,0.5);
#4721=CYLINDRICAL_SURFACE('',#5273,0.499999999999998);
#4722=CYLINDRICAL_SURFACE('',#5276,0.499999999999998);
#4723=CYLINDRICAL_SURFACE('',#5279,0.499999999999998);
#4724=CYLINDRICAL_SURFACE('',#5281,1.7);
#4725=CYLINDRICAL_SURFACE('',#5283,1.7);
#4726=CYLINDRICAL_SURFACE('',#5289,1.7);
#4727=CYLINDRICAL_SURFACE('',#5291,1.7);
#4728=ADVANCED_FACE('',(#477),#4672,.T.);
#4729=ADVANCED_FACE('',(#478),#367,.T.);
#4730=ADVANCED_FACE('',(#479,#316,#317,#318,#319),#368,.T.);
#4731=ADVANCED_FACE('',(#480),#4673,.T.);
#4732=ADVANCED_FACE('',(#481),#369,.T.);
#4733=ADVANCED_FACE('',(#482),#4674,.T.);
#4734=ADVANCED_FACE('',(#483),#370,.T.);
#4735=ADVANCED_FACE('',(#484),#4675,.T.);
#4736=ADVANCED_FACE('',(#485),#371,.T.);
#4737=ADVANCED_FACE('',(#486),#372,.F.);
#4738=ADVANCED_FACE('',(#487),#373,.F.);
#4739=ADVANCED_FACE('',(#488),#374,.F.);
#4740=ADVANCED_FACE('',(#489),#375,.T.);
#4741=ADVANCED_FACE('',(#490),#376,.T.);
#4742=ADVANCED_FACE('',(#491),#377,.T.);
#4743=ADVANCED_FACE('',(#492),#4676,.F.);
#4744=ADVANCED_FACE('',(#493),#4677,.F.);
#4745=ADVANCED_FACE('',(#494),#4678,.F.);
#4746=ADVANCED_FACE('',(#495),#4679,.F.);
#4747=ADVANCED_FACE('',(#496),#378,.T.);
#4748=ADVANCED_FACE('',(#497),#379,.T.);
#4749=ADVANCED_FACE('',(#498,#320,#321,#322,#323),#380,.F.);
#4750=ADVANCED_FACE('',(#499),#4680,.F.);
#4751=ADVANCED_FACE('',(#500,#324),#381,.F.);
#4752=ADVANCED_FACE('',(#501),#4681,.F.);
#4753=ADVANCED_FACE('',(#502,#325),#382,.F.);
#4754=ADVANCED_FACE('',(#503),#4682,.F.);
#4755=ADVANCED_FACE('',(#504,#326),#383,.F.);
#4756=ADVANCED_FACE('',(#505),#4683,.F.);
#4757=ADVANCED_FACE('',(#506,#327),#384,.F.);
#4758=ADVANCED_FACE('',(#507),#385,.F.);
#4759=ADVANCED_FACE('',(#508),#386,.F.);
#4760=ADVANCED_FACE('',(#509),#387,.F.);
#4761=ADVANCED_FACE('',(#510),#388,.F.);
#4762=ADVANCED_FACE('',(#511),#389,.F.);
#4763=ADVANCED_FACE('',(#512),#212,.F.);
#4764=ADVANCED_FACE('',(#513),#213,.F.);
#4765=ADVANCED_FACE('',(#514),#214,.F.);
#4766=ADVANCED_FACE('',(#515),#215,.F.);
#4767=ADVANCED_FACE('',(#516),#216,.F.);
#4768=ADVANCED_FACE('',(#517),#217,.F.);
#4769=ADVANCED_FACE('',(#518),#218,.F.);
#4770=ADVANCED_FACE('',(#519),#219,.F.);
#4771=ADVANCED_FACE('',(#520),#390,.F.);
#4772=ADVANCED_FACE('',(#521),#391,.F.);
#4773=ADVANCED_FACE('',(#522),#392,.F.);
#4774=ADVANCED_FACE('',(#523),#220,.F.);
#4775=ADVANCED_FACE('',(#524),#221,.F.);
#4776=ADVANCED_FACE('',(#525),#222,.F.);
#4777=ADVANCED_FACE('',(#526),#223,.F.);
#4778=ADVANCED_FACE('',(#527),#224,.F.);
#4779=ADVANCED_FACE('',(#528),#225,.F.);
#4780=ADVANCED_FACE('',(#529),#226,.F.);
#4781=ADVANCED_FACE('',(#530),#227,.F.);
#4782=ADVANCED_FACE('',(#531),#228,.F.);
#4783=ADVANCED_FACE('',(#532),#393,.F.);
#4784=ADVANCED_FACE('',(#533),#394,.F.);
#4785=ADVANCED_FACE('',(#534,#328),#395,.T.);
#4786=ADVANCED_FACE('',(#535),#229,.F.);
#4787=ADVANCED_FACE('',(#536),#230,.F.);
#4788=ADVANCED_FACE('',(#537),#231,.F.);
#4789=ADVANCED_FACE('',(#538),#232,.F.);
#4790=ADVANCED_FACE('',(#539),#233,.F.);
#4791=ADVANCED_FACE('',(#540),#234,.F.);
#4792=ADVANCED_FACE('',(#541),#235,.F.);
#4793=ADVANCED_FACE('',(#542),#236,.F.);
#4794=ADVANCED_FACE('',(#543),#396,.F.);
#4795=ADVANCED_FACE('',(#544),#237,.F.);
#4796=ADVANCED_FACE('',(#545),#238,.F.);
#4797=ADVANCED_FACE('',(#546),#239,.F.);
#4798=ADVANCED_FACE('',(#547),#240,.F.);
#4799=ADVANCED_FACE('',(#548),#241,.F.);
#4800=ADVANCED_FACE('',(#549),#242,.F.);
#4801=ADVANCED_FACE('',(#550),#243,.F.);
#4802=ADVANCED_FACE('',(#551),#244,.F.);
#4803=ADVANCED_FACE('',(#552),#245,.F.);
#4804=ADVANCED_FACE('',(#553),#246,.F.);
#4805=ADVANCED_FACE('',(#554),#397,.F.);
#4806=ADVANCED_FACE('',(#555),#398,.F.);
#4807=ADVANCED_FACE('',(#556),#399,.F.);
#4808=ADVANCED_FACE('',(#557),#400,.F.);
#4809=ADVANCED_FACE('',(#558,#329),#401,.T.);
#4810=ADVANCED_FACE('',(#559),#247,.F.);
#4811=ADVANCED_FACE('',(#560),#248,.F.);
#4812=ADVANCED_FACE('',(#561),#249,.F.);
#4813=ADVANCED_FACE('',(#562),#250,.F.);
#4814=ADVANCED_FACE('',(#563),#251,.F.);
#4815=ADVANCED_FACE('',(#564),#252,.F.);
#4816=ADVANCED_FACE('',(#565),#253,.F.);
#4817=ADVANCED_FACE('',(#566),#254,.F.);
#4818=ADVANCED_FACE('',(#567),#255,.F.);
#4819=ADVANCED_FACE('',(#568),#402,.F.);
#4820=ADVANCED_FACE('',(#569),#403,.F.);
#4821=ADVANCED_FACE('',(#570),#256,.F.);
#4822=ADVANCED_FACE('',(#571),#257,.F.);
#4823=ADVANCED_FACE('',(#572),#404,.F.);
#4824=ADVANCED_FACE('',(#573),#258,.F.);
#4825=ADVANCED_FACE('',(#574),#259,.F.);
#4826=ADVANCED_FACE('',(#575),#260,.F.);
#4827=ADVANCED_FACE('',(#576),#261,.F.);
#4828=ADVANCED_FACE('',(#577),#262,.F.);
#4829=ADVANCED_FACE('',(#578),#263,.F.);
#4830=ADVANCED_FACE('',(#579),#264,.F.);
#4831=ADVANCED_FACE('',(#580),#405,.F.);
#4832=ADVANCED_FACE('',(#581),#265,.F.);
#4833=ADVANCED_FACE('',(#582),#266,.F.);
#4834=ADVANCED_FACE('',(#583),#267,.F.);
#4835=ADVANCED_FACE('',(#584),#268,.F.);
#4836=ADVANCED_FACE('',(#585),#269,.F.);
#4837=ADVANCED_FACE('',(#586),#270,.F.);
#4838=ADVANCED_FACE('',(#587),#271,.F.);
#4839=ADVANCED_FACE('',(#588),#272,.F.);
#4840=ADVANCED_FACE('',(#589),#273,.F.);
#4841=ADVANCED_FACE('',(#590),#274,.F.);
#4842=ADVANCED_FACE('',(#591),#275,.F.);
#4843=ADVANCED_FACE('',(#592),#276,.F.);
#4844=ADVANCED_FACE('',(#593),#277,.F.);
#4845=ADVANCED_FACE('',(#594),#278,.F.);
#4846=ADVANCED_FACE('',(#595),#279,.F.);
#4847=ADVANCED_FACE('',(#596,#330),#406,.T.);
#4848=ADVANCED_FACE('',(#597),#407,.F.);
#4849=ADVANCED_FACE('',(#598),#408,.F.);
#4850=ADVANCED_FACE('',(#599),#409,.F.);
#4851=ADVANCED_FACE('',(#600),#410,.F.);
#4852=ADVANCED_FACE('',(#601),#411,.F.);
#4853=ADVANCED_FACE('',(#602),#412,.F.);
#4854=ADVANCED_FACE('',(#603),#280,.F.);
#4855=ADVANCED_FACE('',(#604),#281,.F.);
#4856=ADVANCED_FACE('',(#605),#282,.F.);
#4857=ADVANCED_FACE('',(#606),#283,.F.);
#4858=ADVANCED_FACE('',(#607),#284,.F.);
#4859=ADVANCED_FACE('',(#608),#285,.F.);
#4860=ADVANCED_FACE('',(#609),#413,.F.);
#4861=ADVANCED_FACE('',(#610),#414,.F.);
#4862=ADVANCED_FACE('',(#611),#415,.F.);
#4863=ADVANCED_FACE('',(#612),#416,.F.);
#4864=ADVANCED_FACE('',(#613),#417,.F.);
#4865=ADVANCED_FACE('',(#614),#286,.F.);
#4866=ADVANCED_FACE('',(#615),#287,.F.);
#4867=ADVANCED_FACE('',(#616),#288,.F.);
#4868=ADVANCED_FACE('',(#617),#289,.F.);
#4869=ADVANCED_FACE('',(#618),#418,.F.);
#4870=ADVANCED_FACE('',(#619),#419,.F.);
#4871=ADVANCED_FACE('',(#620),#420,.F.);
#4872=ADVANCED_FACE('',(#621),#421,.F.);
#4873=ADVANCED_FACE('',(#622),#422,.T.);
#4874=ADVANCED_FACE('',(#623),#290,.F.);
#4875=ADVANCED_FACE('',(#624),#291,.F.);
#4876=ADVANCED_FACE('',(#625),#292,.F.);
#4877=ADVANCED_FACE('',(#626),#423,.F.);
#4878=ADVANCED_FACE('',(#627),#293,.F.);
#4879=ADVANCED_FACE('',(#628),#294,.F.);
#4880=ADVANCED_FACE('',(#629),#295,.F.);
#4881=ADVANCED_FACE('',(#630),#296,.F.);
#4882=ADVANCED_FACE('',(#631),#424,.F.);
#4883=ADVANCED_FACE('',(#632),#297,.F.);
#4884=ADVANCED_FACE('',(#633),#298,.F.);
#4885=ADVANCED_FACE('',(#634),#299,.F.);
#4886=ADVANCED_FACE('',(#635),#300,.F.);
#4887=ADVANCED_FACE('',(#636),#301,.F.);
#4888=ADVANCED_FACE('',(#637),#302,.F.);
#4889=ADVANCED_FACE('',(#638),#303,.F.);
#4890=ADVANCED_FACE('',(#639),#304,.F.);
#4891=ADVANCED_FACE('',(#640),#305,.F.);
#4892=ADVANCED_FACE('',(#641),#425,.F.);
#4893=ADVANCED_FACE('',(#642),#306,.F.);
#4894=ADVANCED_FACE('',(#643,#331),#426,.T.);
#4895=ADVANCED_FACE('',(#644,#332,#333,#334,#335,#336,#337,#338,#339,#340,
#341,#342,#343,#344,#345,#346,#347,#348,#349,#350,#351,#352),#427,.F.);
#4896=ADVANCED_FACE('',(#645),#428,.F.);
#4897=ADVANCED_FACE('',(#646),#429,.F.);
#4898=ADVANCED_FACE('',(#647),#430,.F.);
#4899=ADVANCED_FACE('',(#648),#4684,.T.);
#4900=ADVANCED_FACE('',(#649),#431,.T.);
#4901=ADVANCED_FACE('',(#650),#432,.F.);
#4902=ADVANCED_FACE('',(#651),#4685,.T.);
#4903=ADVANCED_FACE('',(#652),#433,.T.);
#4904=ADVANCED_FACE('',(#653),#4686,.T.);
#4905=ADVANCED_FACE('',(#654),#434,.T.);
#4906=ADVANCED_FACE('',(#655),#4687,.T.);
#4907=ADVANCED_FACE('',(#656),#435,.F.);
#4908=ADVANCED_FACE('',(#657),#4688,.F.);
#4909=ADVANCED_FACE('',(#658),#436,.F.);
#4910=ADVANCED_FACE('',(#659),#4689,.F.);
#4911=ADVANCED_FACE('',(#660),#437,.F.);
#4912=ADVANCED_FACE('',(#661),#4690,.F.);
#4913=ADVANCED_FACE('',(#662),#438,.F.);
#4914=ADVANCED_FACE('',(#663),#4691,.F.);
#4915=ADVANCED_FACE('',(#664),#439,.F.);
#4916=ADVANCED_FACE('',(#665),#4692,.F.);
#4917=ADVANCED_FACE('',(#666),#440,.F.);
#4918=ADVANCED_FACE('',(#667),#4693,.F.);
#4919=ADVANCED_FACE('',(#668),#441,.F.);
#4920=ADVANCED_FACE('',(#669),#4694,.F.);
#4921=ADVANCED_FACE('',(#670),#442,.F.);
#4922=ADVANCED_FACE('',(#671),#4695,.F.);
#4923=ADVANCED_FACE('',(#672),#443,.F.);
#4924=ADVANCED_FACE('',(#673),#4696,.F.);
#4925=ADVANCED_FACE('',(#674),#444,.F.);
#4926=ADVANCED_FACE('',(#675),#4697,.F.);
#4927=ADVANCED_FACE('',(#676),#445,.F.);
#4928=ADVANCED_FACE('',(#677),#4698,.F.);
#4929=ADVANCED_FACE('',(#678),#446,.F.);
#4930=ADVANCED_FACE('',(#679),#4699,.F.);
#4931=ADVANCED_FACE('',(#680),#447,.F.);
#4932=ADVANCED_FACE('',(#681),#4700,.F.);
#4933=ADVANCED_FACE('',(#682),#448,.F.);
#4934=ADVANCED_FACE('',(#683),#4701,.F.);
#4935=ADVANCED_FACE('',(#684),#449,.F.);
#4936=ADVANCED_FACE('',(#685),#4702,.F.);
#4937=ADVANCED_FACE('',(#686),#450,.F.);
#4938=ADVANCED_FACE('',(#687),#4703,.F.);
#4939=ADVANCED_FACE('',(#688),#451,.F.);
#4940=ADVANCED_FACE('',(#689),#4704,.F.);
#4941=ADVANCED_FACE('',(#690),#452,.F.);
#4942=ADVANCED_FACE('',(#691),#4705,.F.);
#4943=ADVANCED_FACE('',(#692),#453,.F.);
#4944=ADVANCED_FACE('',(#693),#4706,.F.);
#4945=ADVANCED_FACE('',(#694),#454,.F.);
#4946=ADVANCED_FACE('',(#695),#4707,.F.);
#4947=ADVANCED_FACE('',(#696),#455,.F.);
#4948=ADVANCED_FACE('',(#697),#4708,.F.);
#4949=ADVANCED_FACE('',(#698),#456,.F.);
#4950=ADVANCED_FACE('',(#699),#4709,.F.);
#4951=ADVANCED_FACE('',(#700),#457,.F.);
#4952=ADVANCED_FACE('',(#701),#4710,.F.);
#4953=ADVANCED_FACE('',(#702),#458,.F.);
#4954=ADVANCED_FACE('',(#703),#4711,.F.);
#4955=ADVANCED_FACE('',(#704),#459,.F.);
#4956=ADVANCED_FACE('',(#705),#4712,.F.);
#4957=ADVANCED_FACE('',(#706),#460,.F.);
#4958=ADVANCED_FACE('',(#707),#4713,.F.);
#4959=ADVANCED_FACE('',(#708),#461,.F.);
#4960=ADVANCED_FACE('',(#709),#4714,.F.);
#4961=ADVANCED_FACE('',(#710),#462,.F.);
#4962=ADVANCED_FACE('',(#711),#4715,.F.);
#4963=ADVANCED_FACE('',(#712),#463,.F.);
#4964=ADVANCED_FACE('',(#713),#4716,.F.);
#4965=ADVANCED_FACE('',(#714),#464,.F.);
#4966=ADVANCED_FACE('',(#715),#4717,.F.);
#4967=ADVANCED_FACE('',(#716),#465,.F.);
#4968=ADVANCED_FACE('',(#717),#4718,.F.);
#4969=ADVANCED_FACE('',(#718),#466,.F.);
#4970=ADVANCED_FACE('',(#719),#4719,.F.);
#4971=ADVANCED_FACE('',(#720),#467,.F.);
#4972=ADVANCED_FACE('',(#721),#4720,.F.);
#4973=ADVANCED_FACE('',(#722),#468,.F.);
#4974=ADVANCED_FACE('',(#723),#4721,.F.);
#4975=ADVANCED_FACE('',(#724),#469,.F.);
#4976=ADVANCED_FACE('',(#725),#4722,.F.);
#4977=ADVANCED_FACE('',(#726),#470,.F.);
#4978=ADVANCED_FACE('',(#727),#4723,.F.);
#4979=ADVANCED_FACE('',(#728),#4724,.F.);
#4980=ADVANCED_FACE('',(#729),#4725,.F.);
#4981=ADVANCED_FACE('',(#730),#471,.T.);
#4982=ADVANCED_FACE('',(#731),#472,.T.);
#4983=ADVANCED_FACE('',(#732),#473,.T.);
#4984=ADVANCED_FACE('',(#733),#474,.T.);
#4985=ADVANCED_FACE('',(#734),#4726,.F.);
#4986=ADVANCED_FACE('',(#735),#4727,.F.);
#4987=ADVANCED_FACE('',(#736),#475,.T.);
#4988=ADVANCED_FACE('',(#737,#353,#354,#355,#356,#357,#358,#359,#360,#361,
#362,#363,#364,#365,#366),#476,.T.);
#4989=CLOSED_SHELL('',(#4728,#4729,#4730,#4731,#4732,#4733,#4734,#4735,
#4736,#4737,#4738,#4739,#4740,#4741,#4742,#4743,#4744,#4745,#4746,#4747,
#4748,#4749,#4750,#4751,#4752,#4753,#4754,#4755,#4756,#4757));
#4990=CLOSED_SHELL('',(#4758,#4759,#4760,#4761,#4762,#4763,#4764,#4765,
#4766,#4767,#4768,#4769,#4770,#4771,#4772,#4773,#4774,#4775,#4776,#4777,
#4778,#4779,#4780,#4781,#4782,#4783,#4784,#4785,#4786,#4787,#4788,#4789,
#4790,#4791,#4792,#4793,#4794,#4795,#4796,#4797,#4798,#4799,#4800,#4801,
#4802,#4803,#4804,#4805,#4806,#4807,#4808,#4809,#4810,#4811,#4812,#4813,
#4814,#4815,#4816,#4817,#4818,#4819,#4820,#4821,#4822,#4823,#4824,#4825,
#4826,#4827,#4828,#4829,#4830,#4831,#4832,#4833,#4834,#4835,#4836,#4837,
#4838,#4839,#4840,#4841,#4842,#4843,#4844,#4845,#4846,#4847,#4848,#4849,
#4850,#4851,#4852,#4853,#4854,#4855,#4856,#4857,#4858,#4859,#4860,#4861,
#4862,#4863,#4864,#4865,#4866,#4867,#4868,#4869,#4870,#4871,#4872,#4873,
#4874,#4875,#4876,#4877,#4878,#4879,#4880,#4881,#4882,#4883,#4884,#4885,
#4886,#4887,#4888,#4889,#4890,#4891,#4892,#4893,#4894,#4895,#4896,#4897,
#4898,#4899,#4900,#4901,#4902,#4903,#4904,#4905,#4906,#4907,#4908,#4909,
#4910,#4911,#4912,#4913,#4914,#4915,#4916,#4917,#4918,#4919,#4920,#4921,
#4922,#4923,#4924,#4925,#4926,#4927,#4928,#4929,#4930,#4931,#4932,#4933,
#4934,#4935,#4936,#4937,#4938,#4939,#4940,#4941,#4942,#4943,#4944,#4945,
#4946,#4947,#4948,#4949,#4950,#4951,#4952,#4953,#4954,#4955,#4956,#4957,
#4958,#4959,#4960,#4961,#4962,#4963,#4964,#4965,#4966,#4967,#4968,#4969,
#4970,#4971,#4972,#4973,#4974,#4975,#4976,#4977,#4978,#4979,#4980,#4981,
#4982,#4983,#4984,#4985,#4986,#4987,#4988));
#4991=DERIVED_UNIT_ELEMENT(#4995,1.);
#4992=DERIVED_UNIT_ELEMENT(#9391,-3.);
#4993=DERIVED_UNIT_ELEMENT(#4995,1.);
#4994=DERIVED_UNIT_ELEMENT(#9391,-3.);
#4995=(
MASS_UNIT()
NAMED_UNIT(*)
SI_UNIT(.KILO.,.GRAM.)
);
#4996=DERIVED_UNIT((#4991,#4992));
#4997=DERIVED_UNIT((#4993,#4994));
#4998=MEASURE_REPRESENTATION_ITEM('density measure',
POSITIVE_RATIO_MEASURE(7850.),#4996);
#4999=MEASURE_REPRESENTATION_ITEM('density measure',
POSITIVE_RATIO_MEASURE(7850.),#4997);
#5000=PROPERTY_DEFINITION_REPRESENTATION(#5010,#5004);
#5001=PROPERTY_DEFINITION_REPRESENTATION(#5011,#5005);
#5002=PROPERTY_DEFINITION_REPRESENTATION(#5012,#5006);
#5003=PROPERTY_DEFINITION_REPRESENTATION(#5013,#5007);
#5004=REPRESENTATION('material name',(#5008),#9387);
#5005=REPRESENTATION('density',(#4998),#9387);
#5006=REPRESENTATION('material name',(#5009),#9388);
#5007=REPRESENTATION('density',(#4999),#9388);
#5008=DESCRIPTIVE_REPRESENTATION_ITEM('Stal','Stal');
#5009=DESCRIPTIVE_REPRESENTATION_ITEM('Stal','Stal');
#5010=PROPERTY_DEFINITION('material property','material name',#9407);
#5011=PROPERTY_DEFINITION('material property','density of part',#9407);
#5012=PROPERTY_DEFINITION('material property','material name',#9408);
#5013=PROPERTY_DEFINITION('material property','density of part',#9408);
#5014=AXIS2_PLACEMENT_3D('',#6290,#5298,#5299);
#5015=AXIS2_PLACEMENT_3D('',#6291,#5300,#5301);
#5016=AXIS2_PLACEMENT_3D('',#6292,#5302,#5303);
#5017=AXIS2_PLACEMENT_3D('',#6295,#5304,#5305);
#5018=AXIS2_PLACEMENT_3D('',#6299,#5307,#5308);
#5019=AXIS2_PLACEMENT_3D('',#6301,#5310,#5311);
#5020=AXIS2_PLACEMENT_3D('',#6307,#5315,#5316);
#5021=AXIS2_PLACEMENT_3D('',#6311,#5318,#5319);
#5022=AXIS2_PLACEMENT_3D('',#6331,#5329,#5330);
#5023=AXIS2_PLACEMENT_3D('',#6334,#5332,#5333);
#5024=AXIS2_PLACEMENT_3D('',#6336,#5334,#5335);
#5025=AXIS2_PLACEMENT_3D('',#6338,#5336,#5337);
#5026=AXIS2_PLACEMENT_3D('',#6340,#5338,#5339);
#5027=AXIS2_PLACEMENT_3D('',#6342,#5340,#5341);
#5028=AXIS2_PLACEMENT_3D('',#6343,#5342,#5343);
#5029=AXIS2_PLACEMENT_3D('',#6346,#5345,#5346);
#5030=AXIS2_PLACEMENT_3D('',#6347,#5347,#5348);
#5031=AXIS2_PLACEMENT_3D('',#6351,#5351,#5352);
#5032=AXIS2_PLACEMENT_3D('',#6354,#5354,#5355);
#5033=AXIS2_PLACEMENT_3D('',#6355,#5356,#5357);
#5034=AXIS2_PLACEMENT_3D('',#6364,#5363,#5364);
#5035=AXIS2_PLACEMENT_3D('',#6367,#5366,#5367);
#5036=AXIS2_PLACEMENT_3D('',#6368,#5368,#5369);
#5037=AXIS2_PLACEMENT_3D('',#6370,#5371,#5372);
#5038=AXIS2_PLACEMENT_3D('',#6374,#5375,#5376);
#5039=AXIS2_PLACEMENT_3D('',#6378,#5379,#5380);
#5040=AXIS2_PLACEMENT_3D('',#6380,#5382,#5383);
#5041=AXIS2_PLACEMENT_3D('',#6386,#5387,#5388);
#5042=AXIS2_PLACEMENT_3D('',#6392,#5392,#5393);
#5043=AXIS2_PLACEMENT_3D('',#6394,#5395,#5396);
#5044=AXIS2_PLACEMENT_3D('',#6396,#5397,#5398);
#5045=AXIS2_PLACEMENT_3D('',#6399,#5400,#5401);
#5046=AXIS2_PLACEMENT_3D('',#6400,#5402,#5403);
#5047=AXIS2_PLACEMENT_3D('',#6402,#5404,#5405);
#5048=AXIS2_PLACEMENT_3D('',#6405,#5407,#5408);
#5049=AXIS2_PLACEMENT_3D('',#6406,#5409,#5410);
#5050=AXIS2_PLACEMENT_3D('',#6408,#5411,#5412);
#5051=AXIS2_PLACEMENT_3D('',#6411,#5414,#5415);
#5052=AXIS2_PLACEMENT_3D('',#6412,#5416,#5417);
#5053=AXIS2_PLACEMENT_3D('',#6414,#5418,#5419);
#5054=AXIS2_PLACEMENT_3D('',#6417,#5421,#5422);
#5055=AXIS2_PLACEMENT_3D('',#6418,#5423,#5424);
#5056=AXIS2_PLACEMENT_3D('',#6420,#5426,#5427);
#5057=AXIS2_PLACEMENT_3D('',#6421,#5428,#5429);
#5058=AXIS2_PLACEMENT_3D('',#6422,#5430,#5431);
#5059=AXIS2_PLACEMENT_3D('',#6425,#5433,#5434);
#5060=AXIS2_PLACEMENT_3D('',#6426,#5435,#5436);
#5061=AXIS2_PLACEMENT_3D('',#6427,#5437,#5438);
#5062=AXIS2_PLACEMENT_3D('',#6430,#5440,#5441);
#5063=AXIS2_PLACEMENT_3D('',#6431,#5442,#5443);
#5064=AXIS2_PLACEMENT_3D('',#6432,#5444,#5445);
#5065=AXIS2_PLACEMENT_3D('',#6435,#5447,#5448);
#5066=AXIS2_PLACEMENT_3D('',#6436,#5449,#5450);
#5067=AXIS2_PLACEMENT_3D('',#6437,#5451,#5452);
#5068=AXIS2_PLACEMENT_3D('',#6440,#5454,#5455);
#5069=AXIS2_PLACEMENT_3D('',#6441,#5456,#5457);
#5070=AXIS2_PLACEMENT_3D('',#6442,#5458,#5459);
#5071=AXIS2_PLACEMENT_3D('',#6443,#5460,#5461);
#5072=AXIS2_PLACEMENT_3D('',#6452,#5466,#5467);
#5073=AXIS2_PLACEMENT_3D('',#6458,#5471,#5472);
#5074=AXIS2_PLACEMENT_3D('',#6464,#5476,#5477);
#5075=AXIS2_PLACEMENT_3D('',#6467,#5480,#5481);
#5076=AXIS2_PLACEMENT_3D('',#6652,#5490,#5491);
#5077=AXIS2_PLACEMENT_3D('',#6661,#5496,#5497);
#5078=AXIS2_PLACEMENT_3D('',#6667,#5501,#5502);
#5079=AXIS2_PLACEMENT_3D('',#6880,#5515,#5516);
#5080=AXIS2_PLACEMENT_3D('',#6886,#5520,#5521);
#5081=AXIS2_PLACEMENT_3D('',#6889,#5524,#5525);
#5082=AXIS2_PLACEMENT_3D('',#7074,#5534,#5535);
#5083=AXIS2_PLACEMENT_3D('',#7313,#5550,#5551);
#5084=AXIS2_PLACEMENT_3D('',#7319,#5555,#5556);
#5085=AXIS2_PLACEMENT_3D('',#7325,#5560,#5561);
#5086=AXIS2_PLACEMENT_3D('',#7331,#5565,#5566);
#5087=AXIS2_PLACEMENT_3D('',#7334,#5569,#5570);
#5088=AXIS2_PLACEMENT_3D('',#7545,#5581,#5582);
#5089=AXIS2_PLACEMENT_3D('',#7548,#5585,#5586);
#5090=AXIS2_PLACEMENT_3D('',#7603,#5593,#5594);
#5091=AXIS2_PLACEMENT_3D('',#7770,#5605,#5606);
#5092=AXIS2_PLACEMENT_3D('',#8118,#5624,#5625);
#5093=AXIS2_PLACEMENT_3D('',#8119,#5626,#5627);
#5094=AXIS2_PLACEMENT_3D('',#8128,#5632,#5633);
#5095=AXIS2_PLACEMENT_3D('',#8134,#5637,#5638);
#5096=AXIS2_PLACEMENT_3D('',#8140,#5642,#5643);
#5097=AXIS2_PLACEMENT_3D('',#8143,#5646,#5647);
#5098=AXIS2_PLACEMENT_3D('',#8144,#5648,#5649);
#5099=AXIS2_PLACEMENT_3D('',#8291,#5660,#5661);
#5100=AXIS2_PLACEMENT_3D('',#8297,#5665,#5666);
#5101=AXIS2_PLACEMENT_3D('',#8303,#5670,#5671);
#5102=AXIS2_PLACEMENT_3D('',#8309,#5675,#5676);
#5103=AXIS2_PLACEMENT_3D('',#8315,#5680,#5681);
#5104=AXIS2_PLACEMENT_3D('',#8413,#5689,#5690);
#5105=AXIS2_PLACEMENT_3D('',#8419,#5694,#5695);
#5106=AXIS2_PLACEMENT_3D('',#8425,#5699,#5700);
#5107=AXIS2_PLACEMENT_3D('',#8431,#5704,#5705);
#5108=AXIS2_PLACEMENT_3D('',#8434,#5708,#5709);
#5109=AXIS2_PLACEMENT_3D('',#8507,#5714,#5715);
#5110=AXIS2_PLACEMENT_3D('',#8605,#5723,#5724);
#5111=AXIS2_PLACEMENT_3D('',#8818,#5737,#5738);
#5112=AXIS2_PLACEMENT_3D('',#8844,#5742,#5743);
#5113=AXIS2_PLACEMENT_3D('',#8845,#5744,#5745);
#5114=AXIS2_PLACEMENT_3D('',#8848,#5746,#5747);
#5115=AXIS2_PLACEMENT_3D('',#8852,#5749,#5750);
#5116=AXIS2_PLACEMENT_3D('',#8856,#5752,#5753);
#5117=AXIS2_PLACEMENT_3D('',#8860,#5755,#5756);
#5118=AXIS2_PLACEMENT_3D('',#8866,#5759,#5760);
#5119=AXIS2_PLACEMENT_3D('',#8870,#5762,#5763);
#5120=AXIS2_PLACEMENT_3D('',#8874,#5765,#5766);
#5121=AXIS2_PLACEMENT_3D('',#8877,#5768,#5769);
#5122=AXIS2_PLACEMENT_3D('',#8882,#5771,#5772);
#5123=AXIS2_PLACEMENT_3D('',#8886,#5774,#5775);
#5124=AXIS2_PLACEMENT_3D('',#8890,#5777,#5778);
#5125=AXIS2_PLACEMENT_3D('',#8893,#5780,#5781);
#5126=AXIS2_PLACEMENT_3D('',#8898,#5783,#5784);
#5127=AXIS2_PLACEMENT_3D('',#8902,#5786,#5787);
#5128=AXIS2_PLACEMENT_3D('',#8906,#5789,#5790);
#5129=AXIS2_PLACEMENT_3D('',#8909,#5792,#5793);
#5130=AXIS2_PLACEMENT_3D('',#8914,#5795,#5796);
#5131=AXIS2_PLACEMENT_3D('',#8918,#5798,#5799);
#5132=AXIS2_PLACEMENT_3D('',#8922,#5801,#5802);
#5133=AXIS2_PLACEMENT_3D('',#8925,#5804,#5805);
#5134=AXIS2_PLACEMENT_3D('',#8930,#5807,#5808);
#5135=AXIS2_PLACEMENT_3D('',#8934,#5810,#5811);
#5136=AXIS2_PLACEMENT_3D('',#8938,#5813,#5814);
#5137=AXIS2_PLACEMENT_3D('',#8941,#5816,#5817);
#5138=AXIS2_PLACEMENT_3D('',#8946,#5819,#5820);
#5139=AXIS2_PLACEMENT_3D('',#8950,#5822,#5823);
#5140=AXIS2_PLACEMENT_3D('',#8954,#5825,#5826);
#5141=AXIS2_PLACEMENT_3D('',#8957,#5828,#5829);
#5142=AXIS2_PLACEMENT_3D('',#8962,#5831,#5832);
#5143=AXIS2_PLACEMENT_3D('',#8966,#5834,#5835);
#5144=AXIS2_PLACEMENT_3D('',#8970,#5837,#5838);
#5145=AXIS2_PLACEMENT_3D('',#8973,#5840,#5841);
#5146=AXIS2_PLACEMENT_3D('',#8978,#5843,#5844);
#5147=AXIS2_PLACEMENT_3D('',#8982,#5846,#5847);
#5148=AXIS2_PLACEMENT_3D('',#8986,#5849,#5850);
#5149=AXIS2_PLACEMENT_3D('',#8989,#5852,#5853);
#5150=AXIS2_PLACEMENT_3D('',#8994,#5855,#5856);
#5151=AXIS2_PLACEMENT_3D('',#8998,#5858,#5859);
#5152=AXIS2_PLACEMENT_3D('',#9002,#5861,#5862);
#5153=AXIS2_PLACEMENT_3D('',#9005,#5864,#5865);
#5154=AXIS2_PLACEMENT_3D('',#9007,#5866,#5867);
#5155=AXIS2_PLACEMENT_3D('',#9009,#5868,#5869);
#5156=AXIS2_PLACEMENT_3D('',#9019,#5874,#5875);
#5157=AXIS2_PLACEMENT_3D('',#9021,#5876,#5877);
#5158=AXIS2_PLACEMENT_3D('',#9022,#5878,#5879);
#5159=AXIS2_PLACEMENT_3D('',#9023,#5880,#5881);
#5160=AXIS2_PLACEMENT_3D('',#9024,#5882,#5883);
#5161=AXIS2_PLACEMENT_3D('',#9025,#5884,#5885);
#5162=AXIS2_PLACEMENT_3D('',#9028,#5886,#5887);
#5163=AXIS2_PLACEMENT_3D('',#9031,#5890,#5891);
#5164=AXIS2_PLACEMENT_3D('',#9035,#5894,#5895);
#5165=AXIS2_PLACEMENT_3D('',#9036,#5896,#5897);
#5166=AXIS2_PLACEMENT_3D('',#9038,#5898,#5899);
#5167=AXIS2_PLACEMENT_3D('',#9040,#5901,#5902);
#5168=AXIS2_PLACEMENT_3D('',#9044,#5905,#5906);
#5169=AXIS2_PLACEMENT_3D('',#9046,#5907,#5908);
#5170=AXIS2_PLACEMENT_3D('',#9048,#5910,#5911);
#5171=AXIS2_PLACEMENT_3D('',#9052,#5914,#5915);
#5172=AXIS2_PLACEMENT_3D('',#9054,#5916,#5917);
#5173=AXIS2_PLACEMENT_3D('',#9056,#5919,#5920);
#5174=AXIS2_PLACEMENT_3D('',#9062,#5924,#5925);
#5175=AXIS2_PLACEMENT_3D('',#9064,#5926,#5927);
#5176=AXIS2_PLACEMENT_3D('',#9066,#5929,#5930);
#5177=AXIS2_PLACEMENT_3D('',#9070,#5933,#5934);
#5178=AXIS2_PLACEMENT_3D('',#9072,#5935,#5936);
#5179=AXIS2_PLACEMENT_3D('',#9074,#5938,#5939);
#5180=AXIS2_PLACEMENT_3D('',#9078,#5942,#5943);
#5181=AXIS2_PLACEMENT_3D('',#9080,#5944,#5945);
#5182=AXIS2_PLACEMENT_3D('',#9082,#5947,#5948);
#5183=AXIS2_PLACEMENT_3D('',#9086,#5951,#5952);
#5184=AXIS2_PLACEMENT_3D('',#9087,#5953,#5954);
#5185=AXIS2_PLACEMENT_3D('',#9088,#5955,#5956);
#5186=AXIS2_PLACEMENT_3D('',#9094,#5960,#5961);
#5187=AXIS2_PLACEMENT_3D('',#9096,#5962,#5963);
#5188=AXIS2_PLACEMENT_3D('',#9098,#5965,#5966);
#5189=AXIS2_PLACEMENT_3D('',#9102,#5969,#5970);
#5190=AXIS2_PLACEMENT_3D('',#9104,#5971,#5972);
#5191=AXIS2_PLACEMENT_3D('',#9106,#5974,#5975);
#5192=AXIS2_PLACEMENT_3D('',#9110,#5978,#5979);
#5193=AXIS2_PLACEMENT_3D('',#9112,#5980,#5981);
#5194=AXIS2_PLACEMENT_3D('',#9114,#5983,#5984);
#5195=AXIS2_PLACEMENT_3D('',#9118,#5987,#5988);
#5196=AXIS2_PLACEMENT_3D('',#9119,#5989,#5990);
#5197=AXIS2_PLACEMENT_3D('',#9120,#5991,#5992);
#5198=AXIS2_PLACEMENT_3D('',#9126,#5996,#5997);
#5199=AXIS2_PLACEMENT_3D('',#9128,#5998,#5999);
#5200=AXIS2_PLACEMENT_3D('',#9130,#6001,#6002);
#5201=AXIS2_PLACEMENT_3D('',#9134,#6005,#6006);
#5202=AXIS2_PLACEMENT_3D('',#9136,#6007,#6008);
#5203=AXIS2_PLACEMENT_3D('',#9138,#6010,#6011);
#5204=AXIS2_PLACEMENT_3D('',#9142,#6014,#6015);
#5205=AXIS2_PLACEMENT_3D('',#9144,#6016,#6017);
#5206=AXIS2_PLACEMENT_3D('',#9146,#6019,#6020);
#5207=AXIS2_PLACEMENT_3D('',#9150,#6023,#6024);
#5208=AXIS2_PLACEMENT_3D('',#9151,#6025,#6026);
#5209=AXIS2_PLACEMENT_3D('',#9152,#6027,#6028);
#5210=AXIS2_PLACEMENT_3D('',#9158,#6032,#6033);
#5211=AXIS2_PLACEMENT_3D('',#9160,#6034,#6035);
#5212=AXIS2_PLACEMENT_3D('',#9162,#6037,#6038);
#5213=AXIS2_PLACEMENT_3D('',#9166,#6041,#6042);
#5214=AXIS2_PLACEMENT_3D('',#9168,#6043,#6044);
#5215=AXIS2_PLACEMENT_3D('',#9170,#6046,#6047);
#5216=AXIS2_PLACEMENT_3D('',#9174,#6050,#6051);
#5217=AXIS2_PLACEMENT_3D('',#9176,#6052,#6053);
#5218=AXIS2_PLACEMENT_3D('',#9178,#6055,#6056);
#5219=AXIS2_PLACEMENT_3D('',#9182,#6059,#6060);
#5220=AXIS2_PLACEMENT_3D('',#9183,#6061,#6062);
#5221=AXIS2_PLACEMENT_3D('',#9184,#6063,#6064);
#5222=AXIS2_PLACEMENT_3D('',#9190,#6068,#6069);
#5223=AXIS2_PLACEMENT_3D('',#9192,#6070,#6071);
#5224=AXIS2_PLACEMENT_3D('',#9194,#6073,#6074);
#5225=AXIS2_PLACEMENT_3D('',#9198,#6077,#6078);
#5226=AXIS2_PLACEMENT_3D('',#9200,#6079,#6080);
#5227=AXIS2_PLACEMENT_3D('',#9202,#6082,#6083);
#5228=AXIS2_PLACEMENT_3D('',#9206,#6086,#6087);
#5229=AXIS2_PLACEMENT_3D('',#9208,#6088,#6089);
#5230=AXIS2_PLACEMENT_3D('',#9210,#6091,#6092);
#5231=AXIS2_PLACEMENT_3D('',#9214,#6095,#6096);
#5232=AXIS2_PLACEMENT_3D('',#9215,#6097,#6098);
#5233=AXIS2_PLACEMENT_3D('',#9216,#6099,#6100);
#5234=AXIS2_PLACEMENT_3D('',#9222,#6104,#6105);
#5235=AXIS2_PLACEMENT_3D('',#9224,#6106,#6107);
#5236=AXIS2_PLACEMENT_3D('',#9226,#6109,#6110);
#5237=AXIS2_PLACEMENT_3D('',#9230,#6113,#6114);
#5238=AXIS2_PLACEMENT_3D('',#9232,#6115,#6116);
#5239=AXIS2_PLACEMENT_3D('',#9234,#6118,#6119);
#5240=AXIS2_PLACEMENT_3D('',#9238,#6122,#6123);
#5241=AXIS2_PLACEMENT_3D('',#9240,#6124,#6125);
#5242=AXIS2_PLACEMENT_3D('',#9242,#6127,#6128);
#5243=AXIS2_PLACEMENT_3D('',#9246,#6131,#6132);
#5244=AXIS2_PLACEMENT_3D('',#9247,#6133,#6134);
#5245=AXIS2_PLACEMENT_3D('',#9248,#6135,#6136);
#5246=AXIS2_PLACEMENT_3D('',#9254,#6140,#6141);
#5247=AXIS2_PLACEMENT_3D('',#9256,#6142,#6143);
#5248=AXIS2_PLACEMENT_3D('',#9258,#6145,#6146);
#5249=AXIS2_PLACEMENT_3D('',#9262,#6149,#6150);
#5250=AXIS2_PLACEMENT_3D('',#9264,#6151,#6152);
#5251=AXIS2_PLACEMENT_3D('',#9266,#6154,#6155);
#5252=AXIS2_PLACEMENT_3D('',#9270,#6158,#6159);
#5253=AXIS2_PLACEMENT_3D('',#9272,#6160,#6161);
#5254=AXIS2_PLACEMENT_3D('',#9274,#6163,#6164);
#5255=AXIS2_PLACEMENT_3D('',#9278,#6167,#6168);
#5256=AXIS2_PLACEMENT_3D('',#9279,#6169,#6170);
#5257=AXIS2_PLACEMENT_3D('',#9280,#6171,#6172);
#5258=AXIS2_PLACEMENT_3D('',#9286,#6176,#6177);
#5259=AXIS2_PLACEMENT_3D('',#9288,#6178,#6179);
#5260=AXIS2_PLACEMENT_3D('',#9290,#6181,#6182);
#5261=AXIS2_PLACEMENT_3D('',#9294,#6185,#6186);
#5262=AXIS2_PLACEMENT_3D('',#9296,#6187,#6188);
#5263=AXIS2_PLACEMENT_3D('',#9298,#6190,#6191);
#5264=AXIS2_PLACEMENT_3D('',#9302,#6194,#6195);
#5265=AXIS2_PLACEMENT_3D('',#9304,#6196,#6197);
#5266=AXIS2_PLACEMENT_3D('',#9306,#6199,#6200);
#5267=AXIS2_PLACEMENT_3D('',#9310,#6203,#6204);
#5268=AXIS2_PLACEMENT_3D('',#9311,#6205,#6206);
#5269=AXIS2_PLACEMENT_3D('',#9312,#6207,#6208);
#5270=AXIS2_PLACEMENT_3D('',#9318,#6212,#6213);
#5271=AXIS2_PLACEMENT_3D('',#9320,#6214,#6215);
#5272=AXIS2_PLACEMENT_3D('',#9322,#6217,#6218);
#5273=AXIS2_PLACEMENT_3D('',#9326,#6221,#6222);
#5274=AXIS2_PLACEMENT_3D('',#9328,#6223,#6224);
#5275=AXIS2_PLACEMENT_3D('',#9330,#6226,#6227);
#5276=AXIS2_PLACEMENT_3D('',#9334,#6230,#6231);
#5277=AXIS2_PLACEMENT_3D('',#9336,#6232,#6233);
#5278=AXIS2_PLACEMENT_3D('',#9338,#6235,#6236);
#5279=AXIS2_PLACEMENT_3D('',#9342,#6239,#6240);
#5280=AXIS2_PLACEMENT_3D('',#9343,#6241,#6242);
#5281=AXIS2_PLACEMENT_3D('',#9344,#6243,#6244);
#5282=AXIS2_PLACEMENT_3D('',#9346,#6245,#6246);
#5283=AXIS2_PLACEMENT_3D('',#9348,#6248,#6249);
#5284=AXIS2_PLACEMENT_3D('',#9350,#6250,#6251);
#5285=AXIS2_PLACEMENT_3D('',#9352,#6253,#6254);
#5286=AXIS2_PLACEMENT_3D('',#9358,#6258,#6259);
#5287=AXIS2_PLACEMENT_3D('',#9362,#6262,#6263);
#5288=AXIS2_PLACEMENT_3D('',#9366,#6266,#6267);
#5289=AXIS2_PLACEMENT_3D('',#9368,#6269,#6270);
#5290=AXIS2_PLACEMENT_3D('',#9370,#6271,#6272);
#5291=AXIS2_PLACEMENT_3D('',#9372,#6274,#6275);
#5292=AXIS2_PLACEMENT_3D('',#9374,#6276,#6277);
#5293=AXIS2_PLACEMENT_3D('',#9376,#6279,#6280);
#5294=AXIS2_PLACEMENT_3D('',#9378,#6282,#6283);
#5295=AXIS2_PLACEMENT_3D('',#9379,#6284,#6285);
#5296=AXIS2_PLACEMENT_3D('',#9380,#6286,#6287);
#5297=AXIS2_PLACEMENT_3D('',#9381,#6288,#6289);
#5298=DIRECTION('axis',(0.,0.,1.));
#5299=DIRECTION('refdir',(1.,0.,0.));
#5300=DIRECTION('axis',(0.,0.,1.));
#5301=DIRECTION('refdir',(1.,0.,0.));
#5302=DIRECTION('center_axis',(0.,0.,1.));
#5303=DIRECTION('ref_axis',(0.707106781186547,-0.707106781186547,0.));
#5304=DIRECTION('center_axis',(0.,0.,-1.));
#5305=DIRECTION('ref_axis',(0.707106781186547,-0.707106781186547,0.));
#5306=DIRECTION('',(0.,0.,-1.));
#5307=DIRECTION('center_axis',(0.,0.,1.));
#5308=DIRECTION('ref_axis',(0.707106781186547,-0.707106781186547,0.));
#5309=DIRECTION('',(0.,0.,1.));
#5310=DIRECTION('center_axis',(0.,-1.,0.));
#5311=DIRECTION('ref_axis',(1.,0.,0.));
#5312=DIRECTION('',(1.,0.,0.));
#5313=DIRECTION('',(0.,0.,1.));
#5314=DIRECTION('',(-1.,0.,0.));
#5315=DIRECTION('center_axis',(0.,0.,1.));
#5316=DIRECTION('ref_axis',(1.,0.,0.));
#5317=DIRECTION('',(0.,1.,0.));
#5318=DIRECTION('center_axis',(0.,0.,-1.));
#5319=DIRECTION('ref_axis',(0.707106781186547,0.707106781186547,0.));
#5320=DIRECTION('',(-1.,0.,0.));
#5321=DIRECTION('',(0.,-1.,0.));
#5322=DIRECTION('',(1.,0.,0.));
#5323=DIRECTION('',(0.,-1.,0.));
#5324=DIRECTION('',(-1.,0.,0.));
#5325=DIRECTION('',(0.,1.,0.));
#5326=DIRECTION('',(1.,0.,0.));
#5327=DIRECTION('',(0.,1.,0.));
#5328=DIRECTION('',(-1.,0.,0.));
#5329=DIRECTION('center_axis',(0.,0.,-1.));
#5330=DIRECTION('ref_axis',(-0.707106781186547,0.707106781186547,0.));
#5331=DIRECTION('',(0.,-1.,0.));
#5332=DIRECTION('center_axis',(0.,0.,-1.));
#5333=DIRECTION('ref_axis',(-0.707106781186547,-0.707106781186547,0.));
#5334=DIRECTION('center_axis',(0.,0.,-1.));
#5335=DIRECTION('ref_axis',(1.,0.,0.));
#5336=DIRECTION('center_axis',(0.,0.,-1.));
#5337=DIRECTION('ref_axis',(1.,0.,0.));
#5338=DIRECTION('center_axis',(0.,0.,-1.));
#5339=DIRECTION('ref_axis',(1.,0.,0.));
#5340=DIRECTION('center_axis',(0.,0.,-1.));
#5341=DIRECTION('ref_axis',(1.,0.,0.));
#5342=DIRECTION('center_axis',(0.,0.,1.));
#5343=DIRECTION('ref_axis',(-0.707106781186547,-0.707106781186547,0.));
#5344=DIRECTION('',(0.,0.,-1.));
#5345=DIRECTION('center_axis',(0.,0.,1.));
#5346=DIRECTION('ref_axis',(-0.707106781186547,-0.707106781186547,0.));
#5347=DIRECTION('center_axis',(-1.,0.,0.));
#5348=DIRECTION('ref_axis',(0.,-1.,0.));
#5349=DIRECTION('',(0.,0.,1.));
#5350=DIRECTION('',(0.,1.,0.));
#5351=DIRECTION('center_axis',(0.,0.,1.));
#5352=DIRECTION('ref_axis',(-0.707106781186547,0.707106781186547,0.));
#5353=DIRECTION('',(0.,0.,-1.));
#5354=DIRECTION('center_axis',(0.,0.,1.));
#5355=DIRECTION('ref_axis',(-0.707106781186547,0.707106781186547,0.));
#5356=DIRECTION('center_axis',(0.,1.,0.));
#5357=DIRECTION('ref_axis',(-1.,0.,0.));
#5358=DIRECTION('',(0.,0.,-1.));
#5359=DIRECTION('',(1.,0.,0.));
#5360=DIRECTION('',(0.,0.,1.));
#5361=DIRECTION('',(0.,0.,1.));
#5362=DIRECTION('',(1.,0.,0.));
#5363=DIRECTION('center_axis',(0.,0.,1.));
#5364=DIRECTION('ref_axis',(0.707106781186547,0.707106781186547,0.));
#5365=DIRECTION('',(0.,0.,-1.));
#5366=DIRECTION('center_axis',(0.,0.,1.));
#5367=DIRECTION('ref_axis',(0.707106781186547,0.707106781186547,0.));
#5368=DIRECTION('center_axis',(1.,0.,0.));
#5369=DIRECTION('ref_axis',(0.,1.,0.));
#5370=DIRECTION('',(0.,-1.,0.));
#5371=DIRECTION('center_axis',(1.,0.,0.));
#5372=DIRECTION('ref_axis',(0.,-1.,0.));
#5373=DIRECTION('',(0.,-1.,0.));
#5374=DIRECTION('',(0.,0.,-1.));
#5375=DIRECTION('center_axis',(-1.,0.,0.));
#5376=DIRECTION('ref_axis',(0.,1.,0.));
#5377=DIRECTION('',(0.,0.,1.));
#5378=DIRECTION('',(0.,1.,0.));
#5379=DIRECTION('center_axis',(0.,0.,-1.));
#5380=DIRECTION('ref_axis',(-1.,0.,0.));
#5381=DIRECTION('',(-1.,0.,0.));
#5382=DIRECTION('center_axis',(0.,-1.,0.));
#5383=DIRECTION('ref_axis',(1.,0.,0.));
#5384=DIRECTION('',(0.,0.,1.));
#5385=DIRECTION('',(1.,0.,0.));
#5386=DIRECTION('',(0.,0.,1.));
#5387=DIRECTION('center_axis',(0.,0.,1.));
#5388=DIRECTION('ref_axis',(1.,0.,0.));
#5389=DIRECTION('',(0.,-1.,0.));
#5390=DIRECTION('',(0.,1.,0.));
#5391=DIRECTION('',(-1.,0.,0.));
#5392=DIRECTION('center_axis',(1.,0.,0.));
#5393=DIRECTION('ref_axis',(0.,1.,0.));
#5394=DIRECTION('',(0.,0.,1.));
#5395=DIRECTION('center_axis',(0.,0.,1.));
#5396=DIRECTION('ref_axis',(1.,0.,0.));
#5397=DIRECTION('center_axis',(0.,0.,1.));
#5398=DIRECTION('ref_axis',(1.,0.,0.));
#5399=DIRECTION('',(0.,0.,-1.));
#5400=DIRECTION('center_axis',(0.,0.,1.));
#5401=DIRECTION('ref_axis',(1.,0.,0.));
#5402=DIRECTION('center_axis',(0.,0.,1.));
#5403=DIRECTION('ref_axis',(1.,0.,0.));
#5404=DIRECTION('center_axis',(0.,0.,1.));
#5405=DIRECTION('ref_axis',(1.,0.,0.));
#5406=DIRECTION('',(0.,0.,-1.));
#5407=DIRECTION('center_axis',(0.,0.,1.));
#5408=DIRECTION('ref_axis',(1.,0.,0.));
#5409=DIRECTION('center_axis',(0.,0.,1.));
#5410=DIRECTION('ref_axis',(1.,0.,0.));
#5411=DIRECTION('center_axis',(0.,0.,1.));
#5412=DIRECTION('ref_axis',(1.,0.,0.));
#5413=DIRECTION('',(0.,0.,-1.));
#5414=DIRECTION('center_axis',(0.,0.,1.));
#5415=DIRECTION('ref_axis',(1.,0.,0.));
#5416=DIRECTION('center_axis',(0.,0.,1.));
#5417=DIRECTION('ref_axis',(1.,0.,0.));
#5418=DIRECTION('center_axis',(0.,0.,1.));
#5419=DIRECTION('ref_axis',(1.,0.,0.));
#5420=DIRECTION('',(0.,0.,-1.));
#5421=DIRECTION('center_axis',(0.,0.,1.));
#5422=DIRECTION('ref_axis',(1.,0.,0.));
#5423=DIRECTION('center_axis',(-1.,0.,0.));
#5424=DIRECTION('ref_axis',(0.,-1.,0.));
#5425=DIRECTION('',(0.,0.,1.));
#5426=DIRECTION('center_axis',(0.,1.,0.));
#5427=DIRECTION('ref_axis',(-1.,0.,0.));
#5428=DIRECTION('center_axis',(0.,0.,1.));
#5429=DIRECTION('ref_axis',(1.,0.,0.));
#5430=DIRECTION('center_axis',(0.,0.,1.));
#5431=DIRECTION('ref_axis',(1.,0.,0.));
#5432=DIRECTION('',(0.,0.,-1.));
#5433=DIRECTION('center_axis',(0.,0.,-1.));
#5434=DIRECTION('ref_axis',(1.,0.,0.));
#5435=DIRECTION('center_axis',(0.,0.,1.));
#5436=DIRECTION('ref_axis',(1.,0.,0.));
#5437=DIRECTION('center_axis',(0.,0.,1.));
#5438=DIRECTION('ref_axis',(1.,0.,0.));
#5439=DIRECTION('',(0.,0.,-1.));
#5440=DIRECTION('center_axis',(0.,0.,-1.));
#5441=DIRECTION('ref_axis',(1.,0.,0.));
#5442=DIRECTION('center_axis',(0.,0.,1.));
#5443=DIRECTION('ref_axis',(1.,0.,0.));
#5444=DIRECTION('center_axis',(0.,0.,1.));
#5445=DIRECTION('ref_axis',(1.,0.,0.));
#5446=DIRECTION('',(0.,0.,-1.));
#5447=DIRECTION('center_axis',(0.,0.,-1.));
#5448=DIRECTION('ref_axis',(1.,0.,0.));
#5449=DIRECTION('center_axis',(0.,0.,1.));
#5450=DIRECTION('ref_axis',(1.,0.,0.));
#5451=DIRECTION('center_axis',(0.,0.,1.));
#5452=DIRECTION('ref_axis',(1.,0.,0.));
#5453=DIRECTION('',(0.,0.,-1.));
#5454=DIRECTION('center_axis',(0.,0.,-1.));
#5455=DIRECTION('ref_axis',(1.,0.,0.));
#5456=DIRECTION('center_axis',(0.,0.,1.));
#5457=DIRECTION('ref_axis',(1.,0.,0.));
#5458=DIRECTION('axis',(0.,0.,1.));
#5459=DIRECTION('refdir',(1.,0.,0.));
#5460=DIRECTION('center_axis',(-1.,0.,0.));
#5461=DIRECTION('ref_axis',(0.,-1.,0.));
#5462=DIRECTION('',(0.,-1.,0.));
#5463=DIRECTION('',(0.,0.,1.));
#5464=DIRECTION('',(0.,-1.,0.));
#5465=DIRECTION('',(0.,0.,1.));
#5466=DIRECTION('center_axis',(0.,1.,0.));
#5467=DIRECTION('ref_axis',(-1.,0.,0.));
#5468=DIRECTION('',(-1.,0.,0.));
#5469=DIRECTION('',(0.,0.,1.));
#5470=DIRECTION('',(-1.,0.,0.));
#5471=DIRECTION('center_axis',(1.,0.,0.));
#5472=DIRECTION('ref_axis',(0.,1.,0.));
#5473=DIRECTION('',(0.,1.,0.));
#5474=DIRECTION('',(0.,0.,1.));
#5475=DIRECTION('',(0.,1.,0.));
#5476=DIRECTION('center_axis',(0.,-1.,0.));
#5477=DIRECTION('ref_axis',(1.,0.,0.));
#5478=DIRECTION('',(1.,0.,0.));
#5479=DIRECTION('',(1.,0.,0.));
#5480=DIRECTION('center_axis',(0.,0.,1.));
#5481=DIRECTION('ref_axis',(1.,0.,0.));
#5482=DIRECTION('',(0.,0.,1.));
#5483=DIRECTION('',(0.,0.,1.));
#5484=DIRECTION('',(0.,0.,1.));
#5485=DIRECTION('',(0.,0.,1.));
#5486=DIRECTION('',(0.,0.,1.));
#5487=DIRECTION('',(0.,0.,1.));
#5488=DIRECTION('',(0.,0.,1.));
#5489=DIRECTION('',(0.,0.,1.));
#5490=DIRECTION('center_axis',(-1.,0.,0.));
#5491=DIRECTION('ref_axis',(0.,-1.,0.));
#5492=DIRECTION('',(0.,-1.,0.));
#5493=DIRECTION('',(0.,0.,1.));
#5494=DIRECTION('',(0.,-1.,0.));
#5495=DIRECTION('',(0.,0.,1.));
#5496=DIRECTION('center_axis',(0.,1.,0.));
#5497=DIRECTION('ref_axis',(-1.,0.,0.));
#5498=DIRECTION('',(-1.,0.,0.));
#5499=DIRECTION('',(0.,0.,1.));
#5500=DIRECTION('',(-1.,0.,0.));
#5501=DIRECTION('center_axis',(1.,0.,0.));
#5502=DIRECTION('ref_axis',(0.,1.,0.));
#5503=DIRECTION('',(0.,1.,0.));
#5504=DIRECTION('',(0.,0.,1.));
#5505=DIRECTION('',(0.,1.,0.));
#5506=DIRECTION('',(0.,0.,1.));
#5507=DIRECTION('',(0.,0.,1.));
#5508=DIRECTION('',(0.,0.,1.));
#5509=DIRECTION('',(0.,0.,1.));
#5510=DIRECTION('',(0.,0.,1.));
#5511=DIRECTION('',(0.,0.,1.));
#5512=DIRECTION('',(0.,0.,1.));
#5513=DIRECTION('',(0.,0.,1.));
#5514=DIRECTION('',(0.,0.,1.));
#5515=DIRECTION('center_axis',(1.,0.,0.));
#5516=DIRECTION('ref_axis',(0.,1.,0.));
#5517=DIRECTION('',(0.,1.,0.));
#5518=DIRECTION('',(0.,0.,1.));
#5519=DIRECTION('',(0.,1.,0.));
#5520=DIRECTION('center_axis',(0.,-1.,0.));
#5521=DIRECTION('ref_axis',(1.,0.,0.));
#5522=DIRECTION('',(1.,0.,0.));
#5523=DIRECTION('',(1.,0.,0.));
#5524=DIRECTION('center_axis',(0.,0.,-1.));
#5525=DIRECTION('ref_axis',(1.,0.,0.));
#5526=DIRECTION('',(0.,0.,1.));
#5527=DIRECTION('',(0.,0.,1.));
#5528=DIRECTION('',(0.,0.,1.));
#5529=DIRECTION('',(0.,0.,1.));
#5530=DIRECTION('',(0.,0.,1.));
#5531=DIRECTION('',(0.,0.,1.));
#5532=DIRECTION('',(0.,0.,1.));
#5533=DIRECTION('',(0.,0.,1.));
#5534=DIRECTION('center_axis',(-1.,0.,0.));
#5535=DIRECTION('ref_axis',(0.,-1.,0.));
#5536=DIRECTION('',(0.,-1.,0.));
#5537=DIRECTION('',(0.,0.,1.));
#5538=DIRECTION('',(0.,-1.,0.));
#5539=DIRECTION('',(0.,0.,1.));
#5540=DIRECTION('',(0.,0.,1.));
#5541=DIRECTION('',(0.,0.,1.));
#5542=DIRECTION('',(0.,0.,1.));
#5543=DIRECTION('',(0.,0.,1.));
#5544=DIRECTION('',(0.,0.,1.));
#5545=DIRECTION('',(0.,0.,1.));
#5546=DIRECTION('',(0.,0.,1.));
#5547=DIRECTION('',(0.,0.,1.));
#5548=DIRECTION('',(0.,0.,1.));
#5549=DIRECTION('',(0.,0.,1.));
#5550=DIRECTION('center_axis',(-1.,0.,0.));
#5551=DIRECTION('ref_axis',(0.,-1.,0.));
#5552=DIRECTION('',(0.,-1.,0.));
#5553=DIRECTION('',(0.,0.,1.));
#5554=DIRECTION('',(0.,-1.,0.));
#5555=DIRECTION('center_axis',(0.,1.,0.));
#5556=DIRECTION('ref_axis',(-1.,0.,0.));
#5557=DIRECTION('',(-1.,0.,0.));
#5558=DIRECTION('',(0.,0.,1.));
#5559=DIRECTION('',(-1.,0.,0.));
#5560=DIRECTION('center_axis',(1.,0.,0.));
#5561=DIRECTION('ref_axis',(0.,1.,0.));
#5562=DIRECTION('',(0.,1.,0.));
#5563=DIRECTION('',(0.,0.,1.));
#5564=DIRECTION('',(0.,1.,0.));
#5565=DIRECTION('center_axis',(0.,-1.,0.));
#5566=DIRECTION('ref_axis',(1.,0.,0.));
#5567=DIRECTION('',(1.,0.,0.));
#5568=DIRECTION('',(1.,0.,0.));
#5569=DIRECTION('center_axis',(0.,0.,-1.));
#5570=DIRECTION('ref_axis',(1.,0.,0.));
#5571=DIRECTION('',(0.,0.,1.));
#5572=DIRECTION('',(0.,0.,1.));
#5573=DIRECTION('',(0.,0.,1.));
#5574=DIRECTION('',(0.,0.,1.));
#5575=DIRECTION('',(0.,0.,1.));
#5576=DIRECTION('',(0.,0.,1.));
#5577=DIRECTION('',(0.,0.,1.));
#5578=DIRECTION('',(0.,0.,1.));
#5579=DIRECTION('',(0.,0.,1.));
#5580=DIRECTION('',(0.,0.,1.));
#5581=DIRECTION('center_axis',(1.,0.,0.));
#5582=DIRECTION('ref_axis',(0.,1.,0.));
#5583=DIRECTION('',(0.,1.,0.));
#5584=DIRECTION('',(0.,1.,0.));
#5585=DIRECTION('center_axis',(0.,-1.,0.));
#5586=DIRECTION('ref_axis',(1.,0.,0.));
#5587=DIRECTION('',(1.,0.,0.));
#5588=DIRECTION('',(0.,0.,1.));
#5589=DIRECTION('',(1.,0.,0.));
#5590=DIRECTION('',(0.,0.,1.));
#5591=DIRECTION('',(0.,0.,1.));
#5592=DIRECTION('',(0.,0.,1.));
#5593=DIRECTION('center_axis',(-1.,0.,0.));
#5594=DIRECTION('ref_axis',(0.,-1.,0.));
#5595=DIRECTION('',(0.,-1.,0.));
#5596=DIRECTION('',(0.,0.,1.));
#5597=DIRECTION('',(0.,-1.,0.));
#5598=DIRECTION('',(0.,0.,1.));
#5599=DIRECTION('',(0.,0.,1.));
#5600=DIRECTION('',(0.,0.,1.));
#5601=DIRECTION('',(0.,0.,1.));
#5602=DIRECTION('',(0.,0.,1.));
#5603=DIRECTION('',(0.,0.,1.));
#5604=DIRECTION('',(0.,0.,1.));
#5605=DIRECTION('center_axis',(0.135113248637577,-0.990830162057353,0.));
#5606=DIRECTION('ref_axis',(0.990830162057353,0.135113248637577,0.));
#5607=DIRECTION('',(0.990830162057353,0.135113248637577,0.));
#5608=DIRECTION('',(0.,0.,1.));
#5609=DIRECTION('',(0.990830162057353,0.135113248637577,0.));
#5610=DIRECTION('',(0.,0.,1.));
#5611=DIRECTION('',(0.,0.,1.));
#5612=DIRECTION('',(0.,0.,1.));
#5613=DIRECTION('',(0.,0.,1.));
#5614=DIRECTION('',(0.,0.,1.));
#5615=DIRECTION('',(0.,0.,1.));
#5616=DIRECTION('',(0.,0.,1.));
#5617=DIRECTION('',(0.,0.,1.));
#5618=DIRECTION('',(0.,0.,1.));
#5619=DIRECTION('',(0.,0.,1.));
#5620=DIRECTION('',(0.,0.,1.));
#5621=DIRECTION('',(0.,0.,1.));
#5622=DIRECTION('',(0.,0.,1.));
#5623=DIRECTION('',(0.,0.,1.));
#5624=DIRECTION('center_axis',(0.,0.,-1.));
#5625=DIRECTION('ref_axis',(1.,0.,0.));
#5626=DIRECTION('center_axis',(-1.,0.,0.));
#5627=DIRECTION('ref_axis',(0.,-1.,0.));
#5628=DIRECTION('',(0.,-1.,0.));
#5629=DIRECTION('',(0.,0.,1.));
#5630=DIRECTION('',(0.,-1.,0.));
#5631=DIRECTION('',(0.,0.,1.));
#5632=DIRECTION('center_axis',(0.,1.,0.));
#5633=DIRECTION('ref_axis',(-1.,0.,0.));
#5634=DIRECTION('',(-1.,0.,0.));
#5635=DIRECTION('',(0.,0.,1.));
#5636=DIRECTION('',(-1.,0.,0.));
#5637=DIRECTION('center_axis',(1.,0.,0.));
#5638=DIRECTION('ref_axis',(0.,1.,0.));
#5639=DIRECTION('',(0.,1.,0.));
#5640=DIRECTION('',(0.,0.,1.));
#5641=DIRECTION('',(0.,1.,0.));
#5642=DIRECTION('center_axis',(0.,-1.,0.));
#5643=DIRECTION('ref_axis',(1.,0.,0.));
#5644=DIRECTION('',(1.,0.,0.));
#5645=DIRECTION('',(1.,0.,0.));
#5646=DIRECTION('center_axis',(0.,0.,1.));
#5647=DIRECTION('ref_axis',(1.,0.,0.));
#5648=DIRECTION('center_axis',(1.,0.,0.));
#5649=DIRECTION('ref_axis',(0.,1.,0.));
#5650=DIRECTION('',(0.,1.,0.));
#5651=DIRECTION('',(0.,0.,1.));
#5652=DIRECTION('',(0.,1.,0.));
#5653=DIRECTION('',(0.,0.,1.));
#5654=DIRECTION('',(0.,0.,1.));
#5655=DIRECTION('',(0.,0.,1.));
#5656=DIRECTION('',(0.,0.,1.));
#5657=DIRECTION('',(0.,0.,1.));
#5658=DIRECTION('',(0.,0.,1.));
#5659=DIRECTION('',(0.,0.,1.));
#5660=DIRECTION('center_axis',(-1.,0.,0.));
#5661=DIRECTION('ref_axis',(0.,-1.,0.));
#5662=DIRECTION('',(0.,-1.,0.));
#5663=DIRECTION('',(0.,0.,1.));
#5664=DIRECTION('',(0.,-1.,0.));
#5665=DIRECTION('center_axis',(0.,1.,0.));
#5666=DIRECTION('ref_axis',(-1.,0.,0.));
#5667=DIRECTION('',(-1.,0.,0.));
#5668=DIRECTION('',(0.,0.,1.));
#5669=DIRECTION('',(-1.,0.,0.));
#5670=DIRECTION('center_axis',(1.,0.,0.));
#5671=DIRECTION('ref_axis',(0.,1.,0.));
#5672=DIRECTION('',(0.,1.,0.));
#5673=DIRECTION('',(0.,0.,1.));
#5674=DIRECTION('',(0.,1.,0.));
#5675=DIRECTION('center_axis',(0.,-1.,0.));
#5676=DIRECTION('ref_axis',(1.,0.,0.));
#5677=DIRECTION('',(1.,0.,0.));
#5678=DIRECTION('',(0.,0.,1.));
#5679=DIRECTION('',(1.,0.,0.));
#5680=DIRECTION('center_axis',(-1.,0.,0.));
#5681=DIRECTION('ref_axis',(0.,-1.,0.));
#5682=DIRECTION('',(0.,-1.,0.));
#5683=DIRECTION('',(0.,0.,1.));
#5684=DIRECTION('',(0.,-1.,0.));
#5685=DIRECTION('',(0.,0.,1.));
#5686=DIRECTION('',(0.,0.,1.));
#5687=DIRECTION('',(0.,0.,1.));
#5688=DIRECTION('',(0.,0.,1.));
#5689=DIRECTION('center_axis',(1.,0.,0.));
#5690=DIRECTION('ref_axis',(0.,1.,0.));
#5691=DIRECTION('',(0.,1.,0.));
#5692=DIRECTION('',(0.,0.,1.));
#5693=DIRECTION('',(0.,1.,0.));
#5694=DIRECTION('center_axis',(0.,-1.,0.));
#5695=DIRECTION('ref_axis',(1.,0.,0.));
#5696=DIRECTION('',(1.,0.,0.));
#5697=DIRECTION('',(0.,0.,1.));
#5698=DIRECTION('',(1.,0.,0.));
#5699=DIRECTION('center_axis',(-1.,0.,0.));
#5700=DIRECTION('ref_axis',(0.,-1.,0.));
#5701=DIRECTION('',(0.,-1.,0.));
#5702=DIRECTION('',(0.,0.,1.));
#5703=DIRECTION('',(0.,-1.,0.));
#5704=DIRECTION('center_axis',(0.,1.,0.));
#5705=DIRECTION('ref_axis',(-1.,0.,0.));
#5706=DIRECTION('',(-1.,0.,0.));
#5707=DIRECTION('',(-1.,0.,0.));
#5708=DIRECTION('center_axis',(0.,0.,-1.));
#5709=DIRECTION('ref_axis',(1.,0.,0.));
#5710=DIRECTION('',(0.,0.,1.));
#5711=DIRECTION('',(0.,0.,1.));
#5712=DIRECTION('',(0.,0.,1.));
#5713=DIRECTION('',(0.,0.,1.));
#5714=DIRECTION('center_axis',(0.,1.,0.));
#5715=DIRECTION('ref_axis',(-1.,0.,0.));
#5716=DIRECTION('',(-1.,0.,0.));
#5717=DIRECTION('',(0.,0.,1.));
#5718=DIRECTION('',(-1.,0.,0.));
#5719=DIRECTION('',(0.,0.,1.));
#5720=DIRECTION('',(0.,0.,1.));
#5721=DIRECTION('',(0.,0.,1.));
#5722=DIRECTION('',(0.,0.,1.));
#5723=DIRECTION('center_axis',(0.,-1.,0.));
#5724=DIRECTION('ref_axis',(1.,0.,0.));
#5725=DIRECTION('',(1.,0.,0.));
#5726=DIRECTION('',(0.,0.,1.));
#5727=DIRECTION('',(1.,0.,0.));
#5728=DIRECTION('',(0.,0.,1.));
#5729=DIRECTION('',(0.,0.,1.));
#5730=DIRECTION('',(0.,0.,1.));
#5731=DIRECTION('',(0.,0.,1.));
#5732=DIRECTION('',(0.,0.,1.));
#5733=DIRECTION('',(0.,0.,1.));
#5734=DIRECTION('',(0.,0.,1.));
#5735=DIRECTION('',(0.,0.,1.));
#5736=DIRECTION('',(0.,0.,1.));
#5737=DIRECTION('center_axis',(-0.122721762245781,0.992441116173292,0.));
#5738=DIRECTION('ref_axis',(-0.992441116173292,-0.122721762245781,0.));
#5739=DIRECTION('',(-0.992441116173292,-0.122721762245781,0.));
#5740=DIRECTION('',(0.,0.,1.));
#5741=DIRECTION('',(-0.992441116173292,-0.122721762245781,0.));
#5742=DIRECTION('center_axis',(0.,0.,-1.));
#5743=DIRECTION('ref_axis',(1.,0.,0.));
#5744=DIRECTION('center_axis',(0.,0.,1.));
#5745=DIRECTION('ref_axis',(1.,0.,0.));
#5746=DIRECTION('center_axis',(0.,0.,1.));
#5747=DIRECTION('ref_axis',(0.707106781186547,0.707106781186547,0.));
#5748=DIRECTION('',(0.,-1.,0.));
#5749=DIRECTION('center_axis',(0.,0.,1.));
#5750=DIRECTION('ref_axis',(0.707106781186547,-0.707106781186547,0.));
#5751=DIRECTION('',(-1.,0.,0.));
#5752=DIRECTION('center_axis',(0.,0.,1.));
#5753=DIRECTION('ref_axis',(-0.707106781186547,-0.707106781186547,0.));
#5754=DIRECTION('',(0.,1.,0.));
#5755=DIRECTION('center_axis',(0.,0.,1.));
#5756=DIRECTION('ref_axis',(-0.707106781186547,0.707106781186548,0.));
#5757=DIRECTION('',(1.,0.,0.));
#5758=DIRECTION('',(-1.,0.,0.));
#5759=DIRECTION('center_axis',(0.,0.,1.));
#5760=DIRECTION('ref_axis',(0.,1.,0.));
#5761=DIRECTION('',(0.,-1.,0.));
#5762=DIRECTION('center_axis',(0.,0.,1.));
#5763=DIRECTION('ref_axis',(-1.,0.,0.));
#5764=DIRECTION('',(1.,0.,0.));
#5765=DIRECTION('center_axis',(0.,0.,1.));
#5766=DIRECTION('ref_axis',(0.,-1.,0.));
#5767=DIRECTION('',(0.,1.,0.));
#5768=DIRECTION('center_axis',(0.,0.,1.));
#5769=DIRECTION('ref_axis',(1.,0.,0.));
#5770=DIRECTION('',(-1.,0.,0.));
#5771=DIRECTION('center_axis',(0.,0.,1.));
#5772=DIRECTION('ref_axis',(0.,1.,0.));
#5773=DIRECTION('',(0.,-1.,0.));
#5774=DIRECTION('center_axis',(0.,0.,1.));
#5775=DIRECTION('ref_axis',(-1.,0.,0.));
#5776=DIRECTION('',(1.,0.,0.));
#5777=DIRECTION('center_axis',(0.,0.,1.));
#5778=DIRECTION('ref_axis',(0.,-1.,0.));
#5779=DIRECTION('',(0.,1.,0.));
#5780=DIRECTION('center_axis',(0.,0.,1.));
#5781=DIRECTION('ref_axis',(1.,0.,0.));
#5782=DIRECTION('',(-1.,0.,0.));
#5783=DIRECTION('center_axis',(0.,0.,1.));
#5784=DIRECTION('ref_axis',(0.,1.,0.));
#5785=DIRECTION('',(0.,-1.,0.));
#5786=DIRECTION('center_axis',(0.,0.,1.));
#5787=DIRECTION('ref_axis',(-1.,0.,0.));
#5788=DIRECTION('',(1.,0.,0.));
#5789=DIRECTION('center_axis',(0.,0.,1.));
#5790=DIRECTION('ref_axis',(0.,-1.,0.));
#5791=DIRECTION('',(0.,1.,0.));
#5792=DIRECTION('center_axis',(0.,0.,1.));
#5793=DIRECTION('ref_axis',(1.,0.,0.));
#5794=DIRECTION('',(-1.,0.,0.));
#5795=DIRECTION('center_axis',(0.,0.,1.));
#5796=DIRECTION('ref_axis',(0.,1.,0.));
#5797=DIRECTION('',(0.,-1.,0.));
#5798=DIRECTION('center_axis',(0.,0.,1.));
#5799=DIRECTION('ref_axis',(-1.,0.,0.));
#5800=DIRECTION('',(1.,0.,0.));
#5801=DIRECTION('center_axis',(0.,0.,1.));
#5802=DIRECTION('ref_axis',(0.,-1.,0.));
#5803=DIRECTION('',(0.,1.,0.));
#5804=DIRECTION('center_axis',(0.,0.,1.));
#5805=DIRECTION('ref_axis',(1.,0.,0.));
#5806=DIRECTION('',(-1.,0.,0.));
#5807=DIRECTION('center_axis',(0.,0.,1.));
#5808=DIRECTION('ref_axis',(0.,1.,0.));
#5809=DIRECTION('',(0.,-1.,0.));
#5810=DIRECTION('center_axis',(0.,0.,1.));
#5811=DIRECTION('ref_axis',(-1.,0.,0.));
#5812=DIRECTION('',(1.,0.,0.));
#5813=DIRECTION('center_axis',(0.,0.,1.));
#5814=DIRECTION('ref_axis',(0.,-1.,0.));
#5815=DIRECTION('',(0.,1.,0.));
#5816=DIRECTION('center_axis',(0.,0.,1.));
#5817=DIRECTION('ref_axis',(1.,0.,0.));
#5818=DIRECTION('',(-1.,0.,0.));
#5819=DIRECTION('center_axis',(0.,0.,1.));
#5820=DIRECTION('ref_axis',(0.,1.,0.));
#5821=DIRECTION('',(0.,-1.,0.));
#5822=DIRECTION('center_axis',(0.,0.,1.));
#5823=DIRECTION('ref_axis',(-1.,0.,0.));
#5824=DIRECTION('',(1.,0.,0.));
#5825=DIRECTION('center_axis',(0.,0.,1.));
#5826=DIRECTION('ref_axis',(0.,-1.,0.));
#5827=DIRECTION('',(0.,1.,0.));
#5828=DIRECTION('center_axis',(0.,0.,1.));
#5829=DIRECTION('ref_axis',(1.,0.,0.));
#5830=DIRECTION('',(-1.,0.,0.));
#5831=DIRECTION('center_axis',(0.,0.,1.));
#5832=DIRECTION('ref_axis',(0.,1.,0.));
#5833=DIRECTION('',(0.,-1.,0.));
#5834=DIRECTION('center_axis',(0.,0.,1.));
#5835=DIRECTION('ref_axis',(-1.,0.,0.));
#5836=DIRECTION('',(1.,0.,0.));
#5837=DIRECTION('center_axis',(0.,0.,1.));
#5838=DIRECTION('ref_axis',(0.,-1.,0.));
#5839=DIRECTION('',(0.,1.,0.));
#5840=DIRECTION('center_axis',(0.,0.,1.));
#5841=DIRECTION('ref_axis',(1.,0.,0.));
#5842=DIRECTION('',(-1.,0.,0.));
#5843=DIRECTION('center_axis',(0.,0.,1.));
#5844=DIRECTION('ref_axis',(0.,1.,0.));
#5845=DIRECTION('',(0.,-1.,0.));
#5846=DIRECTION('center_axis',(0.,0.,1.));
#5847=DIRECTION('ref_axis',(-1.,0.,0.));
#5848=DIRECTION('',(1.,0.,0.));
#5849=DIRECTION('center_axis',(0.,0.,1.));
#5850=DIRECTION('ref_axis',(0.,-1.,0.));
#5851=DIRECTION('',(0.,1.,0.));
#5852=DIRECTION('center_axis',(0.,0.,1.));
#5853=DIRECTION('ref_axis',(1.,0.,0.));
#5854=DIRECTION('',(-1.,0.,0.));
#5855=DIRECTION('center_axis',(0.,0.,1.));
#5856=DIRECTION('ref_axis',(0.,1.,0.));
#5857=DIRECTION('',(0.,-1.,0.));
#5858=DIRECTION('center_axis',(0.,0.,1.));
#5859=DIRECTION('ref_axis',(-1.,0.,0.));
#5860=DIRECTION('',(1.,0.,0.));
#5861=DIRECTION('center_axis',(0.,0.,1.));
#5862=DIRECTION('ref_axis',(0.,-1.,0.));
#5863=DIRECTION('',(0.,1.,0.));
#5864=DIRECTION('center_axis',(0.,0.,1.));
#5865=DIRECTION('ref_axis',(1.,0.,0.));
#5866=DIRECTION('center_axis',(0.,0.,-1.));
#5867=DIRECTION('ref_axis',(1.,0.,0.));
#5868=DIRECTION('center_axis',(0.,0.,-1.));
#5869=DIRECTION('ref_axis',(1.,0.,0.));
#5870=DIRECTION('',(-1.,0.,0.));
#5871=DIRECTION('',(0.,-1.,0.));
#5872=DIRECTION('',(1.,0.,0.));
#5873=DIRECTION('',(0.,1.,0.));
#5874=DIRECTION('center_axis',(0.,0.,-1.));
#5875=DIRECTION('ref_axis',(1.,0.,0.));
#5876=DIRECTION('center_axis',(0.,0.,-1.));
#5877=DIRECTION('ref_axis',(1.,0.,0.));
#5878=DIRECTION('center_axis',(0.,0.,1.));
#5879=DIRECTION('ref_axis',(1.,0.,0.));
#5880=DIRECTION('center_axis',(0.,0.,1.));
#5881=DIRECTION('ref_axis',(1.,0.,0.));
#5882=DIRECTION('center_axis',(0.,0.,1.));
#5883=DIRECTION('ref_axis',(1.,0.,0.));
#5884=DIRECTION('center_axis',(0.,0.,1.));
#5885=DIRECTION('ref_axis',(0.707106781186547,0.707106781186547,0.));
#5886=DIRECTION('center_axis',(0.,0.,-1.));
#5887=DIRECTION('ref_axis',(0.707106781186547,0.707106781186547,0.));
#5888=DIRECTION('',(0.,0.,-1.));
#5889=DIRECTION('',(0.,0.,1.));
#5890=DIRECTION('center_axis',(0.,1.,0.));
#5891=DIRECTION('ref_axis',(-1.,0.,0.));
#5892=DIRECTION('',(0.,0.,-1.));
#5893=DIRECTION('',(-1.,0.,0.));
#5894=DIRECTION('center_axis',(0.,0.,1.));
#5895=DIRECTION('ref_axis',(1.,0.,0.));
#5896=DIRECTION('center_axis',(0.,0.,1.));
#5897=DIRECTION('ref_axis',(-0.707106781186547,0.707106781186548,0.));
#5898=DIRECTION('center_axis',(0.,0.,-1.));
#5899=DIRECTION('ref_axis',(-0.707106781186547,0.707106781186548,0.));
#5900=DIRECTION('',(0.,0.,1.));
#5901=DIRECTION('center_axis',(-1.,0.,0.));
#5902=DIRECTION('ref_axis',(0.,-1.,0.));
#5903=DIRECTION('',(0.,0.,-1.));
#5904=DIRECTION('',(0.,-1.,0.));
#5905=DIRECTION('center_axis',(0.,0.,1.));
#5906=DIRECTION('ref_axis',(-0.707106781186547,-0.707106781186547,0.));
#5907=DIRECTION('center_axis',(0.,0.,-1.));
#5908=DIRECTION('ref_axis',(-0.707106781186547,-0.707106781186547,0.));
#5909=DIRECTION('',(0.,0.,1.));
#5910=DIRECTION('center_axis',(0.,-1.,0.));
#5911=DIRECTION('ref_axis',(1.,0.,0.));
#5912=DIRECTION('',(0.,0.,-1.));
#5913=DIRECTION('',(1.,0.,0.));
#5914=DIRECTION('center_axis',(0.,0.,1.));
#5915=DIRECTION('ref_axis',(0.707106781186547,-0.707106781186547,0.));
#5916=DIRECTION('center_axis',(0.,0.,-1.));
#5917=DIRECTION('ref_axis',(0.707106781186547,-0.707106781186547,0.));
#5918=DIRECTION('',(0.,0.,1.));
#5919=DIRECTION('center_axis',(0.,-1.,0.));
#5920=DIRECTION('ref_axis',(1.,0.,0.));
#5921=DIRECTION('',(-1.,0.,0.));
#5922=DIRECTION('',(0.,0.,1.));
#5923=DIRECTION('',(0.,0.,1.));
#5924=DIRECTION('center_axis',(0.,0.,1.));
#5925=DIRECTION('ref_axis',(-1.,0.,0.));
#5926=DIRECTION('center_axis',(0.,0.,-1.));
#5927=DIRECTION('ref_axis',(-1.,0.,0.));
#5928=DIRECTION('',(0.,0.,1.));
#5929=DIRECTION('center_axis',(-1.,0.,0.));
#5930=DIRECTION('ref_axis',(0.,-1.,0.));
#5931=DIRECTION('',(0.,1.,0.));
#5932=DIRECTION('',(0.,0.,1.));
#5933=DIRECTION('center_axis',(0.,0.,1.));
#5934=DIRECTION('ref_axis',(0.,1.,0.));
#5935=DIRECTION('center_axis',(0.,0.,-1.));
#5936=DIRECTION('ref_axis',(0.,1.,0.));
#5937=DIRECTION('',(0.,0.,1.));
#5938=DIRECTION('center_axis',(0.,1.,0.));
#5939=DIRECTION('ref_axis',(-1.,0.,0.));
#5940=DIRECTION('',(1.,0.,0.));
#5941=DIRECTION('',(0.,0.,1.));
#5942=DIRECTION('center_axis',(0.,0.,1.));
#5943=DIRECTION('ref_axis',(1.,0.,0.));
#5944=DIRECTION('center_axis',(0.,0.,-1.));
#5945=DIRECTION('ref_axis',(1.,0.,0.));
#5946=DIRECTION('',(0.,0.,1.));
#5947=DIRECTION('center_axis',(1.,0.,0.));
#5948=DIRECTION('ref_axis',(0.,1.,0.));
#5949=DIRECTION('',(0.,-1.,0.));
#5950=DIRECTION('',(0.,0.,1.));
#5951=DIRECTION('center_axis',(0.,0.,1.));
#5952=DIRECTION('ref_axis',(0.,-1.,0.));
#5953=DIRECTION('center_axis',(0.,0.,-1.));
#5954=DIRECTION('ref_axis',(0.,-1.,0.));
#5955=DIRECTION('center_axis',(0.,-1.,0.));
#5956=DIRECTION('ref_axis',(1.,0.,0.));
#5957=DIRECTION('',(-1.,0.,0.));
#5958=DIRECTION('',(0.,0.,1.));
#5959=DIRECTION('',(0.,0.,1.));
#5960=DIRECTION('center_axis',(0.,0.,1.));
#5961=DIRECTION('ref_axis',(-1.,0.,0.));
#5962=DIRECTION('center_axis',(0.,0.,-1.));
#5963=DIRECTION('ref_axis',(-1.,0.,0.));
#5964=DIRECTION('',(0.,0.,1.));
#5965=DIRECTION('center_axis',(-1.,0.,0.));
#5966=DIRECTION('ref_axis',(0.,-1.,0.));
#5967=DIRECTION('',(0.,1.,0.));
#5968=DIRECTION('',(0.,0.,1.));
#5969=DIRECTION('center_axis',(0.,0.,1.));
#5970=DIRECTION('ref_axis',(0.,1.,0.));
#5971=DIRECTION('center_axis',(0.,0.,-1.));
#5972=DIRECTION('ref_axis',(0.,1.,0.));
#5973=DIRECTION('',(0.,0.,1.));
#5974=DIRECTION('center_axis',(0.,1.,0.));
#5975=DIRECTION('ref_axis',(-1.,0.,0.));
#5976=DIRECTION('',(1.,0.,0.));
#5977=DIRECTION('',(0.,0.,1.));
#5978=DIRECTION('center_axis',(0.,0.,1.));
#5979=DIRECTION('ref_axis',(1.,0.,0.));
#5980=DIRECTION('center_axis',(0.,0.,-1.));
#5981=DIRECTION('ref_axis',(1.,0.,0.));
#5982=DIRECTION('',(0.,0.,1.));
#5983=DIRECTION('center_axis',(1.,0.,0.));
#5984=DIRECTION('ref_axis',(0.,1.,0.));
#5985=DIRECTION('',(0.,-1.,0.));
#5986=DIRECTION('',(0.,0.,1.));
#5987=DIRECTION('center_axis',(0.,0.,1.));
#5988=DIRECTION('ref_axis',(0.,-1.,0.));
#5989=DIRECTION('center_axis',(0.,0.,-1.));
#5990=DIRECTION('ref_axis',(0.,-1.,0.));
#5991=DIRECTION('center_axis',(0.,-1.,0.));
#5992=DIRECTION('ref_axis',(1.,0.,0.));
#5993=DIRECTION('',(-1.,0.,0.));
#5994=DIRECTION('',(0.,0.,1.));
#5995=DIRECTION('',(0.,0.,1.));
#5996=DIRECTION('center_axis',(0.,0.,1.));
#5997=DIRECTION('ref_axis',(-1.,0.,0.));
#5998=DIRECTION('center_axis',(0.,0.,-1.));
#5999=DIRECTION('ref_axis',(-1.,0.,0.));
#6000=DIRECTION('',(0.,0.,1.));
#6001=DIRECTION('center_axis',(-1.,0.,0.));
#6002=DIRECTION('ref_axis',(0.,-1.,0.));
#6003=DIRECTION('',(0.,1.,0.));
#6004=DIRECTION('',(0.,0.,1.));
#6005=DIRECTION('center_axis',(0.,0.,1.));
#6006=DIRECTION('ref_axis',(0.,1.,0.));
#6007=DIRECTION('center_axis',(0.,0.,-1.));
#6008=DIRECTION('ref_axis',(0.,1.,0.));
#6009=DIRECTION('',(0.,0.,1.));
#6010=DIRECTION('center_axis',(0.,1.,0.));
#6011=DIRECTION('ref_axis',(-1.,0.,0.));
#6012=DIRECTION('',(1.,0.,0.));
#6013=DIRECTION('',(0.,0.,1.));
#6014=DIRECTION('center_axis',(0.,0.,1.));
#6015=DIRECTION('ref_axis',(1.,0.,0.));
#6016=DIRECTION('center_axis',(0.,0.,-1.));
#6017=DIRECTION('ref_axis',(1.,0.,0.));
#6018=DIRECTION('',(0.,0.,1.));
#6019=DIRECTION('center_axis',(1.,0.,0.));
#6020=DIRECTION('ref_axis',(0.,1.,0.));
#6021=DIRECTION('',(0.,-1.,0.));
#6022=DIRECTION('',(0.,0.,1.));
#6023=DIRECTION('center_axis',(0.,0.,1.));
#6024=DIRECTION('ref_axis',(0.,-1.,0.));
#6025=DIRECTION('center_axis',(0.,0.,-1.));
#6026=DIRECTION('ref_axis',(0.,-1.,0.));
#6027=DIRECTION('center_axis',(0.,-1.,0.));
#6028=DIRECTION('ref_axis',(1.,0.,0.));
#6029=DIRECTION('',(-1.,0.,0.));
#6030=DIRECTION('',(0.,0.,1.));
#6031=DIRECTION('',(0.,0.,1.));
#6032=DIRECTION('center_axis',(0.,0.,1.));
#6033=DIRECTION('ref_axis',(-1.,0.,0.));
#6034=DIRECTION('center_axis',(0.,0.,-1.));
#6035=DIRECTION('ref_axis',(-1.,0.,0.));
#6036=DIRECTION('',(0.,0.,1.));
#6037=DIRECTION('center_axis',(-1.,0.,0.));
#6038=DIRECTION('ref_axis',(0.,-1.,0.));
#6039=DIRECTION('',(0.,1.,0.));
#6040=DIRECTION('',(0.,0.,1.));
#6041=DIRECTION('center_axis',(0.,0.,1.));
#6042=DIRECTION('ref_axis',(0.,1.,0.));
#6043=DIRECTION('center_axis',(0.,0.,-1.));
#6044=DIRECTION('ref_axis',(0.,1.,0.));
#6045=DIRECTION('',(0.,0.,1.));
#6046=DIRECTION('center_axis',(0.,1.,0.));
#6047=DIRECTION('ref_axis',(-1.,0.,0.));
#6048=DIRECTION('',(1.,0.,0.));
#6049=DIRECTION('',(0.,0.,1.));
#6050=DIRECTION('center_axis',(0.,0.,1.));
#6051=DIRECTION('ref_axis',(1.,0.,0.));
#6052=DIRECTION('center_axis',(0.,0.,-1.));
#6053=DIRECTION('ref_axis',(1.,0.,0.));
#6054=DIRECTION('',(0.,0.,1.));
#6055=DIRECTION('center_axis',(1.,0.,0.));
#6056=DIRECTION('ref_axis',(0.,1.,0.));
#6057=DIRECTION('',(0.,-1.,0.));
#6058=DIRECTION('',(0.,0.,1.));
#6059=DIRECTION('center_axis',(0.,0.,1.));
#6060=DIRECTION('ref_axis',(0.,-1.,0.));
#6061=DIRECTION('center_axis',(0.,0.,-1.));
#6062=DIRECTION('ref_axis',(0.,-1.,0.));
#6063=DIRECTION('center_axis',(0.,-1.,0.));
#6064=DIRECTION('ref_axis',(1.,0.,0.));
#6065=DIRECTION('',(-1.,0.,0.));
#6066=DIRECTION('',(0.,0.,1.));
#6067=DIRECTION('',(0.,0.,1.));
#6068=DIRECTION('center_axis',(0.,0.,1.));
#6069=DIRECTION('ref_axis',(-1.,0.,0.));
#6070=DIRECTION('center_axis',(0.,0.,-1.));
#6071=DIRECTION('ref_axis',(-1.,0.,0.));
#6072=DIRECTION('',(0.,0.,1.));
#6073=DIRECTION('center_axis',(-1.,0.,0.));
#6074=DIRECTION('ref_axis',(0.,-1.,0.));
#6075=DIRECTION('',(0.,1.,0.));
#6076=DIRECTION('',(0.,0.,1.));
#6077=DIRECTION('center_axis',(0.,0.,1.));
#6078=DIRECTION('ref_axis',(0.,1.,0.));
#6079=DIRECTION('center_axis',(0.,0.,-1.));
#6080=DIRECTION('ref_axis',(0.,1.,0.));
#6081=DIRECTION('',(0.,0.,1.));
#6082=DIRECTION('center_axis',(0.,1.,0.));
#6083=DIRECTION('ref_axis',(-1.,0.,0.));
#6084=DIRECTION('',(1.,0.,0.));
#6085=DIRECTION('',(0.,0.,1.));
#6086=DIRECTION('center_axis',(0.,0.,1.));
#6087=DIRECTION('ref_axis',(1.,0.,0.));
#6088=DIRECTION('center_axis',(0.,0.,-1.));
#6089=DIRECTION('ref_axis',(1.,0.,0.));
#6090=DIRECTION('',(0.,0.,1.));
#6091=DIRECTION('center_axis',(1.,0.,0.));
#6092=DIRECTION('ref_axis',(0.,1.,0.));
#6093=DIRECTION('',(0.,-1.,0.));
#6094=DIRECTION('',(0.,0.,1.));
#6095=DIRECTION('center_axis',(0.,0.,1.));
#6096=DIRECTION('ref_axis',(0.,-1.,0.));
#6097=DIRECTION('center_axis',(0.,0.,-1.));
#6098=DIRECTION('ref_axis',(0.,-1.,0.));
#6099=DIRECTION('center_axis',(0.,-1.,0.));
#6100=DIRECTION('ref_axis',(1.,0.,0.));
#6101=DIRECTION('',(-1.,0.,0.));
#6102=DIRECTION('',(0.,0.,1.));
#6103=DIRECTION('',(0.,0.,1.));
#6104=DIRECTION('center_axis',(0.,0.,1.));
#6105=DIRECTION('ref_axis',(-1.,0.,0.));
#6106=DIRECTION('center_axis',(0.,0.,-1.));
#6107=DIRECTION('ref_axis',(-1.,0.,0.));
#6108=DIRECTION('',(0.,0.,1.));
#6109=DIRECTION('center_axis',(-1.,0.,0.));
#6110=DIRECTION('ref_axis',(0.,-1.,0.));
#6111=DIRECTION('',(0.,1.,0.));
#6112=DIRECTION('',(0.,0.,1.));
#6113=DIRECTION('center_axis',(0.,0.,1.));
#6114=DIRECTION('ref_axis',(0.,1.,0.));
#6115=DIRECTION('center_axis',(0.,0.,-1.));
#6116=DIRECTION('ref_axis',(0.,1.,0.));
#6117=DIRECTION('',(0.,0.,1.));
#6118=DIRECTION('center_axis',(0.,1.,0.));
#6119=DIRECTION('ref_axis',(-1.,0.,0.));
#6120=DIRECTION('',(1.,0.,0.));
#6121=DIRECTION('',(0.,0.,1.));
#6122=DIRECTION('center_axis',(0.,0.,1.));
#6123=DIRECTION('ref_axis',(1.,0.,0.));
#6124=DIRECTION('center_axis',(0.,0.,-1.));
#6125=DIRECTION('ref_axis',(1.,0.,0.));
#6126=DIRECTION('',(0.,0.,1.));
#6127=DIRECTION('center_axis',(1.,0.,0.));
#6128=DIRECTION('ref_axis',(0.,1.,0.));
#6129=DIRECTION('',(0.,-1.,0.));
#6130=DIRECTION('',(0.,0.,1.));
#6131=DIRECTION('center_axis',(0.,0.,1.));
#6132=DIRECTION('ref_axis',(0.,-1.,0.));
#6133=DIRECTION('center_axis',(0.,0.,-1.));
#6134=DIRECTION('ref_axis',(0.,-1.,0.));
#6135=DIRECTION('center_axis',(0.,-1.,0.));
#6136=DIRECTION('ref_axis',(1.,0.,0.));
#6137=DIRECTION('',(-1.,0.,0.));
#6138=DIRECTION('',(0.,0.,1.));
#6139=DIRECTION('',(0.,0.,1.));
#6140=DIRECTION('center_axis',(0.,0.,1.));
#6141=DIRECTION('ref_axis',(-1.,0.,0.));
#6142=DIRECTION('center_axis',(0.,0.,-1.));
#6143=DIRECTION('ref_axis',(-1.,0.,0.));
#6144=DIRECTION('',(0.,0.,1.));
#6145=DIRECTION('center_axis',(-1.,0.,0.));
#6146=DIRECTION('ref_axis',(0.,-1.,0.));
#6147=DIRECTION('',(0.,1.,0.));
#6148=DIRECTION('',(0.,0.,1.));
#6149=DIRECTION('center_axis',(0.,0.,1.));
#6150=DIRECTION('ref_axis',(0.,1.,0.));
#6151=DIRECTION('center_axis',(0.,0.,-1.));
#6152=DIRECTION('ref_axis',(0.,1.,0.));
#6153=DIRECTION('',(0.,0.,1.));
#6154=DIRECTION('center_axis',(0.,1.,0.));
#6155=DIRECTION('ref_axis',(-1.,0.,0.));
#6156=DIRECTION('',(1.,0.,0.));
#6157=DIRECTION('',(0.,0.,1.));
#6158=DIRECTION('center_axis',(0.,0.,1.));
#6159=DIRECTION('ref_axis',(1.,0.,0.));
#6160=DIRECTION('center_axis',(0.,0.,-1.));
#6161=DIRECTION('ref_axis',(1.,0.,0.));
#6162=DIRECTION('',(0.,0.,1.));
#6163=DIRECTION('center_axis',(1.,0.,0.));
#6164=DIRECTION('ref_axis',(0.,1.,0.));
#6165=DIRECTION('',(0.,-1.,0.));
#6166=DIRECTION('',(0.,0.,1.));
#6167=DIRECTION('center_axis',(0.,0.,1.));
#6168=DIRECTION('ref_axis',(0.,-1.,0.));
#6169=DIRECTION('center_axis',(0.,0.,-1.));
#6170=DIRECTION('ref_axis',(0.,-1.,0.));
#6171=DIRECTION('center_axis',(0.,-1.,0.));
#6172=DIRECTION('ref_axis',(1.,0.,0.));
#6173=DIRECTION('',(-1.,0.,0.));
#6174=DIRECTION('',(0.,0.,1.));
#6175=DIRECTION('',(0.,0.,1.));
#6176=DIRECTION('center_axis',(0.,0.,1.));
#6177=DIRECTION('ref_axis',(-1.,0.,0.));
#6178=DIRECTION('center_axis',(0.,0.,-1.));
#6179=DIRECTION('ref_axis',(-1.,0.,0.));
#6180=DIRECTION('',(0.,0.,1.));
#6181=DIRECTION('center_axis',(-1.,0.,0.));
#6182=DIRECTION('ref_axis',(0.,-1.,0.));
#6183=DIRECTION('',(0.,1.,0.));
#6184=DIRECTION('',(0.,0.,1.));
#6185=DIRECTION('center_axis',(0.,0.,1.));
#6186=DIRECTION('ref_axis',(0.,1.,0.));
#6187=DIRECTION('center_axis',(0.,0.,-1.));
#6188=DIRECTION('ref_axis',(0.,1.,0.));
#6189=DIRECTION('',(0.,0.,1.));
#6190=DIRECTION('center_axis',(0.,1.,0.));
#6191=DIRECTION('ref_axis',(-1.,0.,0.));
#6192=DIRECTION('',(1.,0.,0.));
#6193=DIRECTION('',(0.,0.,1.));
#6194=DIRECTION('center_axis',(0.,0.,1.));
#6195=DIRECTION('ref_axis',(1.,0.,0.));
#6196=DIRECTION('center_axis',(0.,0.,-1.));
#6197=DIRECTION('ref_axis',(1.,0.,0.));
#6198=DIRECTION('',(0.,0.,1.));
#6199=DIRECTION('center_axis',(1.,0.,0.));
#6200=DIRECTION('ref_axis',(0.,1.,0.));
#6201=DIRECTION('',(0.,-1.,0.));
#6202=DIRECTION('',(0.,0.,1.));
#6203=DIRECTION('center_axis',(0.,0.,1.));
#6204=DIRECTION('ref_axis',(0.,-1.,0.));
#6205=DIRECTION('center_axis',(0.,0.,-1.));
#6206=DIRECTION('ref_axis',(0.,-1.,0.));
#6207=DIRECTION('center_axis',(0.,-1.,0.));
#6208=DIRECTION('ref_axis',(1.,0.,0.));
#6209=DIRECTION('',(-1.,0.,0.));
#6210=DIRECTION('',(0.,0.,1.));
#6211=DIRECTION('',(0.,0.,1.));
#6212=DIRECTION('center_axis',(0.,0.,1.));
#6213=DIRECTION('ref_axis',(-1.,0.,0.));
#6214=DIRECTION('center_axis',(0.,0.,-1.));
#6215=DIRECTION('ref_axis',(-1.,0.,0.));
#6216=DIRECTION('',(0.,0.,1.));
#6217=DIRECTION('center_axis',(-1.,0.,0.));
#6218=DIRECTION('ref_axis',(0.,-1.,0.));
#6219=DIRECTION('',(0.,1.,0.));
#6220=DIRECTION('',(0.,0.,1.));
#6221=DIRECTION('center_axis',(0.,0.,1.));
#6222=DIRECTION('ref_axis',(0.,1.,0.));
#6223=DIRECTION('center_axis',(0.,0.,-1.));
#6224=DIRECTION('ref_axis',(0.,1.,0.));
#6225=DIRECTION('',(0.,0.,1.));
#6226=DIRECTION('center_axis',(0.,1.,0.));
#6227=DIRECTION('ref_axis',(-1.,0.,0.));
#6228=DIRECTION('',(1.,0.,0.));
#6229=DIRECTION('',(0.,0.,1.));
#6230=DIRECTION('center_axis',(0.,0.,1.));
#6231=DIRECTION('ref_axis',(1.,0.,0.));
#6232=DIRECTION('center_axis',(0.,0.,-1.));
#6233=DIRECTION('ref_axis',(1.,0.,0.));
#6234=DIRECTION('',(0.,0.,1.));
#6235=DIRECTION('center_axis',(1.,0.,0.));
#6236=DIRECTION('ref_axis',(0.,1.,0.));
#6237=DIRECTION('',(0.,-1.,0.));
#6238=DIRECTION('',(0.,0.,1.));
#6239=DIRECTION('center_axis',(0.,0.,1.));
#6240=DIRECTION('ref_axis',(0.,-1.,0.));
#6241=DIRECTION('center_axis',(0.,0.,-1.));
#6242=DIRECTION('ref_axis',(0.,-1.,0.));
#6243=DIRECTION('center_axis',(0.,0.,1.));
#6244=DIRECTION('ref_axis',(1.,0.,0.));
#6245=DIRECTION('center_axis',(0.,0.,-1.));
#6246=DIRECTION('ref_axis',(1.,0.,0.));
#6247=DIRECTION('',(0.,0.,-1.));
#6248=DIRECTION('center_axis',(0.,0.,1.));
#6249=DIRECTION('ref_axis',(1.,0.,0.));
#6250=DIRECTION('center_axis',(0.,0.,-1.));
#6251=DIRECTION('ref_axis',(1.,0.,0.));
#6252=DIRECTION('',(0.,0.,-1.));
#6253=DIRECTION('center_axis',(-1.,0.,0.));
#6254=DIRECTION('ref_axis',(0.,-1.,0.));
#6255=DIRECTION('',(0.,0.,1.));
#6256=DIRECTION('',(0.,-1.,0.));
#6257=DIRECTION('',(0.,0.,1.));
#6258=DIRECTION('center_axis',(0.,-1.,0.));
#6259=DIRECTION('ref_axis',(1.,0.,0.));
#6260=DIRECTION('',(1.,0.,0.));
#6261=DIRECTION('',(0.,0.,1.));
#6262=DIRECTION('center_axis',(1.,0.,0.));
#6263=DIRECTION('ref_axis',(0.,1.,0.));
#6264=DIRECTION('',(0.,1.,0.));
#6265=DIRECTION('',(0.,0.,1.));
#6266=DIRECTION('center_axis',(0.,1.,0.));
#6267=DIRECTION('ref_axis',(-1.,0.,0.));
#6268=DIRECTION('',(-1.,0.,0.));
#6269=DIRECTION('center_axis',(0.,0.,1.));
#6270=DIRECTION('ref_axis',(1.,0.,0.));
#6271=DIRECTION('center_axis',(0.,0.,-1.));
#6272=DIRECTION('ref_axis',(1.,0.,0.));
#6273=DIRECTION('',(0.,0.,-1.));
#6274=DIRECTION('center_axis',(0.,0.,1.));
#6275=DIRECTION('ref_axis',(1.,0.,0.));
#6276=DIRECTION('center_axis',(0.,0.,-1.));
#6277=DIRECTION('ref_axis',(1.,0.,0.));
#6278=DIRECTION('',(0.,0.,-1.));
#6279=DIRECTION('center_axis',(1.,0.,0.));
#6280=DIRECTION('ref_axis',(0.,1.,0.));
#6281=DIRECTION('',(0.,1.,0.));
#6282=DIRECTION('center_axis',(0.,0.,1.));
#6283=DIRECTION('ref_axis',(1.,0.,0.));
#6284=DIRECTION('',(0.,0.,1.));
#6285=DIRECTION('',(1.,0.,0.));
#6286=DIRECTION('',(-1.78266939741108E-16,-8.84931694601261E-19,1.));
#6287=DIRECTION('',(0.999999999999998,-3.66373598126301E-15,1.52655665885957E-16));
#6288=DIRECTION('center_axis',(0.,0.,1.));
#6289=DIRECTION('ref_axis',(1.,0.,0.));
#6290=CARTESIAN_POINT('',(0.,0.,0.));
#6291=CARTESIAN_POINT('',(0.,0.,0.));
#6292=CARTESIAN_POINT('Origin',(-22.4240646528426,-59.6273211610842,0.));
#6293=CARTESIAN_POINT('',(-17.4240646528426,-59.6273211610842,13.));
#6294=CARTESIAN_POINT('',(-22.4240646528426,-64.6273211610842,13.));
#6295=CARTESIAN_POINT('Origin',(-22.4240646528426,-59.6273211610842,13.));
#6296=CARTESIAN_POINT('',(-22.4240646528426,-64.6273211610842,0.));
#6297=CARTESIAN_POINT('',(-22.4240646528426,-64.6273211610842,0.));
#6298=CARTESIAN_POINT('',(-17.4240646528426,-59.6273211610842,0.));
#6299=CARTESIAN_POINT('Origin',(-22.4240646528426,-59.6273211610842,0.));
#6300=CARTESIAN_POINT('',(-17.4240646528426,-59.6273211610842,0.));
#6301=CARTESIAN_POINT('Origin',(-99.3370646528426,-64.6273211610842,0.));
#6302=CARTESIAN_POINT('',(-94.3370646528426,-64.6273211610842,13.));
#6303=CARTESIAN_POINT('',(-17.4240646528426,-64.6273211610842,13.));
#6304=CARTESIAN_POINT('',(-94.3370646528426,-64.6273211610842,0.));
#6305=CARTESIAN_POINT('',(-94.3370646528426,-64.6273211610842,0.));
#6306=CARTESIAN_POINT('',(-17.4240646528426,-64.6273211610842,0.));
#6307=CARTESIAN_POINT('Origin',(-22.4240646528426,32.3596788389159,13.));
#6308=CARTESIAN_POINT('',(-17.4240646528426,32.3596788389159,13.));
#6309=CARTESIAN_POINT('',(-17.4240646528426,37.3596788389159,13.));
#6310=CARTESIAN_POINT('',(-22.4240646528426,37.3596788389159,13.));
#6311=CARTESIAN_POINT('Origin',(-22.4240646528426,32.3596788389159,13.));
#6312=CARTESIAN_POINT('',(-48.6260646528426,37.3596788389159,13.));
#6313=CARTESIAN_POINT('',(-99.3370646528426,37.3596788389159,13.));
#6314=CARTESIAN_POINT('',(-48.6260646528426,27.8596788389158,13.));
#6315=CARTESIAN_POINT('',(-48.6260646528426,34.8596788389159,13.));
#6316=CARTESIAN_POINT('',(-26.9240646528426,27.8596788389158,13.));
#6317=CARTESIAN_POINT('',(-26.9240646528426,27.8596788389159,13.));
#6318=CARTESIAN_POINT('',(-26.9240646528426,-55.1273211610842,13.));
#6319=CARTESIAN_POINT('',(-26.9240646528426,-55.1273211610842,13.));
#6320=CARTESIAN_POINT('',(-89.8370646528426,-55.1273211610842,13.));
#6321=CARTESIAN_POINT('',(-89.8370646528426,-55.1273211610842,13.));
#6322=CARTESIAN_POINT('',(-89.8370646528426,27.8596788389158,13.));
#6323=CARTESIAN_POINT('',(-89.8370646528426,27.8596788389159,13.));
#6324=CARTESIAN_POINT('',(-67.1260646528426,27.8596788389158,13.));
#6325=CARTESIAN_POINT('',(-26.9240646528426,27.8596788389159,13.));
#6326=CARTESIAN_POINT('',(-67.1260646528426,37.3596788389159,13.));
#6327=CARTESIAN_POINT('',(-67.1260646528426,30.1096788389158,13.));
#6328=CARTESIAN_POINT('',(-94.3370646528426,37.3596788389159,13.));
#6329=CARTESIAN_POINT('',(-99.3370646528426,37.3596788389159,13.));
#6330=CARTESIAN_POINT('',(-99.3370646528426,32.3596788389159,13.));
#6331=CARTESIAN_POINT('Origin',(-94.3370646528426,32.3596788389159,13.));
#6332=CARTESIAN_POINT('',(-99.3370646528426,-59.6273211610842,13.));
#6333=CARTESIAN_POINT('',(-99.3370646528426,-64.6273211610842,13.));
#6334=CARTESIAN_POINT('Origin',(-94.3370646528426,-59.6273211610842,13.));
#6335=CARTESIAN_POINT('',(-24.1240646528426,32.3596788389159,13.));
#6336=CARTESIAN_POINT('Origin',(-22.4240646528426,32.3596788389159,13.));
#6337=CARTESIAN_POINT('',(-96.0370646528425,-59.6273211610842,13.));
#6338=CARTESIAN_POINT('Origin',(-94.3370646528426,-59.6273211610842,13.));
#6339=CARTESIAN_POINT('',(-96.0370646528425,32.3596788389159,13.));
#6340=CARTESIAN_POINT('Origin',(-94.3370646528426,32.3596788389159,13.));
#6341=CARTESIAN_POINT('',(-24.1240646528426,-59.6273211610842,13.));
#6342=CARTESIAN_POINT('Origin',(-22.4240646528426,-59.6273211610842,13.));
#6343=CARTESIAN_POINT('Origin',(-94.3370646528426,-59.6273211610842,0.));
#6344=CARTESIAN_POINT('',(-99.3370646528426,-59.6273211610842,0.));
#6345=CARTESIAN_POINT('',(-99.3370646528426,-59.6273211610842,0.));
#6346=CARTESIAN_POINT('Origin',(-94.3370646528426,-59.6273211610842,0.));
#6347=CARTESIAN_POINT('Origin',(-99.3370646528426,37.3596788389159,0.));
#6348=CARTESIAN_POINT('',(-99.3370646528426,32.3596788389159,0.));
#6349=CARTESIAN_POINT('',(-99.3370646528426,32.3596788389159,0.));
#6350=CARTESIAN_POINT('',(-99.3370646528426,-64.6273211610842,0.));
#6351=CARTESIAN_POINT('Origin',(-94.3370646528426,32.3596788389159,0.));
#6352=CARTESIAN_POINT('',(-94.3370646528426,37.3596788389159,0.));
#6353=CARTESIAN_POINT('',(-94.3370646528426,37.3596788389159,0.));
#6354=CARTESIAN_POINT('Origin',(-94.3370646528426,32.3596788389159,0.));
#6355=CARTESIAN_POINT('Origin',(-17.4240646528426,37.3596788389159,0.));
#6356=CARTESIAN_POINT('',(-67.1260646528426,37.3596788389159,5.5));
#6357=CARTESIAN_POINT('',(-67.1260646528426,37.3596788389159,6.5));
#6358=CARTESIAN_POINT('',(-48.6260646528426,37.3596788389159,5.5));
#6359=CARTESIAN_POINT('',(-37.6500646528426,37.3596788389159,5.5));
#6360=CARTESIAN_POINT('',(-48.6260646528426,37.3596788389159,6.5));
#6361=CARTESIAN_POINT('',(-22.4240646528426,37.3596788389159,0.));
#6362=CARTESIAN_POINT('',(-22.4240646528426,37.3596788389159,0.));
#6363=CARTESIAN_POINT('',(-99.3370646528426,37.3596788389159,0.));
#6364=CARTESIAN_POINT('Origin',(-22.4240646528426,32.3596788389159,0.));
#6365=CARTESIAN_POINT('',(-17.4240646528426,32.3596788389159,0.));
#6366=CARTESIAN_POINT('',(-17.4240646528426,32.3596788389159,0.));
#6367=CARTESIAN_POINT('Origin',(-22.4240646528426,32.3596788389159,0.));
#6368=CARTESIAN_POINT('Origin',(-17.4240646528426,-64.6273211610842,0.));
#6369=CARTESIAN_POINT('',(-17.4240646528426,37.3596788389159,0.));
#6370=CARTESIAN_POINT('Origin',(-48.6260646528426,37.3596788389159,13.));
#6371=CARTESIAN_POINT('',(-48.6260646528426,27.8596788389158,5.5));
#6372=CARTESIAN_POINT('',(-48.6260646528426,37.3596788389159,5.5));
#6373=CARTESIAN_POINT('',(-48.6260646528426,27.8596788389159,6.5));
#6374=CARTESIAN_POINT('Origin',(-67.1260646528426,27.8596788389158,13.));
#6375=CARTESIAN_POINT('',(-67.1260646528426,27.8596788389158,5.5));
#6376=CARTESIAN_POINT('',(-67.1260646528426,27.8596788389159,6.5));
#6377=CARTESIAN_POINT('',(-67.1260646528426,27.8596788389158,5.5));
#6378=CARTESIAN_POINT('Origin',(-57.8760646528426,32.6096788389158,5.5));
#6379=CARTESIAN_POINT('',(-73.8565646528426,27.8596788389159,5.5));
#6380=CARTESIAN_POINT('Origin',(-89.8370646528426,27.8596788389159,0.));
#6381=CARTESIAN_POINT('',(-89.8370646528426,27.8596788389159,3.));
#6382=CARTESIAN_POINT('',(-89.8370646528426,27.8596788389159,0.));
#6383=CARTESIAN_POINT('',(-26.9240646528426,27.8596788389159,3.));
#6384=CARTESIAN_POINT('',(-74.1088146528426,27.8596788389159,3.));
#6385=CARTESIAN_POINT('',(-26.9240646528426,27.8596788389159,0.));
#6386=CARTESIAN_POINT('Origin',(-58.3805646528426,-13.6338211610841,3.));
#6387=CARTESIAN_POINT('',(-26.9240646528426,-55.1273211610842,3.));
#6388=CARTESIAN_POINT('',(-26.9240646528426,7.11292883891585,3.));
#6389=CARTESIAN_POINT('',(-89.8370646528426,-55.1273211610842,3.));
#6390=CARTESIAN_POINT('',(-89.8370646528426,-34.3805711610841,3.));
#6391=CARTESIAN_POINT('',(-42.6523146528426,-55.1273211610842,3.));
#6392=CARTESIAN_POINT('Origin',(-89.8370646528426,-55.1273211610842,0.));
#6393=CARTESIAN_POINT('',(-89.8370646528426,-55.1273211610842,0.));
#6394=CARTESIAN_POINT('Origin',(-22.4240646528426,32.3596788389159,0.));
#6395=CARTESIAN_POINT('',(-25.4240646528426,32.3596788389159,3.1));
#6396=CARTESIAN_POINT('Origin',(-22.4240646528426,32.3596788389159,3.1));
#6397=CARTESIAN_POINT('',(-25.4240646528426,32.3596788389159,0.));
#6398=CARTESIAN_POINT('',(-25.4240646528426,32.3596788389159,0.));
#6399=CARTESIAN_POINT('Origin',(-22.4240646528426,32.3596788389159,0.));
#6400=CARTESIAN_POINT('Origin',(-22.4240646528426,-59.6273211610842,0.));
#6401=CARTESIAN_POINT('',(-25.4240646528426,-59.6273211610842,3.1));
#6402=CARTESIAN_POINT('Origin',(-22.4240646528426,-59.6273211610842,3.1));
#6403=CARTESIAN_POINT('',(-25.4240646528426,-59.6273211610842,0.));
#6404=CARTESIAN_POINT('',(-25.4240646528426,-59.6273211610842,0.));
#6405=CARTESIAN_POINT('Origin',(-22.4240646528426,-59.6273211610842,0.));
#6406=CARTESIAN_POINT('Origin',(-94.3370646528426,-59.6273211610842,0.));
#6407=CARTESIAN_POINT('',(-97.3370646528426,-59.6273211610842,3.1));
#6408=CARTESIAN_POINT('Origin',(-94.3370646528426,-59.6273211610842,3.1));
#6409=CARTESIAN_POINT('',(-97.3370646528426,-59.6273211610842,0.));
#6410=CARTESIAN_POINT('',(-97.3370646528426,-59.6273211610842,0.));
#6411=CARTESIAN_POINT('Origin',(-94.3370646528426,-59.6273211610842,0.));
#6412=CARTESIAN_POINT('Origin',(-94.3370646528426,32.3596788389159,0.));
#6413=CARTESIAN_POINT('',(-97.3370646528426,32.3596788389159,3.1));
#6414=CARTESIAN_POINT('Origin',(-94.3370646528426,32.3596788389159,3.1));
#6415=CARTESIAN_POINT('',(-97.3370646528426,32.3596788389159,0.));
#6416=CARTESIAN_POINT('',(-97.3370646528426,32.3596788389159,0.));
#6417=CARTESIAN_POINT('Origin',(-94.3370646528426,32.3596788389159,0.));
#6418=CARTESIAN_POINT('Origin',(-26.9240646528426,27.8596788389159,0.));
#6419=CARTESIAN_POINT('',(-26.9240646528426,-55.1273211610842,0.));
#6420=CARTESIAN_POINT('Origin',(-26.9240646528426,-55.1273211610842,0.));
#6421=CARTESIAN_POINT('Origin',(-58.3805646528426,-13.6338211610841,0.));
#6422=CARTESIAN_POINT('Origin',(-94.3370646528426,32.3596788389159,3.1));
#6423=CARTESIAN_POINT('',(-96.0370646528425,32.3596788389159,3.1));
#6424=CARTESIAN_POINT('',(-96.0370646528426,32.3596788389159,3.1));
#6425=CARTESIAN_POINT('Origin',(-94.3370646528426,32.3596788389159,3.1));
#6426=CARTESIAN_POINT('Origin',(-94.3370646528426,32.3596788389159,3.1));
#6427=CARTESIAN_POINT('Origin',(-94.3370646528426,-59.6273211610842,3.1));
#6428=CARTESIAN_POINT('',(-96.0370646528425,-59.6273211610842,3.1));
#6429=CARTESIAN_POINT('',(-96.0370646528426,-59.6273211610842,3.1));
#6430=CARTESIAN_POINT('Origin',(-94.3370646528426,-59.6273211610842,3.1));
#6431=CARTESIAN_POINT('Origin',(-94.3370646528426,-59.6273211610842,3.1));
#6432=CARTESIAN_POINT('Origin',(-22.4240646528426,-59.6273211610842,3.1));
#6433=CARTESIAN_POINT('',(-24.1240646528426,-59.6273211610842,3.1));
#6434=CARTESIAN_POINT('',(-24.1240646528426,-59.6273211610842,3.1));
#6435=CARTESIAN_POINT('Origin',(-22.4240646528426,-59.6273211610842,3.1));
#6436=CARTESIAN_POINT('Origin',(-22.4240646528426,-59.6273211610842,3.1));
#6437=CARTESIAN_POINT('Origin',(-22.4240646528426,32.3596788389159,3.1));
#6438=CARTESIAN_POINT('',(-24.1240646528426,32.3596788389159,3.1));
#6439=CARTESIAN_POINT('',(-24.1240646528426,32.3596788389159,3.1));
#6440=CARTESIAN_POINT('Origin',(-22.4240646528426,32.3596788389159,3.1));
#6441=CARTESIAN_POINT('Origin',(-22.4240646528426,32.3596788389159,3.1));
#6442=CARTESIAN_POINT('',(0.,0.,0.));
#6443=CARTESIAN_POINT('Origin',(26.362038192477,14.6897051134116,0.));
#6444=CARTESIAN_POINT('',(26.362038192477,14.6897051134116,0.));
#6445=CARTESIAN_POINT('',(26.362038192477,14.0723792114265,0.));
#6446=CARTESIAN_POINT('',(26.362038192477,-3.70639744329418,0.));
#6447=CARTESIAN_POINT('',(26.362038192477,14.6897051134116,0.2));
#6448=CARTESIAN_POINT('',(26.362038192477,14.6897051134116,0.));
#6449=CARTESIAN_POINT('',(26.362038192477,14.0723792114265,0.2));
#6450=CARTESIAN_POINT('',(26.362038192477,14.6897051134116,0.2));
#6451=CARTESIAN_POINT('',(26.362038192477,14.0723792114265,0.));
#6452=CARTESIAN_POINT('Origin',(28.2481228682658,14.6897051134116,0.));
#6453=CARTESIAN_POINT('',(28.2481228682658,14.6897051134116,0.));
#6454=CARTESIAN_POINT('',(28.6543114341329,14.6897051134116,0.));
#6455=CARTESIAN_POINT('',(28.2481228682658,14.6897051134116,0.2));
#6456=CARTESIAN_POINT('',(28.2481228682658,14.6897051134116,0.));
#6457=CARTESIAN_POINT('',(28.2481228682658,14.6897051134116,0.2));
#6458=CARTESIAN_POINT('Origin',(28.2481228682658,14.0723792114265,0.));
#6459=CARTESIAN_POINT('',(28.2481228682658,14.0723792114265,0.));
#6460=CARTESIAN_POINT('',(28.2481228682658,-4.01506039428677,0.));
#6461=CARTESIAN_POINT('',(28.2481228682658,14.0723792114265,0.2));
#6462=CARTESIAN_POINT('',(28.2481228682658,14.0723792114265,0.));
#6463=CARTESIAN_POINT('',(28.2481228682658,14.0723792114265,0.2));
#6464=CARTESIAN_POINT('Origin',(26.362038192477,14.0723792114265,0.));
#6465=CARTESIAN_POINT('',(27.7112690962385,14.0723792114265,0.));
#6466=CARTESIAN_POINT('',(26.362038192477,14.0723792114265,0.2));
#6467=CARTESIAN_POINT('Origin',(20.3712462756297,14.377631584645,0.2));
#6468=CARTESIAN_POINT('Ctrl Pts',(10.195598540034,15.7674682536132,0.));
#6469=CARTESIAN_POINT('Ctrl Pts',(10.195598540034,15.7674682536132,0.2));
#6470=CARTESIAN_POINT('Ctrl Pts',(10.3271180660736,15.7526705603146,0.));
#6471=CARTESIAN_POINT('Ctrl Pts',(10.3271180660736,15.7526705603146,0.2));
#6472=CARTESIAN_POINT('Ctrl Pts',(10.5944376746516,15.7225935542641,0.));
#6473=CARTESIAN_POINT('Ctrl Pts',(10.5944376746516,15.7225935542641,0.2));
#6474=CARTESIAN_POINT('Ctrl Pts',(10.7834242906987,15.5307056594694,0.));
#6475=CARTESIAN_POINT('Ctrl Pts',(10.7834242906987,15.5307056594694,0.2));
#6476=CARTESIAN_POINT('Ctrl Pts',(10.8794307086131,15.4332253732688,0.));
#6477=CARTESIAN_POINT('Ctrl Pts',(10.8794307086131,15.4332253732688,0.2));
#6478=CARTESIAN_POINT('',(10.195598540034,15.7674682536132,0.));
#6479=CARTESIAN_POINT('',(10.8794307086131,15.4332253732688,0.));
#6480=CARTESIAN_POINT('Ctrl Pts',(10.195598540034,15.7674682536132,0.));
#6481=CARTESIAN_POINT('Ctrl Pts',(10.3271180660736,15.7526705603146,0.));
#6482=CARTESIAN_POINT('Ctrl Pts',(10.5944376746516,15.7225935542641,0.));
#6483=CARTESIAN_POINT('Ctrl Pts',(10.7834242906987,15.5307056594694,0.));
#6484=CARTESIAN_POINT('Ctrl Pts',(10.8794307086131,15.4332253732688,0.));
#6485=CARTESIAN_POINT('',(10.195598540034,15.7674682536132,0.2));
#6486=CARTESIAN_POINT('',(10.195598540034,15.7674682536132,0.));
#6487=CARTESIAN_POINT('',(10.8794307086131,15.4332253732688,0.2));
#6488=CARTESIAN_POINT('Ctrl Pts',(10.195598540034,15.7674682536132,0.2));
#6489=CARTESIAN_POINT('Ctrl Pts',(10.3271180660736,15.7526705603146,0.2));
#6490=CARTESIAN_POINT('Ctrl Pts',(10.5944376746516,15.7225935542641,0.2));
#6491=CARTESIAN_POINT('Ctrl Pts',(10.7834242906987,15.5307056594694,0.2));
#6492=CARTESIAN_POINT('Ctrl Pts',(10.8794307086131,15.4332253732688,0.2));
#6493=CARTESIAN_POINT('',(10.8794307086131,15.4332253732688,0.));
#6494=CARTESIAN_POINT('Ctrl Pts',(9.48959821197007,15.4195827641494,0.));
#6495=CARTESIAN_POINT('Ctrl Pts',(9.48959821197007,15.4195827641494,0.2));
#6496=CARTESIAN_POINT('Ctrl Pts',(9.58913228080201,15.5210367083193,0.));
#6497=CARTESIAN_POINT('Ctrl Pts',(9.58913228080201,15.5210367083193,0.2));
#6498=CARTESIAN_POINT('Ctrl Pts',(9.78415591176127,15.7198220769809,0.));
#6499=CARTESIAN_POINT('Ctrl Pts',(9.78415591176127,15.7198220769809,0.2));
#6500=CARTESIAN_POINT('Ctrl Pts',(10.0603603568835,15.7518073037771,0.));
#6501=CARTESIAN_POINT('Ctrl Pts',(10.0603603568835,15.7518073037771,0.2));
#6502=CARTESIAN_POINT('Ctrl Pts',(10.195598540034,15.7674682536132,0.));
#6503=CARTESIAN_POINT('Ctrl Pts',(10.195598540034,15.7674682536132,0.2));
#6504=CARTESIAN_POINT('',(9.48959821197007,15.4195827641494,0.));
#6505=CARTESIAN_POINT('Ctrl Pts',(9.48959821197007,15.4195827641494,0.));
#6506=CARTESIAN_POINT('Ctrl Pts',(9.58913228080201,15.5210367083193,0.));
#6507=CARTESIAN_POINT('Ctrl Pts',(9.78415591176127,15.7198220769809,0.));
#6508=CARTESIAN_POINT('Ctrl Pts',(10.0603603568835,15.7518073037771,0.));
#6509=CARTESIAN_POINT('Ctrl Pts',(10.195598540034,15.7674682536132,0.));
#6510=CARTESIAN_POINT('',(9.48959821197007,15.4195827641494,0.2));
#6511=CARTESIAN_POINT('',(9.48959821197007,15.4195827641494,0.));
#6512=CARTESIAN_POINT('Ctrl Pts',(9.48959821197007,15.4195827641494,0.2));
#6513=CARTESIAN_POINT('Ctrl Pts',(9.58913228080201,15.5210367083193,0.2));
#6514=CARTESIAN_POINT('Ctrl Pts',(9.78415591176127,15.7198220769809,0.2));
#6515=CARTESIAN_POINT('Ctrl Pts',(10.0603603568835,15.7518073037771,0.2));
#6516=CARTESIAN_POINT('Ctrl Pts',(10.195598540034,15.7674682536132,0.2));
#6517=CARTESIAN_POINT('Ctrl Pts',(9.20310014220688,14.3281773128516,0.));
#6518=CARTESIAN_POINT('Ctrl Pts',(9.20310014220688,14.3281773128516,0.2));
#6519=CARTESIAN_POINT('Ctrl Pts',(9.20718859242632,14.5487260846238,0.));
#6520=CARTESIAN_POINT('Ctrl Pts',(9.20718859242632,14.5487260846238,0.2));
#6521=CARTESIAN_POINT('Ctrl Pts',(9.21440227776513,14.9378636198841,0.));
#6522=CARTESIAN_POINT('Ctrl Pts',(9.21440227776513,14.9378636198841,0.2));
#6523=CARTESIAN_POINT('Ctrl Pts',(9.40641235114784,15.273969342185,0.));
#6524=CARTESIAN_POINT('Ctrl Pts',(9.40641235114784,15.273969342185,0.2));
#6525=CARTESIAN_POINT('Ctrl Pts',(9.48959821197007,15.4195827641494,0.));
#6526=CARTESIAN_POINT('Ctrl Pts',(9.48959821197007,15.4195827641494,0.2));
#6527=CARTESIAN_POINT('',(9.20310014220688,14.3281773128516,0.));
#6528=CARTESIAN_POINT('Ctrl Pts',(9.20310014220688,14.3281773128516,0.));
#6529=CARTESIAN_POINT('Ctrl Pts',(9.20718859242632,14.5487260846238,0.));
#6530=CARTESIAN_POINT('Ctrl Pts',(9.21440227776513,14.9378636198841,0.));
#6531=CARTESIAN_POINT('Ctrl Pts',(9.40641235114784,15.273969342185,0.));
#6532=CARTESIAN_POINT('Ctrl Pts',(9.48959821197007,15.4195827641494,0.));
#6533=CARTESIAN_POINT('',(9.20310014220688,14.3281773128516,0.2));
#6534=CARTESIAN_POINT('',(9.20310014220688,14.3281773128516,0.));
#6535=CARTESIAN_POINT('Ctrl Pts',(9.20310014220688,14.3281773128516,0.2));
#6536=CARTESIAN_POINT('Ctrl Pts',(9.20718859242632,14.5487260846238,0.2));
#6537=CARTESIAN_POINT('Ctrl Pts',(9.21440227776513,14.9378636198841,0.2));
#6538=CARTESIAN_POINT('Ctrl Pts',(9.40641235114784,15.273969342185,0.2));
#6539=CARTESIAN_POINT('Ctrl Pts',(9.48959821197007,15.4195827641494,0.2));
#6540=CARTESIAN_POINT('Ctrl Pts',(9.48448174926255,13.3237436809547,0.));
#6541=CARTESIAN_POINT('Ctrl Pts',(9.48448174926255,13.3237436809547,0.2));
#6542=CARTESIAN_POINT('Ctrl Pts',(9.40271215318601,13.4588376922915,0.));
#6543=CARTESIAN_POINT('Ctrl Pts',(9.40271215318601,13.4588376922915,0.2));
#6544=CARTESIAN_POINT('Ctrl Pts',(9.21693619918825,13.7657637386423,0.));
#6545=CARTESIAN_POINT('Ctrl Pts',(9.21693619918825,13.7657637386423,0.2));
#6546=CARTESIAN_POINT('Ctrl Pts',(9.20806606950967,14.1263203150535,0.));
#6547=CARTESIAN_POINT('Ctrl Pts',(9.20806606950967,14.1263203150535,0.2));
#6548=CARTESIAN_POINT('Ctrl Pts',(9.20310014220688,14.3281773128516,0.));
#6549=CARTESIAN_POINT('Ctrl Pts',(9.20310014220688,14.3281773128516,0.2));
#6550=CARTESIAN_POINT('',(9.48448174926255,13.3237436809547,0.));
#6551=CARTESIAN_POINT('Ctrl Pts',(9.48448174926255,13.3237436809547,0.));
#6552=CARTESIAN_POINT('Ctrl Pts',(9.40271215318601,13.4588376922915,0.));
#6553=CARTESIAN_POINT('Ctrl Pts',(9.21693619918825,13.7657637386423,0.));
#6554=CARTESIAN_POINT('Ctrl Pts',(9.20806606950967,14.1263203150535,0.));
#6555=CARTESIAN_POINT('Ctrl Pts',(9.20310014220688,14.3281773128516,0.));
#6556=CARTESIAN_POINT('',(9.48448174926255,13.3237436809547,0.2));
#6557=CARTESIAN_POINT('',(9.48448174926255,13.3237436809547,0.));
#6558=CARTESIAN_POINT('Ctrl Pts',(9.48448174926255,13.3237436809547,0.2));
#6559=CARTESIAN_POINT('Ctrl Pts',(9.40271215318601,13.4588376922915,0.2));
#6560=CARTESIAN_POINT('Ctrl Pts',(9.21693619918825,13.7657637386423,0.2));
#6561=CARTESIAN_POINT('Ctrl Pts',(9.20806606950967,14.1263203150535,0.2));
#6562=CARTESIAN_POINT('Ctrl Pts',(9.20310014220688,14.3281773128516,0.2));
#6563=CARTESIAN_POINT('Ctrl Pts',(10.1683139178416,12.9946163692481,0.));
#6564=CARTESIAN_POINT('Ctrl Pts',(10.1683139178416,12.9946163692481,0.2));
#6565=CARTESIAN_POINT('Ctrl Pts',(10.0382651097302,13.0094488507129,0.));
#6566=CARTESIAN_POINT('Ctrl Pts',(10.0382651097302,13.0094488507129,0.2));
#6567=CARTESIAN_POINT('Ctrl Pts',(9.77257543370411,13.0397516059035,0.));
#6568=CARTESIAN_POINT('Ctrl Pts',(9.77257543370411,13.0397516059035,0.2));
#6569=CARTESIAN_POINT('Ctrl Pts',(9.58185105740109,13.2277606262821,0.));
#6570=CARTESIAN_POINT('Ctrl Pts',(9.58185105740109,13.2277606262821,0.2));
#6571=CARTESIAN_POINT('Ctrl Pts',(9.48448174926255,13.3237436809547,0.));
#6572=CARTESIAN_POINT('Ctrl Pts',(9.48448174926255,13.3237436809547,0.2));
#6573=CARTESIAN_POINT('',(10.1683139178416,12.9946163692481,0.));
#6574=CARTESIAN_POINT('Ctrl Pts',(10.1683139178416,12.9946163692481,0.));
#6575=CARTESIAN_POINT('Ctrl Pts',(10.0382651097302,13.0094488507129,0.));
#6576=CARTESIAN_POINT('Ctrl Pts',(9.77257543370411,13.0397516059035,0.));
#6577=CARTESIAN_POINT('Ctrl Pts',(9.58185105740109,13.2277606262821,0.));
#6578=CARTESIAN_POINT('Ctrl Pts',(9.48448174926255,13.3237436809547,0.));
#6579=CARTESIAN_POINT('',(10.1683139178416,12.9946163692481,0.2));
#6580=CARTESIAN_POINT('',(10.1683139178416,12.9946163692481,0.));
#6581=CARTESIAN_POINT('Ctrl Pts',(10.1683139178416,12.9946163692481,0.2));
#6582=CARTESIAN_POINT('Ctrl Pts',(10.0382651097302,13.0094488507129,0.2));
#6583=CARTESIAN_POINT('Ctrl Pts',(9.77257543370411,13.0397516059035,0.2));
#6584=CARTESIAN_POINT('Ctrl Pts',(9.58185105740109,13.2277606262821,0.2));
#6585=CARTESIAN_POINT('Ctrl Pts',(9.48448174926255,13.3237436809547,0.2));
#6586=CARTESIAN_POINT('Ctrl Pts',(10.8606719348094,13.3390912809379,0.));
#6587=CARTESIAN_POINT('Ctrl Pts',(10.8606719348094,13.3390912809379,0.2));
#6588=CARTESIAN_POINT('Ctrl Pts',(10.7610642660223,13.238658159401,0.));
#6589=CARTESIAN_POINT('Ctrl Pts',(10.7610642660223,13.238658159401,0.2));
#6590=CARTESIAN_POINT('Ctrl Pts',(10.568789411601,13.0447899155426,0.));
#6591=CARTESIAN_POINT('Ctrl Pts',(10.568789411601,13.0447899155426,0.2));
#6592=CARTESIAN_POINT('Ctrl Pts',(10.2985542183425,13.0109335168599,0.));
#6593=CARTESIAN_POINT('Ctrl Pts',(10.2985542183425,13.0109335168599,0.2));
#6594=CARTESIAN_POINT('Ctrl Pts',(10.1683139178416,12.9946163692481,0.));
#6595=CARTESIAN_POINT('Ctrl Pts',(10.1683139178416,12.9946163692481,0.2));
#6596=CARTESIAN_POINT('',(10.8606719348094,13.3390912809379,0.));
#6597=CARTESIAN_POINT('Ctrl Pts',(10.8606719348094,13.3390912809379,0.));
#6598=CARTESIAN_POINT('Ctrl Pts',(10.7610642660223,13.238658159401,0.));
#6599=CARTESIAN_POINT('Ctrl Pts',(10.568789411601,13.0447899155426,0.));
#6600=CARTESIAN_POINT('Ctrl Pts',(10.2985542183425,13.0109335168599,0.));
#6601=CARTESIAN_POINT('Ctrl Pts',(10.1683139178416,12.9946163692481,0.));
#6602=CARTESIAN_POINT('',(10.8606719348094,13.3390912809379,0.2));
#6603=CARTESIAN_POINT('',(10.8606719348094,13.3390912809379,0.));
#6604=CARTESIAN_POINT('Ctrl Pts',(10.8606719348094,13.3390912809379,0.2));
#6605=CARTESIAN_POINT('Ctrl Pts',(10.7610642660223,13.238658159401,0.2));
#6606=CARTESIAN_POINT('Ctrl Pts',(10.568789411601,13.0447899155426,0.2));
#6607=CARTESIAN_POINT('Ctrl Pts',(10.2985542183425,13.0109335168599,0.2));
#6608=CARTESIAN_POINT('Ctrl Pts',(10.1683139178416,12.9946163692481,0.2));
#6609=CARTESIAN_POINT('Ctrl Pts',(11.1539899680278,14.3793371715552,0.));
#6610=CARTESIAN_POINT('Ctrl Pts',(11.1539899680278,14.3793371715552,0.2));
#6611=CARTESIAN_POINT('Ctrl Pts',(11.1485555836785,14.1709040903617,0.));
#6612=CARTESIAN_POINT('Ctrl Pts',(11.1485555836785,14.1709040903617,0.2));
#6613=CARTESIAN_POINT('Ctrl Pts',(11.1388165463685,13.7973682077493,0.));
#6614=CARTESIAN_POINT('Ctrl Pts',(11.1388165463685,13.7973682077493,0.2));
#6615=CARTESIAN_POINT('Ctrl Pts',(10.9459284452113,13.4795617051486,0.));
#6616=CARTESIAN_POINT('Ctrl Pts',(10.9459284452113,13.4795617051486,0.2));
#6617=CARTESIAN_POINT('Ctrl Pts',(10.8606719348094,13.3390912809379,0.));
#6618=CARTESIAN_POINT('Ctrl Pts',(10.8606719348094,13.3390912809379,0.2));
#6619=CARTESIAN_POINT('',(11.1539899680278,14.3793371715552,0.));
#6620=CARTESIAN_POINT('Ctrl Pts',(11.1539899680278,14.3793371715552,0.));
#6621=CARTESIAN_POINT('Ctrl Pts',(11.1485555836785,14.1709040903617,0.));
#6622=CARTESIAN_POINT('Ctrl Pts',(11.1388165463685,13.7973682077493,0.));
#6623=CARTESIAN_POINT('Ctrl Pts',(10.9459284452113,13.4795617051486,0.));
#6624=CARTESIAN_POINT('Ctrl Pts',(10.8606719348094,13.3390912809379,0.));
#6625=CARTESIAN_POINT('',(11.1539899680278,14.3793371715552,0.2));
#6626=CARTESIAN_POINT('',(11.1539899680278,14.3793371715552,0.));
#6627=CARTESIAN_POINT('Ctrl Pts',(11.1539899680278,14.3793371715552,0.2));
#6628=CARTESIAN_POINT('Ctrl Pts',(11.1485555836785,14.1709040903617,0.2));
#6629=CARTESIAN_POINT('Ctrl Pts',(11.1388165463685,13.7973682077493,0.2));
#6630=CARTESIAN_POINT('Ctrl Pts',(10.9459284452113,13.4795617051486,0.2));
#6631=CARTESIAN_POINT('Ctrl Pts',(10.8606719348094,13.3390912809379,0.2));
#6632=CARTESIAN_POINT('Ctrl Pts',(10.8794307086131,15.4332253732688,0.));
#6633=CARTESIAN_POINT('Ctrl Pts',(10.8794307086131,15.4332253732688,0.2));
#6634=CARTESIAN_POINT('Ctrl Pts',(10.9591401026233,15.2928518734642,0.));
#6635=CARTESIAN_POINT('Ctrl Pts',(10.9591401026233,15.2928518734642,0.2));
#6636=CARTESIAN_POINT('Ctrl Pts',(11.1435697272082,14.9680591411632,0.));
#6637=CARTESIAN_POINT('Ctrl Pts',(11.1435697272082,14.9680591411632,0.2));
#6638=CARTESIAN_POINT('Ctrl Pts',(11.150216111663,14.5925522200902,0.));
#6639=CARTESIAN_POINT('Ctrl Pts',(11.150216111663,14.5925522200902,0.2));
#6640=CARTESIAN_POINT('Ctrl Pts',(11.1539899680278,14.3793371715552,0.));
#6641=CARTESIAN_POINT('Ctrl Pts',(11.1539899680278,14.3793371715552,0.2));
#6642=CARTESIAN_POINT('Ctrl Pts',(10.8794307086131,15.4332253732688,0.));
#6643=CARTESIAN_POINT('Ctrl Pts',(10.9591401026233,15.2928518734642,0.));
#6644=CARTESIAN_POINT('Ctrl Pts',(11.1435697272082,14.9680591411632,0.));
#6645=CARTESIAN_POINT('Ctrl Pts',(11.150216111663,14.5925522200902,0.));
#6646=CARTESIAN_POINT('Ctrl Pts',(11.1539899680278,14.3793371715552,0.));
#6647=CARTESIAN_POINT('Ctrl Pts',(10.8794307086131,15.4332253732688,0.2));
#6648=CARTESIAN_POINT('Ctrl Pts',(10.9591401026233,15.2928518734642,0.2));
#6649=CARTESIAN_POINT('Ctrl Pts',(11.1435697272082,14.9680591411632,0.2));
#6650=CARTESIAN_POINT('Ctrl Pts',(11.150216111663,14.5925522200902,0.2));
#6651=CARTESIAN_POINT('Ctrl Pts',(11.1539899680278,14.3793371715552,0.2));
#6652=CARTESIAN_POINT('Origin',(8.64375585051987,17.5716969766624,0.));
#6653=CARTESIAN_POINT('',(8.64375585051987,17.5716969766624,0.));
#6654=CARTESIAN_POINT('',(8.64375585051987,12.5716969766624,0.));
#6655=CARTESIAN_POINT('',(8.64375585051987,-2.26540151166882,0.));
#6656=CARTESIAN_POINT('',(8.64375585051987,17.5716969766624,0.2));
#6657=CARTESIAN_POINT('',(8.64375585051987,17.5716969766624,0.));
#6658=CARTESIAN_POINT('',(8.64375585051987,12.5716969766624,0.2));
#6659=CARTESIAN_POINT('',(8.64375585051987,17.5716969766624,0.2));
#6660=CARTESIAN_POINT('',(8.64375585051987,12.5716969766624,0.));
#6661=CARTESIAN_POINT('Origin',(9.2542600009105,17.5716969766624,0.));
#6662=CARTESIAN_POINT('',(9.2542600009105,17.5716969766624,0.));
#6663=CARTESIAN_POINT('',(19.1573800004553,17.5716969766624,0.));
#6664=CARTESIAN_POINT('',(9.2542600009105,17.5716969766624,0.2));
#6665=CARTESIAN_POINT('',(9.2542600009105,17.5716969766624,0.));
#6666=CARTESIAN_POINT('',(9.2542600009105,17.5716969766624,0.2));
#6667=CARTESIAN_POINT('Origin',(9.2542600009105,15.7776999869353,0.));
#6668=CARTESIAN_POINT('',(9.2542600009105,15.7776999869353,0.));
#6669=CARTESIAN_POINT('',(9.2542600009105,-3.16240000653233,0.));
#6670=CARTESIAN_POINT('',(9.2542600009105,15.7776999869353,0.2));
#6671=CARTESIAN_POINT('',(9.2542600009105,15.7776999869353,0.));
#6672=CARTESIAN_POINT('',(9.2542600009105,15.7776999869353,0.2));
#6673=CARTESIAN_POINT('Ctrl Pts',(9.67036241027329,16.1375227966315,0.));
#6674=CARTESIAN_POINT('Ctrl Pts',(9.67036241027329,16.1375227966315,0.2));
#6675=CARTESIAN_POINT('Ctrl Pts',(9.58951235180544,16.088596855346,0.));
#6676=CARTESIAN_POINT('Ctrl Pts',(9.58951235180544,16.088596855346,0.2));
#6677=CARTESIAN_POINT('Ctrl Pts',(9.43032222162032,15.9922638766162,0.));
#6678=CARTESIAN_POINT('Ctrl Pts',(9.43032222162032,15.9922638766162,0.2));
#6679=CARTESIAN_POINT('Ctrl Pts',(9.3123272567232,15.8484655164171,0.));
#6680=CARTESIAN_POINT('Ctrl Pts',(9.3123272567232,15.8484655164171,0.2));
#6681=CARTESIAN_POINT('Ctrl Pts',(9.2542600009105,15.7776999869353,0.));
#6682=CARTESIAN_POINT('Ctrl Pts',(9.2542600009105,15.7776999869353,0.2));
#6683=CARTESIAN_POINT('',(9.67036241027329,16.1375227966315,0.));
#6684=CARTESIAN_POINT('Ctrl Pts',(9.67036241027329,16.1375227966315,0.));
#6685=CARTESIAN_POINT('Ctrl Pts',(9.58951235180544,16.088596855346,0.));
#6686=CARTESIAN_POINT('Ctrl Pts',(9.43032222162032,15.9922638766162,0.));
#6687=CARTESIAN_POINT('Ctrl Pts',(9.3123272567232,15.8484655164171,0.));
#6688=CARTESIAN_POINT('Ctrl Pts',(9.2542600009105,15.7776999869353,0.));
#6689=CARTESIAN_POINT('',(9.67036241027329,16.1375227966315,0.2));
#6690=CARTESIAN_POINT('',(9.67036241027329,16.1375227966315,0.));
#6691=CARTESIAN_POINT('Ctrl Pts',(9.67036241027329,16.1375227966315,0.2));
#6692=CARTESIAN_POINT('Ctrl Pts',(9.58951235180544,16.088596855346,0.2));
#6693=CARTESIAN_POINT('Ctrl Pts',(9.43032222162032,15.9922638766162,0.2));
#6694=CARTESIAN_POINT('Ctrl Pts',(9.3123272567232,15.8484655164171,0.2));
#6695=CARTESIAN_POINT('Ctrl Pts',(9.2542600009105,15.7776999869353,0.2));
#6696=CARTESIAN_POINT('Ctrl Pts',(10.2535819384715,16.2756535806663,0.));
#6697=CARTESIAN_POINT('Ctrl Pts',(10.2535819384715,16.2756535806663,0.2));
#6698=CARTESIAN_POINT('Ctrl Pts',(10.1488416681304,16.2706485802227,0.));
#6699=CARTESIAN_POINT('Ctrl Pts',(10.1488416681304,16.2706485802227,0.2));
#6700=CARTESIAN_POINT('Ctrl Pts',(9.94567886703754,16.260940471715,0.));
#6701=CARTESIAN_POINT('Ctrl Pts',(9.94567886703754,16.260940471715,0.2));
#6702=CARTESIAN_POINT('Ctrl Pts',(9.76021207990606,16.1778002194323,0.));
#6703=CARTESIAN_POINT('Ctrl Pts',(9.76021207990606,16.1778002194323,0.2));
#6704=CARTESIAN_POINT('Ctrl Pts',(9.67036241027329,16.1375227966315,0.));
#6705=CARTESIAN_POINT('Ctrl Pts',(9.67036241027329,16.1375227966315,0.2));
#6706=CARTESIAN_POINT('',(10.2535819384715,16.2756535806663,0.));
#6707=CARTESIAN_POINT('Ctrl Pts',(10.2535819384715,16.2756535806663,0.));
#6708=CARTESIAN_POINT('Ctrl Pts',(10.1488416681304,16.2706485802227,0.));
#6709=CARTESIAN_POINT('Ctrl Pts',(9.94567886703754,16.260940471715,0.));
#6710=CARTESIAN_POINT('Ctrl Pts',(9.76021207990606,16.1778002194323,0.));
#6711=CARTESIAN_POINT('Ctrl Pts',(9.67036241027329,16.1375227966315,0.));
#6712=CARTESIAN_POINT('',(10.2535819384715,16.2756535806663,0.2));
#6713=CARTESIAN_POINT('',(10.2535819384715,16.2756535806663,0.));
#6714=CARTESIAN_POINT('Ctrl Pts',(10.2535819384715,16.2756535806663,0.2));
#6715=CARTESIAN_POINT('Ctrl Pts',(10.1488416681304,16.2706485802227,0.2));
#6716=CARTESIAN_POINT('Ctrl Pts',(9.94567886703754,16.260940471715,0.2));
#6717=CARTESIAN_POINT('Ctrl Pts',(9.76021207990606,16.1778002194323,0.2));
#6718=CARTESIAN_POINT('Ctrl Pts',(9.67036241027329,16.1375227966315,0.2));
#6719=CARTESIAN_POINT('Ctrl Pts',(11.0619007918498,16.0403195419318,0.));
#6720=CARTESIAN_POINT('Ctrl Pts',(11.0619007918498,16.0403195419318,0.2));
#6721=CARTESIAN_POINT('Ctrl Pts',(10.9371559183715,16.1089570125655,0.));
#6722=CARTESIAN_POINT('Ctrl Pts',(10.9371559183715,16.1089570125655,0.2));
#6723=CARTESIAN_POINT('Ctrl Pts',(10.6853118000261,16.2475273825953,0.));
#6724=CARTESIAN_POINT('Ctrl Pts',(10.6853118000261,16.2475273825953,0.2));
#6725=CARTESIAN_POINT('Ctrl Pts',(10.398386003451,16.2662199320453,0.));
#6726=CARTESIAN_POINT('Ctrl Pts',(10.398386003451,16.2662199320453,0.2));
#6727=CARTESIAN_POINT('Ctrl Pts',(10.2535819384715,16.2756535806663,0.));
#6728=CARTESIAN_POINT('Ctrl Pts',(10.2535819384715,16.2756535806663,0.2));
#6729=CARTESIAN_POINT('',(11.0619007918498,16.0403195419318,0.));
#6730=CARTESIAN_POINT('Ctrl Pts',(11.0619007918498,16.0403195419318,0.));
#6731=CARTESIAN_POINT('Ctrl Pts',(10.9371559183715,16.1089570125655,0.));
#6732=CARTESIAN_POINT('Ctrl Pts',(10.6853118000261,16.2475273825953,0.));
#6733=CARTESIAN_POINT('Ctrl Pts',(10.398386003451,16.2662199320453,0.));
#6734=CARTESIAN_POINT('Ctrl Pts',(10.2535819384715,16.2756535806663,0.));
#6735=CARTESIAN_POINT('',(11.0619007918498,16.0403195419318,0.2));
#6736=CARTESIAN_POINT('',(11.0619007918498,16.0403195419318,0.));
#6737=CARTESIAN_POINT('Ctrl Pts',(11.0619007918498,16.0403195419318,0.2));
#6738=CARTESIAN_POINT('Ctrl Pts',(10.9371559183715,16.1089570125655,0.2));
#6739=CARTESIAN_POINT('Ctrl Pts',(10.6853118000261,16.2475273825953,0.2));
#6740=CARTESIAN_POINT('Ctrl Pts',(10.398386003451,16.2662199320453,0.2));
#6741=CARTESIAN_POINT('Ctrl Pts',(10.2535819384715,16.2756535806663,0.2));
#6742=CARTESIAN_POINT('Ctrl Pts',(11.6041933867595,15.3633070387847,0.));
#6743=CARTESIAN_POINT('Ctrl Pts',(11.6041933867595,15.3633070387847,0.2));
#6744=CARTESIAN_POINT('Ctrl Pts',(11.5381149904372,15.5008031877605,0.));
#6745=CARTESIAN_POINT('Ctrl Pts',(11.5381149904372,15.5008031877605,0.2));
#6746=CARTESIAN_POINT('Ctrl Pts',(11.4094369701235,15.7685568445631,0.));
#6747=CARTESIAN_POINT('Ctrl Pts',(11.4094369701235,15.7685568445631,0.2));
#6748=CARTESIAN_POINT('Ctrl Pts',(11.1756393009284,15.9513794949548,0.));
#6749=CARTESIAN_POINT('Ctrl Pts',(11.1756393009284,15.9513794949548,0.2));
#6750=CARTESIAN_POINT('Ctrl Pts',(11.0619007918498,16.0403195419318,0.));
#6751=CARTESIAN_POINT('Ctrl Pts',(11.0619007918498,16.0403195419318,0.2));
#6752=CARTESIAN_POINT('',(11.6041933867595,15.3633070387847,0.));
#6753=CARTESIAN_POINT('Ctrl Pts',(11.6041933867595,15.3633070387847,0.));
#6754=CARTESIAN_POINT('Ctrl Pts',(11.5381149904372,15.5008031877605,0.));
#6755=CARTESIAN_POINT('Ctrl Pts',(11.4094369701235,15.7685568445631,0.));
#6756=CARTESIAN_POINT('Ctrl Pts',(11.1756393009284,15.9513794949548,0.));
#6757=CARTESIAN_POINT('Ctrl Pts',(11.0619007918498,16.0403195419318,0.));
#6758=CARTESIAN_POINT('',(11.6041933867595,15.3633070387847,0.2));
#6759=CARTESIAN_POINT('',(11.6041933867595,15.3633070387847,0.));
#6760=CARTESIAN_POINT('Ctrl Pts',(11.6041933867595,15.3633070387847,0.2));
#6761=CARTESIAN_POINT('Ctrl Pts',(11.5381149904372,15.5008031877605,0.2));
#6762=CARTESIAN_POINT('Ctrl Pts',(11.4094369701235,15.7685568445631,0.2));
#6763=CARTESIAN_POINT('Ctrl Pts',(11.1756393009284,15.9513794949548,0.2));
#6764=CARTESIAN_POINT('Ctrl Pts',(11.0619007918498,16.0403195419318,0.2));
#6765=CARTESIAN_POINT('Ctrl Pts',(11.7849575850627,14.3793371715552,0.));
#6766=CARTESIAN_POINT('Ctrl Pts',(11.7849575850627,14.3793371715552,0.2));
#6767=CARTESIAN_POINT('Ctrl Pts',(11.7784648155213,14.5533197671927,0.));
#6768=CARTESIAN_POINT('Ctrl Pts',(11.7784648155213,14.5533197671927,0.2));
#6769=CARTESIAN_POINT('Ctrl Pts',(11.7658919051488,14.8902280106455,0.));
#6770=CARTESIAN_POINT('Ctrl Pts',(11.7658919051488,14.8902280106455,0.2));
#6771=CARTESIAN_POINT('Ctrl Pts',(11.6569005687245,15.2091023950542,0.));
#6772=CARTESIAN_POINT('Ctrl Pts',(11.6569005687245,15.2091023950542,0.2));
#6773=CARTESIAN_POINT('Ctrl Pts',(11.6041933867595,15.3633070387847,0.));
#6774=CARTESIAN_POINT('Ctrl Pts',(11.6041933867595,15.3633070387847,0.2));
#6775=CARTESIAN_POINT('',(11.7849575850627,14.3793371715552,0.));
#6776=CARTESIAN_POINT('Ctrl Pts',(11.7849575850627,14.3793371715552,0.));
#6777=CARTESIAN_POINT('Ctrl Pts',(11.7784648155213,14.5533197671927,0.));
#6778=CARTESIAN_POINT('Ctrl Pts',(11.7658919051488,14.8902280106455,0.));
#6779=CARTESIAN_POINT('Ctrl Pts',(11.6569005687245,15.2091023950542,0.));
#6780=CARTESIAN_POINT('Ctrl Pts',(11.6041933867595,15.3633070387847,0.));
#6781=CARTESIAN_POINT('',(11.7849575850627,14.3793371715552,0.2));
#6782=CARTESIAN_POINT('',(11.7849575850627,14.3793371715552,0.));
#6783=CARTESIAN_POINT('Ctrl Pts',(11.7849575850627,14.3793371715552,0.2));
#6784=CARTESIAN_POINT('Ctrl Pts',(11.7784648155213,14.5533197671927,0.2));
#6785=CARTESIAN_POINT('Ctrl Pts',(11.7658919051488,14.8902280106455,0.2));
#6786=CARTESIAN_POINT('Ctrl Pts',(11.6569005687245,15.2091023950542,0.2));
#6787=CARTESIAN_POINT('Ctrl Pts',(11.6041933867595,15.3633070387847,0.2));
#6788=CARTESIAN_POINT('Ctrl Pts',(11.5854346129558,13.3953670063026,0.));
#6789=CARTESIAN_POINT('Ctrl Pts',(11.5854346129558,13.3953670063026,0.2));
#6790=CARTESIAN_POINT('Ctrl Pts',(11.6436004460278,13.5469836000988,0.));
#6791=CARTESIAN_POINT('Ctrl Pts',(11.6436004460278,13.5469836000988,0.2));
#6792=CARTESIAN_POINT('Ctrl Pts',(11.765053391974,13.8635660506257,0.));
#6793=CARTESIAN_POINT('Ctrl Pts',(11.765053391974,13.8635660506257,0.2));
#6794=CARTESIAN_POINT('Ctrl Pts',(11.7781389290402,14.2026474738474,0.));
#6795=CARTESIAN_POINT('Ctrl Pts',(11.7781389290402,14.2026474738474,0.2));
#6796=CARTESIAN_POINT('Ctrl Pts',(11.7849575850627,14.3793371715552,0.));
#6797=CARTESIAN_POINT('Ctrl Pts',(11.7849575850627,14.3793371715552,0.2));
#6798=CARTESIAN_POINT('',(11.5854346129558,13.3953670063026,0.));
#6799=CARTESIAN_POINT('Ctrl Pts',(11.5854346129558,13.3953670063026,0.));
#6800=CARTESIAN_POINT('Ctrl Pts',(11.6436004460278,13.5469836000988,0.));
#6801=CARTESIAN_POINT('Ctrl Pts',(11.765053391974,13.8635660506257,0.));
#6802=CARTESIAN_POINT('Ctrl Pts',(11.7781389290402,14.2026474738474,0.));
#6803=CARTESIAN_POINT('Ctrl Pts',(11.7849575850627,14.3793371715552,0.));
#6804=CARTESIAN_POINT('',(11.5854346129558,13.3953670063026,0.2));
#6805=CARTESIAN_POINT('',(11.5854346129558,13.3953670063026,0.));
#6806=CARTESIAN_POINT('Ctrl Pts',(11.5854346129558,13.3953670063026,0.2));
#6807=CARTESIAN_POINT('Ctrl Pts',(11.6436004460278,13.5469836000988,0.2));
#6808=CARTESIAN_POINT('Ctrl Pts',(11.765053391974,13.8635660506257,0.2));
#6809=CARTESIAN_POINT('Ctrl Pts',(11.7781389290402,14.2026474738474,0.2));
#6810=CARTESIAN_POINT('Ctrl Pts',(11.7849575850627,14.3793371715552,0.2));
#6811=CARTESIAN_POINT('Ctrl Pts',(11.0226785514018,12.7285865345008,0.));
#6812=CARTESIAN_POINT('Ctrl Pts',(11.0226785514018,12.7285865345008,0.2));
#6813=CARTESIAN_POINT('Ctrl Pts',(11.137627288075,12.8175611293712,0.));
#6814=CARTESIAN_POINT('Ctrl Pts',(11.137627288075,12.8175611293712,0.2));
#6815=CARTESIAN_POINT('Ctrl Pts',(11.372683190362,12.9995031348529,0.));
#6816=CARTESIAN_POINT('Ctrl Pts',(11.372683190362,12.9995031348529,0.2));
#6817=CARTESIAN_POINT('Ctrl Pts',(11.5134874634419,13.2614958584668,0.));
#6818=CARTESIAN_POINT('Ctrl Pts',(11.5134874634419,13.2614958584668,0.2));
#6819=CARTESIAN_POINT('Ctrl Pts',(11.5854346129558,13.3953670063026,0.));
#6820=CARTESIAN_POINT('Ctrl Pts',(11.5854346129558,13.3953670063026,0.2));
#6821=CARTESIAN_POINT('',(11.0226785514018,12.7285865345008,0.));
#6822=CARTESIAN_POINT('Ctrl Pts',(11.0226785514018,12.7285865345008,0.));
#6823=CARTESIAN_POINT('Ctrl Pts',(11.137627288075,12.8175611293712,0.));
#6824=CARTESIAN_POINT('Ctrl Pts',(11.372683190362,12.9995031348529,0.));
#6825=CARTESIAN_POINT('Ctrl Pts',(11.5134874634419,13.2614958584668,0.));
#6826=CARTESIAN_POINT('Ctrl Pts',(11.5854346129558,13.3953670063026,0.));
#6827=CARTESIAN_POINT('',(11.0226785514018,12.7285865345008,0.2));
#6828=CARTESIAN_POINT('',(11.0226785514018,12.7285865345008,0.));
#6829=CARTESIAN_POINT('Ctrl Pts',(11.0226785514018,12.7285865345008,0.2));
#6830=CARTESIAN_POINT('Ctrl Pts',(11.137627288075,12.8175611293712,0.2));
#6831=CARTESIAN_POINT('Ctrl Pts',(11.372683190362,12.9995031348529,0.2));
#6832=CARTESIAN_POINT('Ctrl Pts',(11.5134874634419,13.2614958584668,0.2));
#6833=CARTESIAN_POINT('Ctrl Pts',(11.5854346129558,13.3953670063026,0.2));
#6834=CARTESIAN_POINT('Ctrl Pts',(10.2262925479076,12.4898413219459,0.));
#6835=CARTESIAN_POINT('Ctrl Pts',(10.2262925479076,12.4898413219459,0.2));
#6836=CARTESIAN_POINT('Ctrl Pts',(10.3678198965179,12.4998260125212,0.));
#6837=CARTESIAN_POINT('Ctrl Pts',(10.3678198965179,12.4998260125212,0.2));
#6838=CARTESIAN_POINT('Ctrl Pts',(10.6511382186693,12.5198139922918,0.));
#6839=CARTESIAN_POINT('Ctrl Pts',(10.6511382186693,12.5198139922918,0.2));
#6840=CARTESIAN_POINT('Ctrl Pts',(10.8987549721677,12.658952531414,0.));
#6841=CARTESIAN_POINT('Ctrl Pts',(10.8987549721677,12.658952531414,0.2));
#6842=CARTESIAN_POINT('Ctrl Pts',(11.0226785514018,12.7285865345008,0.));
#6843=CARTESIAN_POINT('Ctrl Pts',(11.0226785514018,12.7285865345008,0.2));
#6844=CARTESIAN_POINT('',(10.2262925479076,12.4898413219459,0.));
#6845=CARTESIAN_POINT('Ctrl Pts',(10.2262925479076,12.4898413219459,0.));
#6846=CARTESIAN_POINT('Ctrl Pts',(10.3678198965179,12.4998260125212,0.));
#6847=CARTESIAN_POINT('Ctrl Pts',(10.6511382186693,12.5198139922918,0.));
#6848=CARTESIAN_POINT('Ctrl Pts',(10.8987549721677,12.658952531414,0.));
#6849=CARTESIAN_POINT('Ctrl Pts',(11.0226785514018,12.7285865345008,0.));
#6850=CARTESIAN_POINT('',(10.2262925479076,12.4898413219459,0.2));
#6851=CARTESIAN_POINT('',(10.2262925479076,12.4898413219459,0.));
#6852=CARTESIAN_POINT('Ctrl Pts',(10.2262925479076,12.4898413219459,0.2));
#6853=CARTESIAN_POINT('Ctrl Pts',(10.3678198965179,12.4998260125212,0.2));
#6854=CARTESIAN_POINT('Ctrl Pts',(10.6511382186693,12.5198139922918,0.2));
#6855=CARTESIAN_POINT('Ctrl Pts',(10.8987549721677,12.658952531414,0.2));
#6856=CARTESIAN_POINT('Ctrl Pts',(11.0226785514018,12.7285865345008,0.2));
#6857=CARTESIAN_POINT('Ctrl Pts',(9.21333306762192,13.028722743035,0.));
#6858=CARTESIAN_POINT('Ctrl Pts',(9.21333306762192,13.028722743035,0.2));
#6859=CARTESIAN_POINT('Ctrl Pts',(9.34311250460702,12.8715568334308,0.));
#6860=CARTESIAN_POINT('Ctrl Pts',(9.34311250460702,12.8715568334308,0.2));
#6861=CARTESIAN_POINT('Ctrl Pts',(9.60618657231938,12.5529680330336,0.));
#6862=CARTESIAN_POINT('Ctrl Pts',(9.60618657231938,12.5529680330336,0.2));
#6863=CARTESIAN_POINT('Ctrl Pts',(10.0177574205042,12.5110701719448,0.));
#6864=CARTESIAN_POINT('Ctrl Pts',(10.0177574205042,12.5110701719448,0.2));
#6865=CARTESIAN_POINT('Ctrl Pts',(10.2262925479076,12.4898413219459,0.));
#6866=CARTESIAN_POINT('Ctrl Pts',(10.2262925479076,12.4898413219459,0.2));
#6867=CARTESIAN_POINT('',(9.21333306762192,13.028722743035,0.));
#6868=CARTESIAN_POINT('Ctrl Pts',(9.21333306762192,13.028722743035,0.));
#6869=CARTESIAN_POINT('Ctrl Pts',(9.34311250460702,12.8715568334308,0.));
#6870=CARTESIAN_POINT('Ctrl Pts',(9.60618657231938,12.5529680330336,0.));
#6871=CARTESIAN_POINT('Ctrl Pts',(10.0177574205042,12.5110701719448,0.));
#6872=CARTESIAN_POINT('Ctrl Pts',(10.2262925479076,12.4898413219459,0.));
#6873=CARTESIAN_POINT('',(9.21333306762192,13.028722743035,0.2));
#6874=CARTESIAN_POINT('',(9.21333306762192,13.028722743035,0.));
#6875=CARTESIAN_POINT('Ctrl Pts',(9.21333306762192,13.028722743035,0.2));
#6876=CARTESIAN_POINT('Ctrl Pts',(9.34311250460702,12.8715568334308,0.2));
#6877=CARTESIAN_POINT('Ctrl Pts',(9.60618657231938,12.5529680330336,0.2));
#6878=CARTESIAN_POINT('Ctrl Pts',(10.0177574205042,12.5110701719448,0.2));
#6879=CARTESIAN_POINT('Ctrl Pts',(10.2262925479076,12.4898413219459,0.2));
#6880=CARTESIAN_POINT('Origin',(9.21333306762192,12.5716969766624,0.));
#6881=CARTESIAN_POINT('',(9.21333306762192,12.5716969766624,0.));
#6882=CARTESIAN_POINT('',(9.21333306762192,-4.76540151166882,0.));
#6883=CARTESIAN_POINT('',(9.21333306762192,12.5716969766624,0.2));
#6884=CARTESIAN_POINT('',(9.21333306762192,12.5716969766624,0.));
#6885=CARTESIAN_POINT('',(9.21333306762192,12.5716969766624,0.2));
#6886=CARTESIAN_POINT('Origin',(8.64375585051987,12.5716969766624,0.));
#6887=CARTESIAN_POINT('',(18.8521279252599,12.5716969766624,0.));
#6888=CARTESIAN_POINT('',(8.64375585051987,12.5716969766624,0.2));
#6889=CARTESIAN_POINT('Origin',(20.3712462756297,14.377631584645,0.2));
#6890=CARTESIAN_POINT('Ctrl Pts',(17.780865368571,15.7947531738288,0.));
#6891=CARTESIAN_POINT('Ctrl Pts',(17.780865368571,15.7947531738288,0.2));
#6892=CARTESIAN_POINT('Ctrl Pts',(17.9103042079095,15.7763696358634,0.));
#6893=CARTESIAN_POINT('Ctrl Pts',(17.9103042079095,15.7763696358634,0.2));
#6894=CARTESIAN_POINT('Ctrl Pts',(18.184296630257,15.7374558900031,0.));
#6895=CARTESIAN_POINT('Ctrl Pts',(18.184296630257,15.7374558900031,0.2));
#6896=CARTESIAN_POINT('Ctrl Pts',(18.3745540134625,15.5349483348995,0.));
#6897=CARTESIAN_POINT('Ctrl Pts',(18.3745540134625,15.5349483348995,0.2));
#6898=CARTESIAN_POINT('Ctrl Pts',(18.4749304625652,15.4281089105613,0.));
#6899=CARTESIAN_POINT('Ctrl Pts',(18.4749304625652,15.4281089105613,0.2));
#6900=CARTESIAN_POINT('',(17.780865368571,15.7947531738288,0.));
#6901=CARTESIAN_POINT('',(18.4749304625652,15.4281089105613,0.));
#6902=CARTESIAN_POINT('Ctrl Pts',(17.780865368571,15.7947531738288,0.));
#6903=CARTESIAN_POINT('Ctrl Pts',(17.9103042079095,15.7763696358634,0.));
#6904=CARTESIAN_POINT('Ctrl Pts',(18.184296630257,15.7374558900031,0.));
#6905=CARTESIAN_POINT('Ctrl Pts',(18.3745540134625,15.5349483348995,0.));
#6906=CARTESIAN_POINT('Ctrl Pts',(18.4749304625652,15.4281089105613,0.));
#6907=CARTESIAN_POINT('',(17.780865368571,15.7947531738288,0.2));
#6908=CARTESIAN_POINT('',(17.780865368571,15.7947531738288,0.));
#6909=CARTESIAN_POINT('',(18.4749304625652,15.4281089105613,0.2));
#6910=CARTESIAN_POINT('Ctrl Pts',(17.780865368571,15.7947531738288,0.2));
#6911=CARTESIAN_POINT('Ctrl Pts',(17.9103042079095,15.7763696358634,0.2));
#6912=CARTESIAN_POINT('Ctrl Pts',(18.184296630257,15.7374558900031,0.2));
#6913=CARTESIAN_POINT('Ctrl Pts',(18.3745540134625,15.5349483348995,0.2));
#6914=CARTESIAN_POINT('Ctrl Pts',(18.4749304625652,15.4281089105613,0.2));
#6915=CARTESIAN_POINT('',(18.4749304625652,15.4281089105613,0.));
#6916=CARTESIAN_POINT('Ctrl Pts',(17.1004425856731,15.450278262139,0.));
#6917=CARTESIAN_POINT('Ctrl Pts',(17.1004425856731,15.450278262139,0.2));
#6918=CARTESIAN_POINT('Ctrl Pts',(17.1975095081096,15.5507132472322,0.));
#6919=CARTESIAN_POINT('Ctrl Pts',(17.1975095081096,15.5507132472322,0.2));
#6920=CARTESIAN_POINT('Ctrl Pts',(17.3850358687736,15.7447464643683,0.));
#6921=CARTESIAN_POINT('Ctrl Pts',(17.3850358687736,15.7447464643683,0.2));
#6922=CARTESIAN_POINT('Ctrl Pts',(17.6520583779682,15.7784804762182,0.));
#6923=CARTESIAN_POINT('Ctrl Pts',(17.6520583779682,15.7784804762182,0.2));
#6924=CARTESIAN_POINT('Ctrl Pts',(17.780865368571,15.7947531738288,0.));
#6925=CARTESIAN_POINT('Ctrl Pts',(17.780865368571,15.7947531738288,0.2));
#6926=CARTESIAN_POINT('',(17.1004425856731,15.450278262139,0.));
#6927=CARTESIAN_POINT('Ctrl Pts',(17.1004425856731,15.450278262139,0.));
#6928=CARTESIAN_POINT('Ctrl Pts',(17.1975095081096,15.5507132472322,0.));
#6929=CARTESIAN_POINT('Ctrl Pts',(17.3850358687736,15.7447464643683,0.));
#6930=CARTESIAN_POINT('Ctrl Pts',(17.6520583779682,15.7784804762182,0.));
#6931=CARTESIAN_POINT('Ctrl Pts',(17.780865368571,15.7947531738288,0.));
#6932=CARTESIAN_POINT('',(17.1004425856731,15.450278262139,0.2));
#6933=CARTESIAN_POINT('',(17.1004425856731,15.450278262139,0.));
#6934=CARTESIAN_POINT('Ctrl Pts',(17.1004425856731,15.450278262139,0.2));
#6935=CARTESIAN_POINT('Ctrl Pts',(17.1975095081096,15.5507132472322,0.2));
#6936=CARTESIAN_POINT('Ctrl Pts',(17.3850358687736,15.7447464643683,0.2));
#6937=CARTESIAN_POINT('Ctrl Pts',(17.6520583779682,15.7784804762182,0.2));
#6938=CARTESIAN_POINT('Ctrl Pts',(17.780865368571,15.7947531738288,0.2));
#6939=CARTESIAN_POINT('Ctrl Pts',(16.815653977122,14.4134435453422,0.));
#6940=CARTESIAN_POINT('Ctrl Pts',(16.815653977122,14.4134435453422,0.2));
#6941=CARTESIAN_POINT('Ctrl Pts',(16.8208327551415,14.620743563124,0.));
#6942=CARTESIAN_POINT('Ctrl Pts',(16.8208327551415,14.620743563124,0.2));
#6943=CARTESIAN_POINT('Ctrl Pts',(16.8301016555297,14.991766072313,0.));
#6944=CARTESIAN_POINT('Ctrl Pts',(16.8301016555297,14.991766072313,0.2));
#6945=CARTESIAN_POINT('Ctrl Pts',(17.0176724979433,15.3098959154595,0.));
#6946=CARTESIAN_POINT('Ctrl Pts',(17.0176724979433,15.3098959154595,0.2));
#6947=CARTESIAN_POINT('Ctrl Pts',(17.1004425856731,15.450278262139,0.));
#6948=CARTESIAN_POINT('Ctrl Pts',(17.1004425856731,15.450278262139,0.2));
#6949=CARTESIAN_POINT('',(16.815653977122,14.4134435453422,0.));
#6950=CARTESIAN_POINT('Ctrl Pts',(16.815653977122,14.4134435453422,0.));
#6951=CARTESIAN_POINT('Ctrl Pts',(16.8208327551415,14.620743563124,0.));
#6952=CARTESIAN_POINT('Ctrl Pts',(16.8301016555297,14.991766072313,0.));
#6953=CARTESIAN_POINT('Ctrl Pts',(17.0176724979433,15.3098959154595,0.));
#6954=CARTESIAN_POINT('Ctrl Pts',(17.1004425856731,15.450278262139,0.));
#6955=CARTESIAN_POINT('',(16.815653977122,14.4134435453422,0.2));
#6956=CARTESIAN_POINT('',(16.815653977122,14.4134435453422,0.));
#6957=CARTESIAN_POINT('Ctrl Pts',(16.815653977122,14.4134435453422,0.2));
#6958=CARTESIAN_POINT('Ctrl Pts',(16.8208327551415,14.620743563124,0.2));
#6959=CARTESIAN_POINT('Ctrl Pts',(16.8301016555297,14.991766072313,0.2));
#6960=CARTESIAN_POINT('Ctrl Pts',(17.0176724979433,15.3098959154595,0.2));
#6961=CARTESIAN_POINT('Ctrl Pts',(17.1004425856731,15.450278262139,0.2));
#6962=CARTESIAN_POINT('Ctrl Pts',(17.1072637412212,13.3407965698249,0.));
#6963=CARTESIAN_POINT('Ctrl Pts',(17.1072637412212,13.3407965698249,0.2));
#6964=CARTESIAN_POINT('Ctrl Pts',(17.0225579647857,13.4843896663169,0.));
#6965=CARTESIAN_POINT('Ctrl Pts',(17.0225579647857,13.4843896663169,0.2));
#6966=CARTESIAN_POINT('Ctrl Pts',(16.8285316789165,13.8133027152402,0.));
#6967=CARTESIAN_POINT('Ctrl Pts',(16.8285316789165,13.8133027152402,0.2));
#6968=CARTESIAN_POINT('Ctrl Pts',(16.820294859908,14.1971640187587,0.));
#6969=CARTESIAN_POINT('Ctrl Pts',(16.820294859908,14.1971640187587,0.2));
#6970=CARTESIAN_POINT('Ctrl Pts',(16.815653977122,14.4134435453422,0.));
#6971=CARTESIAN_POINT('Ctrl Pts',(16.815653977122,14.4134435453422,0.2));
#6972=CARTESIAN_POINT('',(17.1072637412212,13.3407965698249,0.));
#6973=CARTESIAN_POINT('Ctrl Pts',(17.1072637412212,13.3407965698249,0.));
#6974=CARTESIAN_POINT('Ctrl Pts',(17.0225579647857,13.4843896663169,0.));
#6975=CARTESIAN_POINT('Ctrl Pts',(16.8285316789165,13.8133027152402,0.));
#6976=CARTESIAN_POINT('Ctrl Pts',(16.820294859908,14.1971640187587,0.));
#6977=CARTESIAN_POINT('Ctrl Pts',(16.815653977122,14.4134435453422,0.));
#6978=CARTESIAN_POINT('',(17.1072637412212,13.3407965698249,0.2));
#6979=CARTESIAN_POINT('',(17.1072637412212,13.3407965698249,0.));
#6980=CARTESIAN_POINT('Ctrl Pts',(17.1072637412212,13.3407965698249,0.2));
#6981=CARTESIAN_POINT('Ctrl Pts',(17.0225579647857,13.4843896663169,0.2));
#6982=CARTESIAN_POINT('Ctrl Pts',(16.8285316789165,13.8133027152402,0.2));
#6983=CARTESIAN_POINT('Ctrl Pts',(16.820294859908,14.1971640187587,0.2));
#6984=CARTESIAN_POINT('Ctrl Pts',(16.815653977122,14.4134435453422,0.2));
#6985=CARTESIAN_POINT('Ctrl Pts',(17.8081499907634,12.9946163692481,0.));
#6986=CARTESIAN_POINT('Ctrl Pts',(17.8081499907634,12.9946163692481,0.2));
#6987=CARTESIAN_POINT('Ctrl Pts',(17.6753043752991,13.0106436365936,0.));
#6988=CARTESIAN_POINT('Ctrl Pts',(17.6753043752991,13.0106436365936,0.2));
#6989=CARTESIAN_POINT('Ctrl Pts',(17.4016738900341,13.0436560090825,0.));
#6990=CARTESIAN_POINT('Ctrl Pts',(17.4016738900341,13.0436560090825,0.2));
#6991=CARTESIAN_POINT('Ctrl Pts',(17.2072805334611,13.2398522041172,0.));
#6992=CARTESIAN_POINT('Ctrl Pts',(17.2072805334611,13.2398522041172,0.2));
#6993=CARTESIAN_POINT('Ctrl Pts',(17.1072637412212,13.3407965698249,0.));
#6994=CARTESIAN_POINT('Ctrl Pts',(17.1072637412212,13.3407965698249,0.2));
#6995=CARTESIAN_POINT('',(17.8081499907634,12.9946163692481,0.));
#6996=CARTESIAN_POINT('Ctrl Pts',(17.8081499907634,12.9946163692481,0.));
#6997=CARTESIAN_POINT('Ctrl Pts',(17.6753043752991,13.0106436365936,0.));
#6998=CARTESIAN_POINT('Ctrl Pts',(17.4016738900341,13.0436560090825,0.));
#6999=CARTESIAN_POINT('Ctrl Pts',(17.2072805334611,13.2398522041172,0.));
#7000=CARTESIAN_POINT('Ctrl Pts',(17.1072637412212,13.3407965698249,0.));
#7001=CARTESIAN_POINT('',(17.8081499907634,12.9946163692481,0.2));
#7002=CARTESIAN_POINT('',(17.8081499907634,12.9946163692481,0.));
#7003=CARTESIAN_POINT('Ctrl Pts',(17.8081499907634,12.9946163692481,0.2));
#7004=CARTESIAN_POINT('Ctrl Pts',(17.6753043752991,13.0106436365936,0.2));
#7005=CARTESIAN_POINT('Ctrl Pts',(17.4016738900341,13.0436560090825,0.2));
#7006=CARTESIAN_POINT('Ctrl Pts',(17.2072805334611,13.2398522041172,0.2));
#7007=CARTESIAN_POINT('Ctrl Pts',(17.1072637412212,13.3407965698249,0.2));
#7008=CARTESIAN_POINT('Ctrl Pts',(18.4936892363689,13.3288595476157,0.));
#7009=CARTESIAN_POINT('Ctrl Pts',(18.4936892363689,13.3288595476157,0.2));
#7010=CARTESIAN_POINT('Ctrl Pts',(18.396065335167,13.2313890036081,0.));
#7011=CARTESIAN_POINT('Ctrl Pts',(18.396065335167,13.2313890036081,0.2));
#7012=CARTESIAN_POINT('Ctrl Pts',(18.2054649747951,13.041088056967,0.));
#7013=CARTESIAN_POINT('Ctrl Pts',(18.2054649747951,13.041088056967,0.2));
#7014=CARTESIAN_POINT('Ctrl Pts',(17.9384178330016,13.0098530623697,0.));
#7015=CARTESIAN_POINT('Ctrl Pts',(17.9384178330016,13.0098530623697,0.2));
#7016=CARTESIAN_POINT('Ctrl Pts',(17.8081499907634,12.9946163692481,0.));
#7017=CARTESIAN_POINT('Ctrl Pts',(17.8081499907634,12.9946163692481,0.2));
#7018=CARTESIAN_POINT('',(18.4936892363689,13.3288595476157,0.));
#7019=CARTESIAN_POINT('Ctrl Pts',(18.4936892363689,13.3288595476157,0.));
#7020=CARTESIAN_POINT('Ctrl Pts',(18.396065335167,13.2313890036081,0.));
#7021=CARTESIAN_POINT('Ctrl Pts',(18.2054649747951,13.041088056967,0.));
#7022=CARTESIAN_POINT('Ctrl Pts',(17.9384178330016,13.0098530623697,0.));
#7023=CARTESIAN_POINT('Ctrl Pts',(17.8081499907634,12.9946163692481,0.));
#7024=CARTESIAN_POINT('',(18.4936892363689,13.3288595476157,0.2));
#7025=CARTESIAN_POINT('',(18.4936892363689,13.3288595476157,0.));
#7026=CARTESIAN_POINT('Ctrl Pts',(18.4936892363689,13.3288595476157,0.2));
#7027=CARTESIAN_POINT('Ctrl Pts',(18.396065335167,13.2313890036081,0.2));
#7028=CARTESIAN_POINT('Ctrl Pts',(18.2054649747951,13.041088056967,0.2));
#7029=CARTESIAN_POINT('Ctrl Pts',(17.9384178330016,13.0098530623697,0.2));
#7030=CARTESIAN_POINT('Ctrl Pts',(17.8081499907634,12.9946163692481,0.2));
#7031=CARTESIAN_POINT('Ctrl Pts',(18.7767719599864,14.3622836866386,0.));
#7032=CARTESIAN_POINT('Ctrl Pts',(18.7767719599864,14.3622836866386,0.2));
#7033=CARTESIAN_POINT('Ctrl Pts',(18.7721759732059,14.1539798008507,0.));
#7034=CARTESIAN_POINT('Ctrl Pts',(18.7721759732059,14.1539798008507,0.2));
#7035=CARTESIAN_POINT('Ctrl Pts',(18.764009330451,13.7838430922565,0.));
#7036=CARTESIAN_POINT('Ctrl Pts',(18.764009330451,13.7838430922565,0.2));
#7037=CARTESIAN_POINT('Ctrl Pts',(18.5759245173471,13.4672721201663,0.));
#7038=CARTESIAN_POINT('Ctrl Pts',(18.5759245173471,13.4672721201663,0.2));
#7039=CARTESIAN_POINT('Ctrl Pts',(18.4936892363689,13.3288595476157,0.));
#7040=CARTESIAN_POINT('Ctrl Pts',(18.4936892363689,13.3288595476157,0.2));
#7041=CARTESIAN_POINT('',(18.7767719599864,14.3622836866386,0.));
#7042=CARTESIAN_POINT('Ctrl Pts',(18.7767719599864,14.3622836866386,0.));
#7043=CARTESIAN_POINT('Ctrl Pts',(18.7721759732059,14.1539798008507,0.));
#7044=CARTESIAN_POINT('Ctrl Pts',(18.764009330451,13.7838430922565,0.));
#7045=CARTESIAN_POINT('Ctrl Pts',(18.5759245173471,13.4672721201663,0.));
#7046=CARTESIAN_POINT('Ctrl Pts',(18.4936892363689,13.3288595476157,0.));
#7047=CARTESIAN_POINT('',(18.7767719599864,14.3622836866386,0.2));
#7048=CARTESIAN_POINT('',(18.7767719599864,14.3622836866386,0.));
#7049=CARTESIAN_POINT('Ctrl Pts',(18.7767719599864,14.3622836866386,0.2));
#7050=CARTESIAN_POINT('Ctrl Pts',(18.7721759732059,14.1539798008507,0.2));
#7051=CARTESIAN_POINT('Ctrl Pts',(18.764009330451,13.7838430922565,0.2));
#7052=CARTESIAN_POINT('Ctrl Pts',(18.5759245173471,13.4672721201663,0.2));
#7053=CARTESIAN_POINT('Ctrl Pts',(18.4936892363689,13.3288595476157,0.2));
#7054=CARTESIAN_POINT('Ctrl Pts',(18.4749304625652,15.4281089105613,0.));
#7055=CARTESIAN_POINT('Ctrl Pts',(18.4749304625652,15.4281089105613,0.2));
#7056=CARTESIAN_POINT('Ctrl Pts',(18.5627207556262,15.2819170805484,0.));
#7057=CARTESIAN_POINT('Ctrl Pts',(18.5627207556262,15.2819170805484,0.2));
#7058=CARTESIAN_POINT('Ctrl Pts',(18.758719872398,14.9555316845932,0.));
#7059=CARTESIAN_POINT('Ctrl Pts',(18.758719872398,14.9555316845932,0.2));
#7060=CARTESIAN_POINT('Ctrl Pts',(18.7703507102308,14.5733060153969,0.));
#7061=CARTESIAN_POINT('Ctrl Pts',(18.7703507102308,14.5733060153969,0.2));
#7062=CARTESIAN_POINT('Ctrl Pts',(18.7767719599864,14.3622836866386,0.));
#7063=CARTESIAN_POINT('Ctrl Pts',(18.7767719599864,14.3622836866386,0.2));
#7064=CARTESIAN_POINT('Ctrl Pts',(18.4749304625652,15.4281089105613,0.));
#7065=CARTESIAN_POINT('Ctrl Pts',(18.5627207556262,15.2819170805484,0.));
#7066=CARTESIAN_POINT('Ctrl Pts',(18.758719872398,14.9555316845932,0.));
#7067=CARTESIAN_POINT('Ctrl Pts',(18.7703507102308,14.5733060153969,0.));
#7068=CARTESIAN_POINT('Ctrl Pts',(18.7767719599864,14.3622836866386,0.));
#7069=CARTESIAN_POINT('Ctrl Pts',(18.4749304625652,15.4281089105613,0.2));
#7070=CARTESIAN_POINT('Ctrl Pts',(18.5627207556262,15.2819170805484,0.2));
#7071=CARTESIAN_POINT('Ctrl Pts',(18.758719872398,14.9555316845932,0.2));
#7072=CARTESIAN_POINT('Ctrl Pts',(18.7703507102308,14.5733060153969,0.2));
#7073=CARTESIAN_POINT('Ctrl Pts',(18.7767719599864,14.3622836866386,0.2));
#7074=CARTESIAN_POINT('Origin',(18.7187909457347,12.946867684365,0.));
#7075=CARTESIAN_POINT('',(18.7187909457347,12.946867684365,0.));
#7076=CARTESIAN_POINT('',(18.7187909457347,11.1835661926276,0.));
#7077=CARTESIAN_POINT('',(18.7187909457347,-4.5778161578175,0.));
#7078=CARTESIAN_POINT('',(18.7187909457347,12.946867684365,0.2));
#7079=CARTESIAN_POINT('',(18.7187909457347,12.946867684365,0.));
#7080=CARTESIAN_POINT('',(18.7187909457347,11.1835661926276,0.2));
#7081=CARTESIAN_POINT('',(18.7187909457347,12.946867684365,0.2));
#7082=CARTESIAN_POINT('',(18.7187909457347,11.1835661926276,0.));
#7083=CARTESIAN_POINT('Ctrl Pts',(18.3180415007732,12.6194456615455,0.));
#7084=CARTESIAN_POINT('Ctrl Pts',(18.3180415007732,12.6194456615455,0.2));
#7085=CARTESIAN_POINT('Ctrl Pts',(18.3950674293006,12.6646940422442,0.));
#7086=CARTESIAN_POINT('Ctrl Pts',(18.3950674293006,12.6646940422442,0.2));
#7087=CARTESIAN_POINT('Ctrl Pts',(18.5456375337533,12.7531454707226,0.));
#7088=CARTESIAN_POINT('Ctrl Pts',(18.5456375337533,12.7531454707226,0.2));
#7089=CARTESIAN_POINT('Ctrl Pts',(18.6619698231746,12.8832968108949,0.));
#7090=CARTESIAN_POINT('Ctrl Pts',(18.6619698231746,12.8832968108949,0.2));
#7091=CARTESIAN_POINT('Ctrl Pts',(18.7187909457347,12.946867684365,0.));
#7092=CARTESIAN_POINT('Ctrl Pts',(18.7187909457347,12.946867684365,0.2));
#7093=CARTESIAN_POINT('',(18.3180415007732,12.6194456615455,0.));
#7094=CARTESIAN_POINT('Ctrl Pts',(18.3180415007732,12.6194456615455,0.));
#7095=CARTESIAN_POINT('Ctrl Pts',(18.3950674293006,12.6646940422442,0.));
#7096=CARTESIAN_POINT('Ctrl Pts',(18.5456375337533,12.7531454707226,0.));
#7097=CARTESIAN_POINT('Ctrl Pts',(18.6619698231746,12.8832968108949,0.));
#7098=CARTESIAN_POINT('Ctrl Pts',(18.7187909457347,12.946867684365,0.));
#7099=CARTESIAN_POINT('',(18.3180415007732,12.6194456615455,0.2));
#7100=CARTESIAN_POINT('',(18.3180415007732,12.6194456615455,0.));
#7101=CARTESIAN_POINT('Ctrl Pts',(18.3180415007732,12.6194456615455,0.2));
#7102=CARTESIAN_POINT('Ctrl Pts',(18.3950674293006,12.6646940422442,0.2));
#7103=CARTESIAN_POINT('Ctrl Pts',(18.5456375337533,12.7531454707226,0.2));
#7104=CARTESIAN_POINT('Ctrl Pts',(18.6619698231746,12.8832968108949,0.2));
#7105=CARTESIAN_POINT('Ctrl Pts',(18.7187909457347,12.946867684365,0.2));
#7106=CARTESIAN_POINT('Ctrl Pts',(17.7672230574748,12.4898413219459,0.));
#7107=CARTESIAN_POINT('Ctrl Pts',(17.7672230574748,12.4898413219459,0.2));
#7108=CARTESIAN_POINT('Ctrl Pts',(17.865722848906,12.494619627959,0.));
#7109=CARTESIAN_POINT('Ctrl Pts',(17.865722848906,12.494619627959,0.2));
#7110=CARTESIAN_POINT('Ctrl Pts',(18.0574287952578,12.503919441318,0.));
#7111=CARTESIAN_POINT('Ctrl Pts',(18.0574287952578,12.503919441318,0.2));
#7112=CARTESIAN_POINT('Ctrl Pts',(18.2327846510428,12.5816524097607,0.));
#7113=CARTESIAN_POINT('Ctrl Pts',(18.2327846510428,12.5816524097607,0.2));
#7114=CARTESIAN_POINT('Ctrl Pts',(18.3180415007732,12.6194456615455,0.));
#7115=CARTESIAN_POINT('Ctrl Pts',(18.3180415007732,12.6194456615455,0.2));
#7116=CARTESIAN_POINT('',(17.7672230574748,12.4898413219459,0.));
#7117=CARTESIAN_POINT('Ctrl Pts',(17.7672230574748,12.4898413219459,0.));
#7118=CARTESIAN_POINT('Ctrl Pts',(17.865722848906,12.494619627959,0.));
#7119=CARTESIAN_POINT('Ctrl Pts',(18.0574287952578,12.503919441318,0.));
#7120=CARTESIAN_POINT('Ctrl Pts',(18.2327846510428,12.5816524097607,0.));
#7121=CARTESIAN_POINT('Ctrl Pts',(18.3180415007732,12.6194456615455,0.));
#7122=CARTESIAN_POINT('',(17.7672230574748,12.4898413219459,0.2));
#7123=CARTESIAN_POINT('',(17.7672230574748,12.4898413219459,0.));
#7124=CARTESIAN_POINT('Ctrl Pts',(17.7672230574748,12.4898413219459,0.2));
#7125=CARTESIAN_POINT('Ctrl Pts',(17.865722848906,12.494619627959,0.2));
#7126=CARTESIAN_POINT('Ctrl Pts',(18.0574287952578,12.503919441318,0.2));
#7127=CARTESIAN_POINT('Ctrl Pts',(18.2327846510428,12.5816524097607,0.2));
#7128=CARTESIAN_POINT('Ctrl Pts',(18.3180415007732,12.6194456615455,0.2));
#7129=CARTESIAN_POINT('Ctrl Pts',(16.9674276682994,12.7268812456138,0.));
#7130=CARTESIAN_POINT('Ctrl Pts',(16.9674276682994,12.7268812456138,0.2));
#7131=CARTESIAN_POINT('Ctrl Pts',(17.0945598073892,12.6577508165147,0.));
#7132=CARTESIAN_POINT('Ctrl Pts',(17.0945598073892,12.6577508165147,0.2));
#7133=CARTESIAN_POINT('Ctrl Pts',(17.3444569763938,12.5218646539155,0.));
#7134=CARTESIAN_POINT('Ctrl Pts',(17.3444569763938,12.5218646539155,0.2));
#7135=CARTESIAN_POINT('Ctrl Pts',(17.627952450632,12.5003906755391,0.));
#7136=CARTESIAN_POINT('Ctrl Pts',(17.627952450632,12.5003906755391,0.2));
#7137=CARTESIAN_POINT('Ctrl Pts',(17.7672230574748,12.4898413219459,0.));
#7138=CARTESIAN_POINT('Ctrl Pts',(17.7672230574748,12.4898413219459,0.2));
#7139=CARTESIAN_POINT('',(16.9674276682994,12.7268812456138,0.));
#7140=CARTESIAN_POINT('Ctrl Pts',(16.9674276682994,12.7268812456138,0.));
#7141=CARTESIAN_POINT('Ctrl Pts',(17.0945598073892,12.6577508165147,0.));
#7142=CARTESIAN_POINT('Ctrl Pts',(17.3444569763938,12.5218646539155,0.));
#7143=CARTESIAN_POINT('Ctrl Pts',(17.627952450632,12.5003906755391,0.));
#7144=CARTESIAN_POINT('Ctrl Pts',(17.7672230574748,12.4898413219459,0.));
#7145=CARTESIAN_POINT('',(16.9674276682994,12.7268812456138,0.2));
#7146=CARTESIAN_POINT('',(16.9674276682994,12.7268812456138,0.));
#7147=CARTESIAN_POINT('Ctrl Pts',(16.9674276682994,12.7268812456138,0.2));
#7148=CARTESIAN_POINT('Ctrl Pts',(17.0945598073892,12.6577508165147,0.2));
#7149=CARTESIAN_POINT('Ctrl Pts',(17.3444569763938,12.5218646539155,0.2));
#7150=CARTESIAN_POINT('Ctrl Pts',(17.627952450632,12.5003906755391,0.2));
#7151=CARTESIAN_POINT('Ctrl Pts',(17.7672230574748,12.4898413219459,0.2));
#7152=CARTESIAN_POINT('Ctrl Pts',(16.3876187178752,13.4090093173988,0.));
#7153=CARTESIAN_POINT('Ctrl Pts',(16.3876187178752,13.4090093173988,0.2));
#7154=CARTESIAN_POINT('Ctrl Pts',(16.4601657262666,13.2702594129059,0.));
#7155=CARTESIAN_POINT('Ctrl Pts',(16.4601657262666,13.2702594129059,0.2));
#7156=CARTESIAN_POINT('Ctrl Pts',(16.6020494253859,12.9988995024367,0.));
#7157=CARTESIAN_POINT('Ctrl Pts',(16.6020494253859,12.9988995024367,0.2));
#7158=CARTESIAN_POINT('Ctrl Pts',(16.8474860365,12.8161758717591,0.));
#7159=CARTESIAN_POINT('Ctrl Pts',(16.8474860365,12.8161758717591,0.2));
#7160=CARTESIAN_POINT('Ctrl Pts',(16.9674276682994,12.7268812456138,0.));
#7161=CARTESIAN_POINT('Ctrl Pts',(16.9674276682994,12.7268812456138,0.2));
#7162=CARTESIAN_POINT('',(16.3876187178752,13.4090093173988,0.));
#7163=CARTESIAN_POINT('Ctrl Pts',(16.3876187178752,13.4090093173988,0.));
#7164=CARTESIAN_POINT('Ctrl Pts',(16.4601657262666,13.2702594129059,0.));
#7165=CARTESIAN_POINT('Ctrl Pts',(16.6020494253859,12.9988995024367,0.));
#7166=CARTESIAN_POINT('Ctrl Pts',(16.8474860365,12.8161758717591,0.));
#7167=CARTESIAN_POINT('Ctrl Pts',(16.9674276682994,12.7268812456138,0.));
#7168=CARTESIAN_POINT('',(16.3876187178752,13.4090093173988,0.2));
#7169=CARTESIAN_POINT('',(16.3876187178752,13.4090093173988,0.));
#7170=CARTESIAN_POINT('Ctrl Pts',(16.3876187178752,13.4090093173988,0.2));
#7171=CARTESIAN_POINT('Ctrl Pts',(16.4601657262666,13.2702594129059,0.2));
#7172=CARTESIAN_POINT('Ctrl Pts',(16.6020494253859,12.9988995024367,0.2));
#7173=CARTESIAN_POINT('Ctrl Pts',(16.8474860365,12.8161758717591,0.2));
#7174=CARTESIAN_POINT('Ctrl Pts',(16.9674276682994,12.7268812456138,0.2));
#7175=CARTESIAN_POINT('Ctrl Pts',(16.1880957457683,14.4100323715217,0.));
#7176=CARTESIAN_POINT('Ctrl Pts',(16.1880957457683,14.4100323715217,0.2));
#7177=CARTESIAN_POINT('Ctrl Pts',(16.1952276271552,14.2320299717653,0.));
#7178=CARTESIAN_POINT('Ctrl Pts',(16.1952276271552,14.2320299717653,0.2));
#7179=CARTESIAN_POINT('Ctrl Pts',(16.2090255389734,13.8876522007391,0.));
#7180=CARTESIAN_POINT('Ctrl Pts',(16.2090255389734,13.8876522007391,0.2));
#7181=CARTESIAN_POINT('Ctrl Pts',(16.3294428517171,13.564924926774,0.));
#7182=CARTESIAN_POINT('Ctrl Pts',(16.3294428517171,13.564924926774,0.2));
#7183=CARTESIAN_POINT('Ctrl Pts',(16.3876187178752,13.4090093173988,0.));
#7184=CARTESIAN_POINT('Ctrl Pts',(16.3876187178752,13.4090093173988,0.2));
#7185=CARTESIAN_POINT('',(16.1880957457683,14.4100323715217,0.));
#7186=CARTESIAN_POINT('Ctrl Pts',(16.1880957457683,14.4100323715217,0.));
#7187=CARTESIAN_POINT('Ctrl Pts',(16.1952276271552,14.2320299717653,0.));
#7188=CARTESIAN_POINT('Ctrl Pts',(16.2090255389734,13.8876522007391,0.));
#7189=CARTESIAN_POINT('Ctrl Pts',(16.3294428517171,13.564924926774,0.));
#7190=CARTESIAN_POINT('Ctrl Pts',(16.3876187178752,13.4090093173988,0.));
#7191=CARTESIAN_POINT('',(16.1880957457683,14.4100323715217,0.2));
#7192=CARTESIAN_POINT('',(16.1880957457683,14.4100323715217,0.));
#7193=CARTESIAN_POINT('Ctrl Pts',(16.1880957457683,14.4100323715217,0.2));
#7194=CARTESIAN_POINT('Ctrl Pts',(16.1952276271552,14.2320299717653,0.2));
#7195=CARTESIAN_POINT('Ctrl Pts',(16.2090255389734,13.8876522007391,0.2));
#7196=CARTESIAN_POINT('Ctrl Pts',(16.3294428517171,13.564924926774,0.2));
#7197=CARTESIAN_POINT('Ctrl Pts',(16.3876187178752,13.4090093173988,0.2));
#7198=CARTESIAN_POINT('Ctrl Pts',(16.3688599440715,15.3633067407615,0.));
#7199=CARTESIAN_POINT('Ctrl Pts',(16.3688599440715,15.3633067407615,0.2));
#7200=CARTESIAN_POINT('Ctrl Pts',(16.3161460269204,15.2128367997462,0.));
#7201=CARTESIAN_POINT('Ctrl Pts',(16.3161460269204,15.2128367997462,0.2));
#7202=CARTESIAN_POINT('Ctrl Pts',(16.2080473501734,14.9042730960225,0.));
#7203=CARTESIAN_POINT('Ctrl Pts',(16.2080473501734,14.9042730960225,0.2));
#7204=CARTESIAN_POINT('Ctrl Pts',(16.1948549309081,14.5774707635772,0.));
#7205=CARTESIAN_POINT('Ctrl Pts',(16.1948549309081,14.5774707635772,0.2));
#7206=CARTESIAN_POINT('Ctrl Pts',(16.1880957457683,14.4100323715217,0.));
#7207=CARTESIAN_POINT('Ctrl Pts',(16.1880957457683,14.4100323715217,0.2));
#7208=CARTESIAN_POINT('',(16.3688599440715,15.3633067407615,0.));
#7209=CARTESIAN_POINT('Ctrl Pts',(16.3688599440715,15.3633067407615,0.));
#7210=CARTESIAN_POINT('Ctrl Pts',(16.3161460269204,15.2128367997462,0.));
#7211=CARTESIAN_POINT('Ctrl Pts',(16.2080473501734,14.9042730960225,0.));
#7212=CARTESIAN_POINT('Ctrl Pts',(16.1948549309081,14.5774707635772,0.));
#7213=CARTESIAN_POINT('Ctrl Pts',(16.1880957457683,14.4100323715217,0.));
#7214=CARTESIAN_POINT('',(16.3688599440715,15.3633067407615,0.2));
#7215=CARTESIAN_POINT('',(16.3688599440715,15.3633067407615,0.));
#7216=CARTESIAN_POINT('Ctrl Pts',(16.3688599440715,15.3633067407615,0.2));
#7217=CARTESIAN_POINT('Ctrl Pts',(16.3161460269204,15.2128367997462,0.2));
#7218=CARTESIAN_POINT('Ctrl Pts',(16.2080473501734,14.9042730960225,0.2));
#7219=CARTESIAN_POINT('Ctrl Pts',(16.1948549309081,14.5774707635772,0.2));
#7220=CARTESIAN_POINT('Ctrl Pts',(16.1880957457683,14.4100323715217,0.2));
#7221=CARTESIAN_POINT('Ctrl Pts',(16.9043301913402,16.0369083681113,0.));
#7222=CARTESIAN_POINT('Ctrl Pts',(16.9043301913402,16.0369083681113,0.2));
#7223=CARTESIAN_POINT('Ctrl Pts',(16.7926159236176,15.947373667888,0.));
#7224=CARTESIAN_POINT('Ctrl Pts',(16.7926159236176,15.947373667888,0.2));
#7225=CARTESIAN_POINT('Ctrl Pts',(16.5632867206388,15.7635751087623,0.));
#7226=CARTESIAN_POINT('Ctrl Pts',(16.5632867206388,15.7635751087623,0.2));
#7227=CARTESIAN_POINT('Ctrl Pts',(16.4347711102159,15.4989987239927,0.));
#7228=CARTESIAN_POINT('Ctrl Pts',(16.4347711102159,15.4989987239927,0.2));
#7229=CARTESIAN_POINT('Ctrl Pts',(16.3688599440715,15.3633067407615,0.));
#7230=CARTESIAN_POINT('Ctrl Pts',(16.3688599440715,15.3633067407615,0.2));
#7231=CARTESIAN_POINT('',(16.9043301913402,16.0369083681113,0.));
#7232=CARTESIAN_POINT('Ctrl Pts',(16.9043301913402,16.0369083681113,0.));
#7233=CARTESIAN_POINT('Ctrl Pts',(16.7926159236176,15.947373667888,0.));
#7234=CARTESIAN_POINT('Ctrl Pts',(16.5632867206388,15.7635751087623,0.));
#7235=CARTESIAN_POINT('Ctrl Pts',(16.4347711102159,15.4989987239927,0.));
#7236=CARTESIAN_POINT('Ctrl Pts',(16.3688599440715,15.3633067407615,0.));
#7237=CARTESIAN_POINT('',(16.9043301913402,16.0369083681113,0.2));
#7238=CARTESIAN_POINT('',(16.9043301913402,16.0369083681113,0.));
#7239=CARTESIAN_POINT('Ctrl Pts',(16.9043301913402,16.0369083681113,0.2));
#7240=CARTESIAN_POINT('Ctrl Pts',(16.7926159236176,15.947373667888,0.2));
#7241=CARTESIAN_POINT('Ctrl Pts',(16.5632867206388,15.7635751087623,0.2));
#7242=CARTESIAN_POINT('Ctrl Pts',(16.4347711102159,15.4989987239927,0.2));
#7243=CARTESIAN_POINT('Ctrl Pts',(16.3688599440715,15.3633067407615,0.2));
#7244=CARTESIAN_POINT('Ctrl Pts',(17.7228843543193,16.2756535806663,0.));
#7245=CARTESIAN_POINT('Ctrl Pts',(17.7228843543193,16.2756535806663,0.2));
#7246=CARTESIAN_POINT('Ctrl Pts',(17.5741625008415,16.2665995644136,0.));
#7247=CARTESIAN_POINT('Ctrl Pts',(17.5741625008415,16.2665995644136,0.2));
#7248=CARTESIAN_POINT('Ctrl Pts',(17.2830463643194,16.2488767471554,0.));
#7249=CARTESIAN_POINT('Ctrl Pts',(17.2830463643194,16.2488767471554,0.2));
#7250=CARTESIAN_POINT('Ctrl Pts',(17.028726320002,16.1065331891069,0.));
#7251=CARTESIAN_POINT('Ctrl Pts',(17.028726320002,16.1065331891069,0.2));
#7252=CARTESIAN_POINT('Ctrl Pts',(16.9043301913402,16.0369083681113,0.));
#7253=CARTESIAN_POINT('Ctrl Pts',(16.9043301913402,16.0369083681113,0.2));
#7254=CARTESIAN_POINT('',(17.7228843543193,16.2756535806663,0.));
#7255=CARTESIAN_POINT('Ctrl Pts',(17.7228843543193,16.2756535806663,0.));
#7256=CARTESIAN_POINT('Ctrl Pts',(17.5741625008415,16.2665995644136,0.));
#7257=CARTESIAN_POINT('Ctrl Pts',(17.2830463643194,16.2488767471554,0.));
#7258=CARTESIAN_POINT('Ctrl Pts',(17.028726320002,16.1065331891069,0.));
#7259=CARTESIAN_POINT('Ctrl Pts',(16.9043301913402,16.0369083681113,0.));
#7260=CARTESIAN_POINT('',(17.7228843543193,16.2756535806663,0.2));
#7261=CARTESIAN_POINT('',(17.7228843543193,16.2756535806663,0.));
#7262=CARTESIAN_POINT('Ctrl Pts',(17.7228843543193,16.2756535806663,0.2));
#7263=CARTESIAN_POINT('Ctrl Pts',(17.5741625008415,16.2665995644136,0.2));
#7264=CARTESIAN_POINT('Ctrl Pts',(17.2830463643194,16.2488767471554,0.2));
#7265=CARTESIAN_POINT('Ctrl Pts',(17.028726320002,16.1065331891069,0.2));
#7266=CARTESIAN_POINT('Ctrl Pts',(16.9043301913402,16.0369083681113,0.2));
#7267=CARTESIAN_POINT('Ctrl Pts',(18.3265673491618,16.1375222005851,0.));
#7268=CARTESIAN_POINT('Ctrl Pts',(18.3265673491618,16.1375222005851,0.2));
#7269=CARTESIAN_POINT('Ctrl Pts',(18.2361173646618,16.1777746554868,0.));
#7270=CARTESIAN_POINT('Ctrl Pts',(18.2361173646618,16.1777746554868,0.2));
#7271=CARTESIAN_POINT('Ctrl Pts',(18.044201881863,16.2631817382961,0.));
#7272=CARTESIAN_POINT('Ctrl Pts',(18.044201881863,16.2631817382961,0.2));
#7273=CARTESIAN_POINT('Ctrl Pts',(17.8340116773052,16.2713402073315,0.));
#7274=CARTESIAN_POINT('Ctrl Pts',(17.8340116773052,16.2713402073315,0.2));
#7275=CARTESIAN_POINT('Ctrl Pts',(17.7228843543193,16.2756535806663,0.));
#7276=CARTESIAN_POINT('Ctrl Pts',(17.7228843543193,16.2756535806663,0.2));
#7277=CARTESIAN_POINT('',(18.3265673491618,16.1375222005851,0.));
#7278=CARTESIAN_POINT('Ctrl Pts',(18.3265673491618,16.1375222005851,0.));
#7279=CARTESIAN_POINT('Ctrl Pts',(18.2361173646618,16.1777746554868,0.));
#7280=CARTESIAN_POINT('Ctrl Pts',(18.044201881863,16.2631817382961,0.));
#7281=CARTESIAN_POINT('Ctrl Pts',(17.8340116773052,16.2713402073315,0.));
#7282=CARTESIAN_POINT('Ctrl Pts',(17.7228843543193,16.2756535806663,0.));
#7283=CARTESIAN_POINT('',(18.3265673491618,16.1375222005851,0.2));
#7284=CARTESIAN_POINT('',(18.3265673491618,16.1375222005851,0.));
#7285=CARTESIAN_POINT('Ctrl Pts',(18.3265673491618,16.1375222005851,0.2));
#7286=CARTESIAN_POINT('Ctrl Pts',(18.2361173646618,16.1777746554868,0.2));
#7287=CARTESIAN_POINT('Ctrl Pts',(18.044201881863,16.2631817382961,0.2));
#7288=CARTESIAN_POINT('Ctrl Pts',(17.8340116773052,16.2713402073315,0.2));
#7289=CARTESIAN_POINT('Ctrl Pts',(17.7228843543193,16.2756535806663,0.2));
#7290=CARTESIAN_POINT('Ctrl Pts',(18.7733613822124,15.7231292524345,0.));
#7291=CARTESIAN_POINT('Ctrl Pts',(18.7733613822124,15.7231292524345,0.2));
#7292=CARTESIAN_POINT('Ctrl Pts',(18.7073605268213,15.8082824353965,0.));
#7293=CARTESIAN_POINT('Ctrl Pts',(18.7073605268213,15.8082824353965,0.2));
#7294=CARTESIAN_POINT('Ctrl Pts',(18.5811305062313,15.9711422646352,0.));
#7295=CARTESIAN_POINT('Ctrl Pts',(18.5811305062313,15.9711422646352,0.2));
#7296=CARTESIAN_POINT('Ctrl Pts',(18.4087951373817,16.0837789397974,0.));
#7297=CARTESIAN_POINT('Ctrl Pts',(18.4087951373817,16.0837789397974,0.2));
#7298=CARTESIAN_POINT('Ctrl Pts',(18.3265673491618,16.1375222005851,0.));
#7299=CARTESIAN_POINT('Ctrl Pts',(18.3265673491618,16.1375222005851,0.2));
#7300=CARTESIAN_POINT('',(18.7733613822124,15.7231292524345,0.));
#7301=CARTESIAN_POINT('Ctrl Pts',(18.7733613822124,15.7231292524345,0.));
#7302=CARTESIAN_POINT('Ctrl Pts',(18.7073605268213,15.8082824353965,0.));
#7303=CARTESIAN_POINT('Ctrl Pts',(18.5811305062313,15.9711422646352,0.));
#7304=CARTESIAN_POINT('Ctrl Pts',(18.4087951373817,16.0837789397974,0.));
#7305=CARTESIAN_POINT('Ctrl Pts',(18.3265673491618,16.1375222005851,0.));
#7306=CARTESIAN_POINT('',(18.7733613822124,15.7231292524345,0.2));
#7307=CARTESIAN_POINT('',(18.7733613822124,15.7231292524345,0.));
#7308=CARTESIAN_POINT('Ctrl Pts',(18.7733613822124,15.7231292524345,0.2));
#7309=CARTESIAN_POINT('Ctrl Pts',(18.7073605268213,15.8082824353965,0.2));
#7310=CARTESIAN_POINT('Ctrl Pts',(18.5811305062313,15.9711422646352,0.2));
#7311=CARTESIAN_POINT('Ctrl Pts',(18.4087951373817,16.0837789397974,0.2));
#7312=CARTESIAN_POINT('Ctrl Pts',(18.3265673491618,16.1375222005851,0.2));
#7313=CARTESIAN_POINT('Origin',(18.7733613822124,16.1937979259498,0.));
#7314=CARTESIAN_POINT('',(18.7733613822124,16.1937979259498,0.));
#7315=CARTESIAN_POINT('',(18.7733613822124,-2.95435103702511,0.));
#7316=CARTESIAN_POINT('',(18.7733613822124,16.1937979259498,0.2));
#7317=CARTESIAN_POINT('',(18.7733613822124,16.1937979259498,0.));
#7318=CARTESIAN_POINT('',(18.7733613822124,16.1937979259498,0.2));
#7319=CARTESIAN_POINT('Origin',(19.3327068659923,16.1937979259498,0.));
#7320=CARTESIAN_POINT('',(19.3327068659923,16.1937979259498,0.));
#7321=CARTESIAN_POINT('',(24.1966034329961,16.1937979259498,0.));
#7322=CARTESIAN_POINT('',(19.3327068659923,16.1937979259498,0.2));
#7323=CARTESIAN_POINT('',(19.3327068659923,16.1937979259498,0.));
#7324=CARTESIAN_POINT('',(19.3327068659923,16.1937979259498,0.2));
#7325=CARTESIAN_POINT('Origin',(19.3327068659923,11.1835661926276,0.));
#7326=CARTESIAN_POINT('',(19.3327068659923,11.1835661926276,0.));
#7327=CARTESIAN_POINT('',(19.3327068659923,-5.45946690368618,0.));
#7328=CARTESIAN_POINT('',(19.3327068659923,11.1835661926276,0.2));
#7329=CARTESIAN_POINT('',(19.3327068659923,11.1835661926276,0.));
#7330=CARTESIAN_POINT('',(19.3327068659923,11.1835661926276,0.2));
#7331=CARTESIAN_POINT('Origin',(18.7187909457347,11.1835661926276,0.));
#7332=CARTESIAN_POINT('',(23.8896454728674,11.1835661926276,0.));
#7333=CARTESIAN_POINT('',(18.7187909457347,11.1835661926276,0.2));
#7334=CARTESIAN_POINT('Origin',(20.3712462756297,14.377631584645,0.2));
#7335=CARTESIAN_POINT('Ctrl Pts',(13.2344793650768,13.550551275254,0.));
#7336=CARTESIAN_POINT('Ctrl Pts',(13.2344793650768,13.550551275254,0.2));
#7337=CARTESIAN_POINT('Ctrl Pts',(13.2057780398796,13.6356835882634,0.));
#7338=CARTESIAN_POINT('Ctrl Pts',(13.2057780398796,13.6356835882634,0.2));
#7339=CARTESIAN_POINT('Ctrl Pts',(13.138811722492,13.8343154442413,0.));
#7340=CARTESIAN_POINT('Ctrl Pts',(13.138811722492,13.8343154442413,0.2));
#7341=CARTESIAN_POINT('Ctrl Pts',(13.1367496813471,14.0444145785697,0.));
#7342=CARTESIAN_POINT('Ctrl Pts',(13.1367496813471,14.0444145785697,0.2));
#7343=CARTESIAN_POINT('Ctrl Pts',(13.1355714175365,14.1644665994651,0.));
#7344=CARTESIAN_POINT('Ctrl Pts',(13.1355714175365,14.1644665994651,0.2));
#7345=CARTESIAN_POINT('',(13.2344793650768,13.550551275254,0.));
#7346=CARTESIAN_POINT('',(13.1355714175365,14.1644665994651,0.));
#7347=CARTESIAN_POINT('Ctrl Pts',(13.2344793650768,13.550551275254,0.));
#7348=CARTESIAN_POINT('Ctrl Pts',(13.2057780398796,13.6356835882634,0.));
#7349=CARTESIAN_POINT('Ctrl Pts',(13.138811722492,13.8343154442413,0.));
#7350=CARTESIAN_POINT('Ctrl Pts',(13.1367496813471,14.0444145785697,0.));
#7351=CARTESIAN_POINT('Ctrl Pts',(13.1355714175365,14.1644665994651,0.));
#7352=CARTESIAN_POINT('',(13.2344793650768,13.550551275254,0.2));
#7353=CARTESIAN_POINT('',(13.2344793650768,13.550551275254,0.));
#7354=CARTESIAN_POINT('',(13.1355714175365,14.1644665994651,0.2));
#7355=CARTESIAN_POINT('Ctrl Pts',(13.2344793650768,13.550551275254,0.2));
#7356=CARTESIAN_POINT('Ctrl Pts',(13.2057780398796,13.6356835882634,0.2));
#7357=CARTESIAN_POINT('Ctrl Pts',(13.138811722492,13.8343154442413,0.2));
#7358=CARTESIAN_POINT('Ctrl Pts',(13.1367496813471,14.0444145785697,0.2));
#7359=CARTESIAN_POINT('Ctrl Pts',(13.1355714175365,14.1644665994651,0.2));
#7360=CARTESIAN_POINT('',(13.1355714175365,14.1644665994651,0.));
#7361=CARTESIAN_POINT('Ctrl Pts',(13.6403452727458,13.1259259977347,0.));
#7362=CARTESIAN_POINT('Ctrl Pts',(13.6403452727458,13.1259259977347,0.2));
#7363=CARTESIAN_POINT('Ctrl Pts',(13.5547185181788,13.181696099564,0.));
#7364=CARTESIAN_POINT('Ctrl Pts',(13.5547185181788,13.181696099564,0.2));
#7365=CARTESIAN_POINT('Ctrl Pts',(13.3860898066093,13.2915267297579,0.));
#7366=CARTESIAN_POINT('Ctrl Pts',(13.3860898066093,13.2915267297579,0.2));
#7367=CARTESIAN_POINT('Ctrl Pts',(13.2844890217717,13.4651104014931,0.));
#7368=CARTESIAN_POINT('Ctrl Pts',(13.2844890217717,13.4651104014931,0.2));
#7369=CARTESIAN_POINT('Ctrl Pts',(13.2344793650768,13.550551275254,0.));
#7370=CARTESIAN_POINT('Ctrl Pts',(13.2344793650768,13.550551275254,0.2));
#7371=CARTESIAN_POINT('',(13.6403452727458,13.1259259977347,0.));
#7372=CARTESIAN_POINT('Ctrl Pts',(13.6403452727458,13.1259259977347,0.));
#7373=CARTESIAN_POINT('Ctrl Pts',(13.5547185181788,13.181696099564,0.));
#7374=CARTESIAN_POINT('Ctrl Pts',(13.3860898066093,13.2915267297579,0.));
#7375=CARTESIAN_POINT('Ctrl Pts',(13.2844890217717,13.4651104014931,0.));
#7376=CARTESIAN_POINT('Ctrl Pts',(13.2344793650768,13.550551275254,0.));
#7377=CARTESIAN_POINT('',(13.6403452727458,13.1259259977347,0.2));
#7378=CARTESIAN_POINT('',(13.6403452727458,13.1259259977347,0.));
#7379=CARTESIAN_POINT('Ctrl Pts',(13.6403452727458,13.1259259977347,0.2));
#7380=CARTESIAN_POINT('Ctrl Pts',(13.5547185181788,13.181696099564,0.2));
#7381=CARTESIAN_POINT('Ctrl Pts',(13.3860898066093,13.2915267297579,0.2));
#7382=CARTESIAN_POINT('Ctrl Pts',(13.2844890217717,13.4651104014931,0.2));
#7383=CARTESIAN_POINT('Ctrl Pts',(13.2344793650768,13.550551275254,0.2));
#7384=CARTESIAN_POINT('Ctrl Pts',(14.2713140818736,12.9707417287833,0.));
#7385=CARTESIAN_POINT('Ctrl Pts',(14.2713140818736,12.9707417287833,0.2));
#7386=CARTESIAN_POINT('Ctrl Pts',(14.1577988524508,12.9764073771118,0.));
#7387=CARTESIAN_POINT('Ctrl Pts',(14.1577988524508,12.9764073771118,0.2));
#7388=CARTESIAN_POINT('Ctrl Pts',(13.9372934709101,12.9874130012266,0.));
#7389=CARTESIAN_POINT('Ctrl Pts',(13.9372934709101,12.9874130012266,0.2));
#7390=CARTESIAN_POINT('Ctrl Pts',(13.7373558564867,13.0806749178157,0.));
#7391=CARTESIAN_POINT('Ctrl Pts',(13.7373558564867,13.0806749178157,0.2));
#7392=CARTESIAN_POINT('Ctrl Pts',(13.6403452727458,13.1259259977347,0.));
#7393=CARTESIAN_POINT('Ctrl Pts',(13.6403452727458,13.1259259977347,0.2));
#7394=CARTESIAN_POINT('',(14.2713140818736,12.9707417287833,0.));
#7395=CARTESIAN_POINT('Ctrl Pts',(14.2713140818736,12.9707417287833,0.));
#7396=CARTESIAN_POINT('Ctrl Pts',(14.1577988524508,12.9764073771118,0.));
#7397=CARTESIAN_POINT('Ctrl Pts',(13.9372934709101,12.9874130012266,0.));
#7398=CARTESIAN_POINT('Ctrl Pts',(13.7373558564867,13.0806749178157,0.));
#7399=CARTESIAN_POINT('Ctrl Pts',(13.6403452727458,13.1259259977347,0.));
#7400=CARTESIAN_POINT('',(14.2713140818736,12.9707417287833,0.2));
#7401=CARTESIAN_POINT('',(14.2713140818736,12.9707417287833,0.));
#7402=CARTESIAN_POINT('Ctrl Pts',(14.2713140818736,12.9707417287833,0.2));
#7403=CARTESIAN_POINT('Ctrl Pts',(14.1577988524508,12.9764073771118,0.2));
#7404=CARTESIAN_POINT('Ctrl Pts',(13.9372934709101,12.9874130012266,0.2));
#7405=CARTESIAN_POINT('Ctrl Pts',(13.7373558564867,13.0806749178157,0.2));
#7406=CARTESIAN_POINT('Ctrl Pts',(13.6403452727458,13.1259259977347,0.2));
#7407=CARTESIAN_POINT('Ctrl Pts',(14.8153113696239,13.1344530382163,0.));
#7408=CARTESIAN_POINT('Ctrl Pts',(14.8153113696239,13.1344530382163,0.2));
#7409=CARTESIAN_POINT('Ctrl Pts',(14.7411488483237,13.0868284876115,0.));
#7410=CARTESIAN_POINT('Ctrl Pts',(14.7411488483237,13.0868284876115,0.2));
#7411=CARTESIAN_POINT('Ctrl Pts',(14.5762893486368,12.980961542315,0.));
#7412=CARTESIAN_POINT('Ctrl Pts',(14.5762893486368,12.980961542315,0.2));
#7413=CARTESIAN_POINT('Ctrl Pts',(14.3795497853339,12.9743687399786,0.));
#7414=CARTESIAN_POINT('Ctrl Pts',(14.3795497853339,12.9743687399786,0.2));
#7415=CARTESIAN_POINT('Ctrl Pts',(14.2713140818736,12.9707417287833,0.));
#7416=CARTESIAN_POINT('Ctrl Pts',(14.2713140818736,12.9707417287833,0.2));
#7417=CARTESIAN_POINT('',(14.8153113696239,13.1344530382163,0.));
#7418=CARTESIAN_POINT('Ctrl Pts',(14.8153113696239,13.1344530382163,0.));
#7419=CARTESIAN_POINT('Ctrl Pts',(14.7411488483237,13.0868284876115,0.));
#7420=CARTESIAN_POINT('Ctrl Pts',(14.5762893486368,12.980961542315,0.));
#7421=CARTESIAN_POINT('Ctrl Pts',(14.3795497853339,12.9743687399786,0.));
#7422=CARTESIAN_POINT('Ctrl Pts',(14.2713140818736,12.9707417287833,0.));
#7423=CARTESIAN_POINT('',(14.8153113696239,13.1344530382163,0.2));
#7424=CARTESIAN_POINT('',(14.8153113696239,13.1344530382163,0.));
#7425=CARTESIAN_POINT('Ctrl Pts',(14.8153113696239,13.1344530382163,0.2));
#7426=CARTESIAN_POINT('Ctrl Pts',(14.7411488483237,13.0868284876115,0.2));
#7427=CARTESIAN_POINT('Ctrl Pts',(14.5762893486368,12.980961542315,0.2));
#7428=CARTESIAN_POINT('Ctrl Pts',(14.3795497853339,12.9743687399786,0.2));
#7429=CARTESIAN_POINT('Ctrl Pts',(14.2713140818736,12.9707417287833,0.2));
#7430=CARTESIAN_POINT('Ctrl Pts',(15.0011920306346,13.5437295236594,0.));
#7431=CARTESIAN_POINT('Ctrl Pts',(15.0011920306346,13.5437295236594,0.2));
#7432=CARTESIAN_POINT('Ctrl Pts',(14.9933706457796,13.4652179172571,0.));
#7433=CARTESIAN_POINT('Ctrl Pts',(14.9933706457796,13.4652179172571,0.2));
#7434=CARTESIAN_POINT('Ctrl Pts',(14.977689081794,13.3078052848099,0.));
#7435=CARTESIAN_POINT('Ctrl Pts',(14.977689081794,13.3078052848099,0.2));
#7436=CARTESIAN_POINT('Ctrl Pts',(14.8695264673833,13.1923323424034,0.));
#7437=CARTESIAN_POINT('Ctrl Pts',(14.8695264673833,13.1923323424034,0.2));
#7438=CARTESIAN_POINT('Ctrl Pts',(14.8153113696239,13.1344530382163,0.));
#7439=CARTESIAN_POINT('Ctrl Pts',(14.8153113696239,13.1344530382163,0.2));
#7440=CARTESIAN_POINT('',(15.0011920306346,13.5437295236594,0.));
#7441=CARTESIAN_POINT('Ctrl Pts',(15.0011920306346,13.5437295236594,0.));
#7442=CARTESIAN_POINT('Ctrl Pts',(14.9933706457796,13.4652179172571,0.));
#7443=CARTESIAN_POINT('Ctrl Pts',(14.977689081794,13.3078052848099,0.));
#7444=CARTESIAN_POINT('Ctrl Pts',(14.8695264673833,13.1923323424034,0.));
#7445=CARTESIAN_POINT('Ctrl Pts',(14.8153113696239,13.1344530382163,0.));
#7446=CARTESIAN_POINT('',(15.0011920306346,13.5437295236594,0.2));
#7447=CARTESIAN_POINT('',(15.0011920306346,13.5437295236594,0.));
#7448=CARTESIAN_POINT('Ctrl Pts',(15.0011920306346,13.5437295236594,0.2));
#7449=CARTESIAN_POINT('Ctrl Pts',(14.9933706457796,13.4652179172571,0.2));
#7450=CARTESIAN_POINT('Ctrl Pts',(14.977689081794,13.3078052848099,0.2));
#7451=CARTESIAN_POINT('Ctrl Pts',(14.8695264673833,13.1923323424034,0.2));
#7452=CARTESIAN_POINT('Ctrl Pts',(14.8153113696239,13.1344530382163,0.2));
#7453=CARTESIAN_POINT('Ctrl Pts',(14.9159252020976,13.835339883805,0.));
#7454=CARTESIAN_POINT('Ctrl Pts',(14.9159252020976,13.835339883805,0.2));
#7455=CARTESIAN_POINT('Ctrl Pts',(14.9407942674385,13.790196354146,0.));
#7456=CARTESIAN_POINT('Ctrl Pts',(14.9407942674385,13.790196354146,0.2));
#7457=CARTESIAN_POINT('Ctrl Pts',(14.9908464084184,13.6993392881547,0.));
#7458=CARTESIAN_POINT('Ctrl Pts',(14.9908464084184,13.6993392881547,0.2));
#7459=CARTESIAN_POINT('Ctrl Pts',(14.9977290966721,13.59581593539,0.));
#7460=CARTESIAN_POINT('Ctrl Pts',(14.9977290966721,13.59581593539,0.2));
#7461=CARTESIAN_POINT('Ctrl Pts',(15.0011920306346,13.5437295236594,0.));
#7462=CARTESIAN_POINT('Ctrl Pts',(15.0011920306346,13.5437295236594,0.2));
#7463=CARTESIAN_POINT('',(14.9159252020976,13.835339883805,0.));
#7464=CARTESIAN_POINT('Ctrl Pts',(14.9159252020976,13.835339883805,0.));
#7465=CARTESIAN_POINT('Ctrl Pts',(14.9407942674385,13.790196354146,0.));
#7466=CARTESIAN_POINT('Ctrl Pts',(14.9908464084184,13.6993392881547,0.));
#7467=CARTESIAN_POINT('Ctrl Pts',(14.9977290966721,13.59581593539,0.));
#7468=CARTESIAN_POINT('Ctrl Pts',(15.0011920306346,13.5437295236594,0.));
#7469=CARTESIAN_POINT('',(14.9159252020976,13.835339883805,0.2));
#7470=CARTESIAN_POINT('',(14.9159252020976,13.835339883805,0.));
#7471=CARTESIAN_POINT('Ctrl Pts',(14.9159252020976,13.835339883805,0.2));
#7472=CARTESIAN_POINT('Ctrl Pts',(14.9407942674385,13.790196354146,0.2));
#7473=CARTESIAN_POINT('Ctrl Pts',(14.9908464084184,13.6993392881547,0.2));
#7474=CARTESIAN_POINT('Ctrl Pts',(14.9977290966721,13.59581593539,0.2));
#7475=CARTESIAN_POINT('Ctrl Pts',(15.0011920306346,13.5437295236594,0.2));
#7476=CARTESIAN_POINT('Ctrl Pts',(14.6737706038615,14.0348622598655,0.));
#7477=CARTESIAN_POINT('Ctrl Pts',(14.6737706038615,14.0348622598655,0.2));
#7478=CARTESIAN_POINT('Ctrl Pts',(14.7227271146579,14.0100343262541,0.));
#7479=CARTESIAN_POINT('Ctrl Pts',(14.7227271146579,14.0100343262541,0.2));
#7480=CARTESIAN_POINT('Ctrl Pts',(14.8183814511962,13.9615239345089,0.));
#7481=CARTESIAN_POINT('Ctrl Pts',(14.8183814511962,13.9615239345089,0.2));
#7482=CARTESIAN_POINT('Ctrl Pts',(14.8839265235469,13.8767338515312,0.));
#7483=CARTESIAN_POINT('Ctrl Pts',(14.8839265235469,13.8767338515312,0.2));
#7484=CARTESIAN_POINT('Ctrl Pts',(14.9159252020976,13.835339883805,0.));
#7485=CARTESIAN_POINT('Ctrl Pts',(14.9159252020976,13.835339883805,0.2));
#7486=CARTESIAN_POINT('',(14.6737706038615,14.0348622598655,0.));
#7487=CARTESIAN_POINT('Ctrl Pts',(14.6737706038615,14.0348622598655,0.));
#7488=CARTESIAN_POINT('Ctrl Pts',(14.7227271146579,14.0100343262541,0.));
#7489=CARTESIAN_POINT('Ctrl Pts',(14.8183814511962,13.9615239345089,0.));
#7490=CARTESIAN_POINT('Ctrl Pts',(14.8839265235469,13.8767338515312,0.));
#7491=CARTESIAN_POINT('Ctrl Pts',(14.9159252020976,13.835339883805,0.));
#7492=CARTESIAN_POINT('',(14.6737706038615,14.0348622598655,0.2));
#7493=CARTESIAN_POINT('',(14.6737706038615,14.0348622598655,0.));
#7494=CARTESIAN_POINT('Ctrl Pts',(14.6737706038615,14.0348622598655,0.2));
#7495=CARTESIAN_POINT('Ctrl Pts',(14.7227271146579,14.0100343262541,0.2));
#7496=CARTESIAN_POINT('Ctrl Pts',(14.8183814511962,13.9615239345089,0.2));
#7497=CARTESIAN_POINT('Ctrl Pts',(14.8839265235469,13.8767338515312,0.2));
#7498=CARTESIAN_POINT('Ctrl Pts',(14.9159252020976,13.835339883805,0.2));
#7499=CARTESIAN_POINT('Ctrl Pts',(14.1382991645,14.1576451458938,0.));
#7500=CARTESIAN_POINT('Ctrl Pts',(14.1382991645,14.1576451458938,0.2));
#7501=CARTESIAN_POINT('Ctrl Pts',(14.2469276062795,14.1420832639031,0.));
#7502=CARTESIAN_POINT('Ctrl Pts',(14.2469276062795,14.1420832639031,0.2));
#7503=CARTESIAN_POINT('Ctrl Pts',(14.4290016996774,14.1159997124076,0.));
#7504=CARTESIAN_POINT('Ctrl Pts',(14.4290016996774,14.1159997124076,0.2));
#7505=CARTESIAN_POINT('Ctrl Pts',(14.6034151342184,14.0581841095027,0.));
#7506=CARTESIAN_POINT('Ctrl Pts',(14.6034151342184,14.0581841095027,0.2));
#7507=CARTESIAN_POINT('Ctrl Pts',(14.6737706038615,14.0348622598655,0.));
#7508=CARTESIAN_POINT('Ctrl Pts',(14.6737706038615,14.0348622598655,0.2));
#7509=CARTESIAN_POINT('',(14.1382991645,14.1576451458938,0.));
#7510=CARTESIAN_POINT('Ctrl Pts',(14.1382991645,14.1576451458938,0.));
#7511=CARTESIAN_POINT('Ctrl Pts',(14.2469276062795,14.1420832639031,0.));
#7512=CARTESIAN_POINT('Ctrl Pts',(14.4290016996774,14.1159997124076,0.));
#7513=CARTESIAN_POINT('Ctrl Pts',(14.6034151342184,14.0581841095027,0.));
#7514=CARTESIAN_POINT('Ctrl Pts',(14.6737706038615,14.0348622598655,0.));
#7515=CARTESIAN_POINT('',(14.1382991645,14.1576451458938,0.2));
#7516=CARTESIAN_POINT('',(14.1382991645,14.1576451458938,0.));
#7517=CARTESIAN_POINT('Ctrl Pts',(14.1382991645,14.1576451458938,0.2));
#7518=CARTESIAN_POINT('Ctrl Pts',(14.2469276062795,14.1420832639031,0.2));
#7519=CARTESIAN_POINT('Ctrl Pts',(14.4290016996774,14.1159997124076,0.2));
#7520=CARTESIAN_POINT('Ctrl Pts',(14.6034151342184,14.0581841095027,0.2));
#7521=CARTESIAN_POINT('Ctrl Pts',(14.6737706038615,14.0348622598655,0.2));
#7522=CARTESIAN_POINT('Ctrl Pts',(13.1355714175365,14.3895689048774,0.));
#7523=CARTESIAN_POINT('Ctrl Pts',(13.1355714175365,14.3895689048774,0.2));
#7524=CARTESIAN_POINT('Ctrl Pts',(13.2740149263687,14.3440775450332,0.));
#7525=CARTESIAN_POINT('Ctrl Pts',(13.2740149263687,14.3440775450332,0.2));
#7526=CARTESIAN_POINT('Ctrl Pts',(13.6010071713754,14.2366306736752,0.));
#7527=CARTESIAN_POINT('Ctrl Pts',(13.6010071713754,14.2366306736752,0.2));
#7528=CARTESIAN_POINT('Ctrl Pts',(13.9417954335489,14.1865325127238,0.));
#7529=CARTESIAN_POINT('Ctrl Pts',(13.9417954335489,14.1865325127238,0.2));
#7530=CARTESIAN_POINT('Ctrl Pts',(14.1382991645,14.1576451458938,0.));
#7531=CARTESIAN_POINT('Ctrl Pts',(14.1382991645,14.1576451458938,0.2));
#7532=CARTESIAN_POINT('',(13.1355714175365,14.3895689048774,0.));
#7533=CARTESIAN_POINT('Ctrl Pts',(13.1355714175365,14.3895689048774,0.));
#7534=CARTESIAN_POINT('Ctrl Pts',(13.2740149263687,14.3440775450332,0.));
#7535=CARTESIAN_POINT('Ctrl Pts',(13.6010071713754,14.2366306736752,0.));
#7536=CARTESIAN_POINT('Ctrl Pts',(13.9417954335489,14.1865325127238,0.));
#7537=CARTESIAN_POINT('Ctrl Pts',(14.1382991645,14.1576451458938,0.));
#7538=CARTESIAN_POINT('',(13.1355714175365,14.3895689048774,0.2));
#7539=CARTESIAN_POINT('',(13.1355714175365,14.3895689048774,0.));
#7540=CARTESIAN_POINT('Ctrl Pts',(13.1355714175365,14.3895689048774,0.2));
#7541=CARTESIAN_POINT('Ctrl Pts',(13.2740149263687,14.3440775450332,0.2));
#7542=CARTESIAN_POINT('Ctrl Pts',(13.6010071713754,14.2366306736752,0.2));
#7543=CARTESIAN_POINT('Ctrl Pts',(13.9417954335489,14.1865325127238,0.2));
#7544=CARTESIAN_POINT('Ctrl Pts',(14.1382991645,14.1576451458938,0.2));
#7545=CARTESIAN_POINT('Origin',(13.1355714175365,14.1644665994651,0.));
#7546=CARTESIAN_POINT('',(13.1355714175365,-3.96901670026745,0.));
#7547=CARTESIAN_POINT('',(13.1355714175365,14.1644665994651,0.2));
#7548=CARTESIAN_POINT('Origin',(12.3204266402385,12.5716969766624,0.));
#7549=CARTESIAN_POINT('',(12.3204266402385,12.5716969766624,0.));
#7550=CARTESIAN_POINT('',(12.9616283747813,12.5716969766624,0.));
#7551=CARTESIAN_POINT('',(20.6904633201193,12.5716969766624,0.));
#7552=CARTESIAN_POINT('',(12.3204266402385,12.5716969766624,0.2));
#7553=CARTESIAN_POINT('',(12.3204266402385,12.5716969766624,0.));
#7554=CARTESIAN_POINT('',(12.9616283747813,12.5716969766624,0.2));
#7555=CARTESIAN_POINT('',(12.3204266402385,12.5716969766624,0.2));
#7556=CARTESIAN_POINT('',(12.9616283747813,12.5716969766624,0.));
#7557=CARTESIAN_POINT('Ctrl Pts',(12.4756121012828,13.0065539875037,0.));
#7558=CARTESIAN_POINT('Ctrl Pts',(12.4756121012828,13.0065539875037,0.2));
#7559=CARTESIAN_POINT('Ctrl Pts',(12.4591739161722,12.9314355407523,0.));
#7560=CARTESIAN_POINT('Ctrl Pts',(12.4591739161722,12.9314355407523,0.2));
#7561=CARTESIAN_POINT('Ctrl Pts',(12.4260077815847,12.7798744956492,0.));
#7562=CARTESIAN_POINT('Ctrl Pts',(12.4260077815847,12.7798744956492,0.2));
#7563=CARTESIAN_POINT('Ctrl Pts',(12.3558247446685,12.641492486193,0.));
#7564=CARTESIAN_POINT('Ctrl Pts',(12.3558247446685,12.641492486193,0.2));
#7565=CARTESIAN_POINT('Ctrl Pts',(12.3204266402385,12.5716969766624,0.));
#7566=CARTESIAN_POINT('Ctrl Pts',(12.3204266402385,12.5716969766624,0.2));
#7567=CARTESIAN_POINT('',(12.4756121012828,13.0065539875037,0.));
#7568=CARTESIAN_POINT('Ctrl Pts',(12.4756121012828,13.0065539875037,0.));
#7569=CARTESIAN_POINT('Ctrl Pts',(12.4591739161722,12.9314355407523,0.));
#7570=CARTESIAN_POINT('Ctrl Pts',(12.4260077815847,12.7798744956492,0.));
#7571=CARTESIAN_POINT('Ctrl Pts',(12.3558247446685,12.641492486193,0.));
#7572=CARTESIAN_POINT('Ctrl Pts',(12.3204266402385,12.5716969766624,0.));
#7573=CARTESIAN_POINT('',(12.4756121012828,13.0065539875037,0.2));
#7574=CARTESIAN_POINT('',(12.4756121012828,13.0065539875037,0.));
#7575=CARTESIAN_POINT('Ctrl Pts',(12.4756121012828,13.0065539875037,0.2));
#7576=CARTESIAN_POINT('Ctrl Pts',(12.4591739161722,12.9314355407523,0.2));
#7577=CARTESIAN_POINT('Ctrl Pts',(12.4260077815847,12.7798744956492,0.2));
#7578=CARTESIAN_POINT('Ctrl Pts',(12.3558247446685,12.641492486193,0.2));
#7579=CARTESIAN_POINT('Ctrl Pts',(12.3204266402385,12.5716969766624,0.2));
#7580=CARTESIAN_POINT('Ctrl Pts',(12.5148343417308,14.0894323983199,0.));
#7581=CARTESIAN_POINT('Ctrl Pts',(12.5148343417308,14.0894323983199,0.2));
#7582=CARTESIAN_POINT('Ctrl Pts',(12.5162449182418,13.8563022394475,0.));
#7583=CARTESIAN_POINT('Ctrl Pts',(12.5162449182418,13.8563022394475,0.2));
#7584=CARTESIAN_POINT('Ctrl Pts',(12.5184331181453,13.494651958759,0.));
#7585=CARTESIAN_POINT('Ctrl Pts',(12.5184331181453,13.494651958759,0.2));
#7586=CARTESIAN_POINT('Ctrl Pts',(12.4868395484631,13.1345307286602,0.));
#7587=CARTESIAN_POINT('Ctrl Pts',(12.4868395484631,13.1345307286602,0.2));
#7588=CARTESIAN_POINT('Ctrl Pts',(12.4756121012828,13.0065539875037,0.));
#7589=CARTESIAN_POINT('Ctrl Pts',(12.4756121012828,13.0065539875037,0.2));
#7590=CARTESIAN_POINT('',(12.5148343417308,14.0894323983199,0.));
#7591=CARTESIAN_POINT('Ctrl Pts',(12.5148343417308,14.0894323983199,0.));
#7592=CARTESIAN_POINT('Ctrl Pts',(12.5162449182418,13.8563022394475,0.));
#7593=CARTESIAN_POINT('Ctrl Pts',(12.5184331181453,13.494651958759,0.));
#7594=CARTESIAN_POINT('Ctrl Pts',(12.4868395484631,13.1345307286602,0.));
#7595=CARTESIAN_POINT('Ctrl Pts',(12.4756121012828,13.0065539875037,0.));
#7596=CARTESIAN_POINT('',(12.5148343417308,14.0894323983199,0.2));
#7597=CARTESIAN_POINT('',(12.5148343417308,14.0894323983199,0.));
#7598=CARTESIAN_POINT('Ctrl Pts',(12.5148343417308,14.0894323983199,0.2));
#7599=CARTESIAN_POINT('Ctrl Pts',(12.5162449182418,13.8563022394475,0.2));
#7600=CARTESIAN_POINT('Ctrl Pts',(12.5184331181453,13.494651958759,0.2));
#7601=CARTESIAN_POINT('Ctrl Pts',(12.4868395484631,13.1345307286602,0.2));
#7602=CARTESIAN_POINT('Ctrl Pts',(12.4756121012828,13.0065539875037,0.2));
#7603=CARTESIAN_POINT('Origin',(12.5148343417308,14.9079862632758,0.));
#7604=CARTESIAN_POINT('',(12.5148343417308,14.9079862632758,0.));
#7605=CARTESIAN_POINT('',(12.5148343417308,-3.59725686836208,0.));
#7606=CARTESIAN_POINT('',(12.5148343417308,14.9079862632758,0.2));
#7607=CARTESIAN_POINT('',(12.5148343417308,14.9079862632758,0.));
#7608=CARTESIAN_POINT('',(12.5148343417308,14.9079862632758,0.2));
#7609=CARTESIAN_POINT('Ctrl Pts',(12.5455295416972,15.4741526045806,0.));
#7610=CARTESIAN_POINT('Ctrl Pts',(12.5455295416972,15.4741526045806,0.2));
#7611=CARTESIAN_POINT('Ctrl Pts',(12.5366784742831,15.400898307745,0.));
#7612=CARTESIAN_POINT('Ctrl Pts',(12.5366784742831,15.400898307745,0.2));
#7613=CARTESIAN_POINT('Ctrl Pts',(12.51397124184,15.2129659072922,0.));
#7614=CARTESIAN_POINT('Ctrl Pts',(12.51397124184,15.2129659072922,0.2));
#7615=CARTESIAN_POINT('Ctrl Pts',(12.5145072590374,15.0235621826416,0.));
#7616=CARTESIAN_POINT('Ctrl Pts',(12.5145072590374,15.0235621826416,0.2));
#7617=CARTESIAN_POINT('Ctrl Pts',(12.5148343417308,14.9079862632758,0.));
#7618=CARTESIAN_POINT('Ctrl Pts',(12.5148343417308,14.9079862632758,0.2));
#7619=CARTESIAN_POINT('',(12.5455295416972,15.4741526045806,0.));
#7620=CARTESIAN_POINT('Ctrl Pts',(12.5455295416972,15.4741526045806,0.));
#7621=CARTESIAN_POINT('Ctrl Pts',(12.5366784742831,15.400898307745,0.));
#7622=CARTESIAN_POINT('Ctrl Pts',(12.51397124184,15.2129659072922,0.));
#7623=CARTESIAN_POINT('Ctrl Pts',(12.5145072590374,15.0235621826416,0.));
#7624=CARTESIAN_POINT('Ctrl Pts',(12.5148343417308,14.9079862632758,0.));
#7625=CARTESIAN_POINT('',(12.5455295416972,15.4741526045806,0.2));
#7626=CARTESIAN_POINT('',(12.5455295416972,15.4741526045806,0.));
#7627=CARTESIAN_POINT('Ctrl Pts',(12.5455295416972,15.4741526045806,0.2));
#7628=CARTESIAN_POINT('Ctrl Pts',(12.5366784742831,15.400898307745,0.2));
#7629=CARTESIAN_POINT('Ctrl Pts',(12.51397124184,15.2129659072922,0.2));
#7630=CARTESIAN_POINT('Ctrl Pts',(12.5145072590374,15.0235621826416,0.2));
#7631=CARTESIAN_POINT('Ctrl Pts',(12.5148343417308,14.9079862632758,0.2));
#7632=CARTESIAN_POINT('Ctrl Pts',(12.7365266654155,15.8919561305053,0.));
#7633=CARTESIAN_POINT('Ctrl Pts',(12.7365266654155,15.8919561305053,0.2));
#7634=CARTESIAN_POINT('Ctrl Pts',(12.6940775458315,15.8313314095531,0.));
#7635=CARTESIAN_POINT('Ctrl Pts',(12.6940775458315,15.8313314095531,0.2));
#7636=CARTESIAN_POINT('Ctrl Pts',(12.6048663089545,15.7039222572674,0.));
#7637=CARTESIAN_POINT('Ctrl Pts',(12.6048663089545,15.7039222572674,0.2));
#7638=CARTESIAN_POINT('Ctrl Pts',(12.5659358403225,15.5531718765174,0.));
#7639=CARTESIAN_POINT('Ctrl Pts',(12.5659358403225,15.5531718765174,0.2));
#7640=CARTESIAN_POINT('Ctrl Pts',(12.5455295416972,15.4741526045806,0.));
#7641=CARTESIAN_POINT('Ctrl Pts',(12.5455295416972,15.4741526045806,0.2));
#7642=CARTESIAN_POINT('',(12.7365266654155,15.8919561305053,0.));
#7643=CARTESIAN_POINT('Ctrl Pts',(12.7365266654155,15.8919561305053,0.));
#7644=CARTESIAN_POINT('Ctrl Pts',(12.6940775458315,15.8313314095531,0.));
#7645=CARTESIAN_POINT('Ctrl Pts',(12.6048663089545,15.7039222572674,0.));
#7646=CARTESIAN_POINT('Ctrl Pts',(12.5659358403225,15.5531718765174,0.));
#7647=CARTESIAN_POINT('Ctrl Pts',(12.5455295416972,15.4741526045806,0.));
#7648=CARTESIAN_POINT('',(12.7365266654155,15.8919561305053,0.2));
#7649=CARTESIAN_POINT('',(12.7365266654155,15.8919561305053,0.));
#7650=CARTESIAN_POINT('Ctrl Pts',(12.7365266654155,15.8919561305053,0.2));
#7651=CARTESIAN_POINT('Ctrl Pts',(12.6940775458315,15.8313314095531,0.2));
#7652=CARTESIAN_POINT('Ctrl Pts',(12.6048663089545,15.7039222572674,0.2));
#7653=CARTESIAN_POINT('Ctrl Pts',(12.5659358403225,15.5531718765174,0.2));
#7654=CARTESIAN_POINT('Ctrl Pts',(12.5455295416972,15.4741526045806,0.2));
#7655=CARTESIAN_POINT('Ctrl Pts',(13.1628560397289,16.1665127077109,0.));
#7656=CARTESIAN_POINT('Ctrl Pts',(13.1628560397289,16.1665127077109,0.2));
#7657=CARTESIAN_POINT('Ctrl Pts',(13.0753787118449,16.1309328582656,0.));
#7658=CARTESIAN_POINT('Ctrl Pts',(13.0753787118449,16.1309328582656,0.2));
#7659=CARTESIAN_POINT('Ctrl Pts',(12.9156890450101,16.0659819225042,0.));
#7660=CARTESIAN_POINT('Ctrl Pts',(12.9156890450101,16.0659819225042,0.2));
#7661=CARTESIAN_POINT('Ctrl Pts',(12.7923163272543,15.9461463020626,0.));
#7662=CARTESIAN_POINT('Ctrl Pts',(12.7923163272543,15.9461463020626,0.2));
#7663=CARTESIAN_POINT('Ctrl Pts',(12.7365266654155,15.8919561305053,0.));
#7664=CARTESIAN_POINT('Ctrl Pts',(12.7365266654155,15.8919561305053,0.2));
#7665=CARTESIAN_POINT('',(13.1628560397289,16.1665127077109,0.));
#7666=CARTESIAN_POINT('Ctrl Pts',(13.1628560397289,16.1665127077109,0.));
#7667=CARTESIAN_POINT('Ctrl Pts',(13.0753787118449,16.1309328582656,0.));
#7668=CARTESIAN_POINT('Ctrl Pts',(12.9156890450101,16.0659819225042,0.));
#7669=CARTESIAN_POINT('Ctrl Pts',(12.7923163272543,15.9461463020626,0.));
#7670=CARTESIAN_POINT('Ctrl Pts',(12.7365266654155,15.8919561305053,0.));
#7671=CARTESIAN_POINT('',(13.1628560397289,16.1665127077109,0.2));
#7672=CARTESIAN_POINT('',(13.1628560397289,16.1665127077109,0.));
#7673=CARTESIAN_POINT('Ctrl Pts',(13.1628560397289,16.1665127077109,0.2));
#7674=CARTESIAN_POINT('Ctrl Pts',(13.0753787118449,16.1309328582656,0.2));
#7675=CARTESIAN_POINT('Ctrl Pts',(12.9156890450101,16.0659819225042,0.2));
#7676=CARTESIAN_POINT('Ctrl Pts',(12.7923163272543,15.9461463020626,0.2));
#7677=CARTESIAN_POINT('Ctrl Pts',(12.7365266654155,15.8919561305053,0.2));
#7678=CARTESIAN_POINT('Ctrl Pts',(13.9166080329082,16.275653282643,0.));
#7679=CARTESIAN_POINT('Ctrl Pts',(13.9166080329082,16.275653282643,0.2));
#7680=CARTESIAN_POINT('Ctrl Pts',(13.7754529183303,16.2732764627361,0.));
#7681=CARTESIAN_POINT('Ctrl Pts',(13.7754529183303,16.2732764627361,0.2));
#7682=CARTESIAN_POINT('Ctrl Pts',(13.519264347649,16.2689626686768,0.));
#7683=CARTESIAN_POINT('Ctrl Pts',(13.519264347649,16.2689626686768,0.2));
#7684=CARTESIAN_POINT('Ctrl Pts',(13.2732990535746,16.1982596737777,0.));
#7685=CARTESIAN_POINT('Ctrl Pts',(13.2732990535746,16.1982596737777,0.2));
#7686=CARTESIAN_POINT('Ctrl Pts',(13.1628560397289,16.1665127077109,0.));
#7687=CARTESIAN_POINT('Ctrl Pts',(13.1628560397289,16.1665127077109,0.2));
#7688=CARTESIAN_POINT('',(13.9166080329082,16.275653282643,0.));
#7689=CARTESIAN_POINT('Ctrl Pts',(13.9166080329082,16.275653282643,0.));
#7690=CARTESIAN_POINT('Ctrl Pts',(13.7754529183303,16.2732764627361,0.));
#7691=CARTESIAN_POINT('Ctrl Pts',(13.519264347649,16.2689626686768,0.));
#7692=CARTESIAN_POINT('Ctrl Pts',(13.2732990535746,16.1982596737777,0.));
#7693=CARTESIAN_POINT('Ctrl Pts',(13.1628560397289,16.1665127077109,0.));
#7694=CARTESIAN_POINT('',(13.9166080329082,16.275653282643,0.2));
#7695=CARTESIAN_POINT('',(13.9166080329082,16.275653282643,0.));
#7696=CARTESIAN_POINT('Ctrl Pts',(13.9166080329082,16.275653282643,0.2));
#7697=CARTESIAN_POINT('Ctrl Pts',(13.7754529183303,16.2732764627361,0.2));
#7698=CARTESIAN_POINT('Ctrl Pts',(13.519264347649,16.2689626686768,0.2));
#7699=CARTESIAN_POINT('Ctrl Pts',(13.2732990535746,16.1982596737777,0.2));
#7700=CARTESIAN_POINT('Ctrl Pts',(13.1628560397289,16.1665127077109,0.2));
#7701=CARTESIAN_POINT('Ctrl Pts',(14.7385727736614,16.1477542319305,0.));
#7702=CARTESIAN_POINT('Ctrl Pts',(14.7385727736614,16.1477542319305,0.2));
#7703=CARTESIAN_POINT('Ctrl Pts',(14.6118078615227,16.1850279036516,0.));
#7704=CARTESIAN_POINT('Ctrl Pts',(14.6118078615227,16.1850279036516,0.2));
#7705=CARTESIAN_POINT('Ctrl Pts',(14.3436313035348,16.2638819399705,0.));
#7706=CARTESIAN_POINT('Ctrl Pts',(14.3436313035348,16.2638819399705,0.2));
#7707=CARTESIAN_POINT('Ctrl Pts',(14.0640391916904,16.2715891886931,0.));
#7708=CARTESIAN_POINT('Ctrl Pts',(14.0640391916904,16.2715891886931,0.2));
#7709=CARTESIAN_POINT('Ctrl Pts',(13.9166080329082,16.275653282643,0.));
#7710=CARTESIAN_POINT('Ctrl Pts',(13.9166080329082,16.275653282643,0.2));
#7711=CARTESIAN_POINT('',(14.7385727736614,16.1477542319305,0.));
#7712=CARTESIAN_POINT('Ctrl Pts',(14.7385727736614,16.1477542319305,0.));
#7713=CARTESIAN_POINT('Ctrl Pts',(14.6118078615227,16.1850279036516,0.));
#7714=CARTESIAN_POINT('Ctrl Pts',(14.3436313035348,16.2638819399705,0.));
#7715=CARTESIAN_POINT('Ctrl Pts',(14.0640391916904,16.2715891886931,0.));
#7716=CARTESIAN_POINT('Ctrl Pts',(13.9166080329082,16.275653282643,0.));
#7717=CARTESIAN_POINT('',(14.7385727736614,16.1477542319305,0.2));
#7718=CARTESIAN_POINT('',(14.7385727736614,16.1477542319305,0.));
#7719=CARTESIAN_POINT('Ctrl Pts',(14.7385727736614,16.1477542319305,0.2));
#7720=CARTESIAN_POINT('Ctrl Pts',(14.6118078615227,16.1850279036516,0.2));
#7721=CARTESIAN_POINT('Ctrl Pts',(14.3436313035348,16.2638819399705,0.2));
#7722=CARTESIAN_POINT('Ctrl Pts',(14.0640391916904,16.2715891886931,0.2));
#7723=CARTESIAN_POINT('Ctrl Pts',(13.9166080329082,16.275653282643,0.2));
#7724=CARTESIAN_POINT('Ctrl Pts',(15.2808641764781,15.7828158535964,0.));
#7725=CARTESIAN_POINT('Ctrl Pts',(15.2808641764781,15.7828158535964,0.2));
#7726=CARTESIAN_POINT('Ctrl Pts',(15.2082611827145,15.8583579716786,0.));
#7727=CARTESIAN_POINT('Ctrl Pts',(15.2082611827145,15.8583579716786,0.2));
#7728=CARTESIAN_POINT('Ctrl Pts',(15.0540673713846,16.0187938779574,0.));
#7729=CARTESIAN_POINT('Ctrl Pts',(15.0540673713846,16.0187938779574,0.2));
#7730=CARTESIAN_POINT('Ctrl Pts',(14.8477463965837,16.1031288432291,0.));
#7731=CARTESIAN_POINT('Ctrl Pts',(14.8477463965837,16.1031288432291,0.2));
#7732=CARTESIAN_POINT('Ctrl Pts',(14.7385727736614,16.1477542319305,0.));
#7733=CARTESIAN_POINT('Ctrl Pts',(14.7385727736614,16.1477542319305,0.2));
#7734=CARTESIAN_POINT('',(15.2808641764781,15.7828158535964,0.));
#7735=CARTESIAN_POINT('Ctrl Pts',(15.2808641764781,15.7828158535964,0.));
#7736=CARTESIAN_POINT('Ctrl Pts',(15.2082611827145,15.8583579716786,0.));
#7737=CARTESIAN_POINT('Ctrl Pts',(15.0540673713846,16.0187938779574,0.));
#7738=CARTESIAN_POINT('Ctrl Pts',(14.8477463965837,16.1031288432291,0.));
#7739=CARTESIAN_POINT('Ctrl Pts',(14.7385727736614,16.1477542319305,0.));
#7740=CARTESIAN_POINT('',(15.2808641764781,15.7828158535964,0.2));
#7741=CARTESIAN_POINT('',(15.2808641764781,15.7828158535964,0.));
#7742=CARTESIAN_POINT('Ctrl Pts',(15.2808641764781,15.7828158535964,0.2));
#7743=CARTESIAN_POINT('Ctrl Pts',(15.2082611827145,15.8583579716786,0.2));
#7744=CARTESIAN_POINT('Ctrl Pts',(15.0540673713846,16.0187938779574,0.2));
#7745=CARTESIAN_POINT('Ctrl Pts',(14.8477463965837,16.1031288432291,0.2));
#7746=CARTESIAN_POINT('Ctrl Pts',(14.7385727736614,16.1477542319305,0.2));
#7747=CARTESIAN_POINT('Ctrl Pts',(15.5503045889995,15.1603737869269,0.));
#7748=CARTESIAN_POINT('Ctrl Pts',(15.5503045889995,15.1603737869269,0.2));
#7749=CARTESIAN_POINT('Ctrl Pts',(15.5210257993588,15.279493035164,0.));
#7750=CARTESIAN_POINT('Ctrl Pts',(15.5210257993588,15.279493035164,0.2));
#7751=CARTESIAN_POINT('Ctrl Pts',(15.4662221797507,15.5024587399797,0.));
#7752=CARTESIAN_POINT('Ctrl Pts',(15.4662221797507,15.5024587399797,0.2));
#7753=CARTESIAN_POINT('Ctrl Pts',(15.339762755271,15.6937307574314,0.));
#7754=CARTESIAN_POINT('Ctrl Pts',(15.339762755271,15.6937307574314,0.2));
#7755=CARTESIAN_POINT('Ctrl Pts',(15.2808641764781,15.7828158535964,0.));
#7756=CARTESIAN_POINT('Ctrl Pts',(15.2808641764781,15.7828158535964,0.2));
#7757=CARTESIAN_POINT('',(15.5503045889995,15.1603737869269,0.));
#7758=CARTESIAN_POINT('Ctrl Pts',(15.5503045889995,15.1603737869269,0.));
#7759=CARTESIAN_POINT('Ctrl Pts',(15.5210257993588,15.279493035164,0.));
#7760=CARTESIAN_POINT('Ctrl Pts',(15.4662221797507,15.5024587399797,0.));
#7761=CARTESIAN_POINT('Ctrl Pts',(15.339762755271,15.6937307574314,0.));
#7762=CARTESIAN_POINT('Ctrl Pts',(15.2808641764781,15.7828158535964,0.));
#7763=CARTESIAN_POINT('',(15.5503045889995,15.1603737869269,0.2));
#7764=CARTESIAN_POINT('',(15.5503045889995,15.1603737869269,0.));
#7765=CARTESIAN_POINT('Ctrl Pts',(15.5503045889995,15.1603737869269,0.2));
#7766=CARTESIAN_POINT('Ctrl Pts',(15.5210257993588,15.279493035164,0.2));
#7767=CARTESIAN_POINT('Ctrl Pts',(15.4662221797507,15.5024587399797,0.2));
#7768=CARTESIAN_POINT('Ctrl Pts',(15.339762755271,15.6937307574314,0.2));
#7769=CARTESIAN_POINT('Ctrl Pts',(15.2808641764781,15.7828158535964,0.2));
#7770=CARTESIAN_POINT('Origin',(14.950032171931,15.0785184302337,0.));
#7771=CARTESIAN_POINT('',(14.950032171931,15.0785184302337,0.));
#7772=CARTESIAN_POINT('',(19.3876775545774,15.6836520917947,0.));
#7773=CARTESIAN_POINT('',(14.950032171931,15.0785184302337,0.2));
#7774=CARTESIAN_POINT('',(14.950032171931,15.0785184302337,0.));
#7775=CARTESIAN_POINT('',(14.950032171931,15.0785184302337,0.2));
#7776=CARTESIAN_POINT('Ctrl Pts',(14.6447800967357,15.6156942644126,0.));
#7777=CARTESIAN_POINT('Ctrl Pts',(14.6447800967357,15.6156942644126,0.2));
#7778=CARTESIAN_POINT('Ctrl Pts',(14.7105075469744,15.5491462202631,0.));
#7779=CARTESIAN_POINT('Ctrl Pts',(14.7105075469744,15.5491462202631,0.2));
#7780=CARTESIAN_POINT('Ctrl Pts',(14.8595507000095,15.3982422936336,0.));
#7781=CARTESIAN_POINT('Ctrl Pts',(14.8595507000095,15.3982422936336,0.2));
#7782=CARTESIAN_POINT('Ctrl Pts',(14.9175887025559,15.1931601480397,0.));
#7783=CARTESIAN_POINT('Ctrl Pts',(14.9175887025559,15.1931601480397,0.2));
#7784=CARTESIAN_POINT('Ctrl Pts',(14.950032171931,15.0785184302337,0.));
#7785=CARTESIAN_POINT('Ctrl Pts',(14.950032171931,15.0785184302337,0.2));
#7786=CARTESIAN_POINT('',(14.6447800967357,15.6156942644126,0.));
#7787=CARTESIAN_POINT('Ctrl Pts',(14.6447800967357,15.6156942644126,0.));
#7788=CARTESIAN_POINT('Ctrl Pts',(14.7105075469744,15.5491462202631,0.));
#7789=CARTESIAN_POINT('Ctrl Pts',(14.8595507000095,15.3982422936336,0.));
#7790=CARTESIAN_POINT('Ctrl Pts',(14.9175887025559,15.1931601480397,0.));
#7791=CARTESIAN_POINT('Ctrl Pts',(14.950032171931,15.0785184302337,0.));
#7792=CARTESIAN_POINT('',(14.6447800967357,15.6156942644126,0.2));
#7793=CARTESIAN_POINT('',(14.6447800967357,15.6156942644126,0.));
#7794=CARTESIAN_POINT('Ctrl Pts',(14.6447800967357,15.6156942644126,0.2));
#7795=CARTESIAN_POINT('Ctrl Pts',(14.7105075469744,15.5491462202631,0.2));
#7796=CARTESIAN_POINT('Ctrl Pts',(14.8595507000095,15.3982422936336,0.2));
#7797=CARTESIAN_POINT('Ctrl Pts',(14.9175887025559,15.1931601480397,0.2));
#7798=CARTESIAN_POINT('Ctrl Pts',(14.950032171931,15.0785184302337,0.2));
#7799=CARTESIAN_POINT('Ctrl Pts',(14.0052842471263,15.76746795559,0.));
#7800=CARTESIAN_POINT('Ctrl Pts',(14.0052842471263,15.76746795559,0.2));
#7801=CARTESIAN_POINT('Ctrl Pts',(14.1335375734031,15.7654714658543,0.));
#7802=CARTESIAN_POINT('Ctrl Pts',(14.1335375734031,15.7654714658543,0.2));
#7803=CARTESIAN_POINT('Ctrl Pts',(14.3589473966728,15.7619625635004,0.));
#7804=CARTESIAN_POINT('Ctrl Pts',(14.3589473966728,15.7619625635004,0.2));
#7805=CARTESIAN_POINT('Ctrl Pts',(14.5586877116363,15.659750059044,0.));
#7806=CARTESIAN_POINT('Ctrl Pts',(14.5586877116363,15.659750059044,0.2));
#7807=CARTESIAN_POINT('Ctrl Pts',(14.6447800967357,15.6156942644126,0.));
#7808=CARTESIAN_POINT('Ctrl Pts',(14.6447800967357,15.6156942644126,0.2));
#7809=CARTESIAN_POINT('',(14.0052842471263,15.76746795559,0.));
#7810=CARTESIAN_POINT('Ctrl Pts',(14.0052842471263,15.76746795559,0.));
#7811=CARTESIAN_POINT('Ctrl Pts',(14.1335375734031,15.7654714658543,0.));
#7812=CARTESIAN_POINT('Ctrl Pts',(14.3589473966728,15.7619625635004,0.));
#7813=CARTESIAN_POINT('Ctrl Pts',(14.5586877116363,15.659750059044,0.));
#7814=CARTESIAN_POINT('Ctrl Pts',(14.6447800967357,15.6156942644126,0.));
#7815=CARTESIAN_POINT('',(14.0052842471263,15.76746795559,0.2));
#7816=CARTESIAN_POINT('',(14.0052842471263,15.76746795559,0.));
#7817=CARTESIAN_POINT('Ctrl Pts',(14.0052842471263,15.76746795559,0.2));
#7818=CARTESIAN_POINT('Ctrl Pts',(14.1335375734031,15.7654714658543,0.2));
#7819=CARTESIAN_POINT('Ctrl Pts',(14.3589473966728,15.7619625635004,0.2));
#7820=CARTESIAN_POINT('Ctrl Pts',(14.5586877116363,15.659750059044,0.2));
#7821=CARTESIAN_POINT('Ctrl Pts',(14.6447800967357,15.6156942644126,0.2));
#7822=CARTESIAN_POINT('Ctrl Pts',(13.3061026904247,15.5594188370711,0.));
#7823=CARTESIAN_POINT('Ctrl Pts',(13.3061026904247,15.5594188370711,0.2));
#7824=CARTESIAN_POINT('Ctrl Pts',(13.4008826089397,15.6199239668538,0.));
#7825=CARTESIAN_POINT('Ctrl Pts',(13.4008826089397,15.6199239668538,0.2));
#7826=CARTESIAN_POINT('Ctrl Pts',(13.6129005853601,15.7552709409867,0.));
#7827=CARTESIAN_POINT('Ctrl Pts',(13.6129005853601,15.7552709409867,0.2));
#7828=CARTESIAN_POINT('Ctrl Pts',(13.8655683614222,15.7631249697211,0.));
#7829=CARTESIAN_POINT('Ctrl Pts',(13.8655683614222,15.7631249697211,0.2));
#7830=CARTESIAN_POINT('Ctrl Pts',(14.0052842471263,15.76746795559,0.));
#7831=CARTESIAN_POINT('Ctrl Pts',(14.0052842471263,15.76746795559,0.2));
#7832=CARTESIAN_POINT('',(13.3061026904247,15.5594188370711,0.));
#7833=CARTESIAN_POINT('Ctrl Pts',(13.3061026904247,15.5594188370711,0.));
#7834=CARTESIAN_POINT('Ctrl Pts',(13.4008826089397,15.6199239668538,0.));
#7835=CARTESIAN_POINT('Ctrl Pts',(13.6129005853601,15.7552709409867,0.));
#7836=CARTESIAN_POINT('Ctrl Pts',(13.8655683614222,15.7631249697211,0.));
#7837=CARTESIAN_POINT('Ctrl Pts',(14.0052842471263,15.76746795559,0.));
#7838=CARTESIAN_POINT('',(13.3061026904247,15.5594188370711,0.2));
#7839=CARTESIAN_POINT('',(13.3061026904247,15.5594188370711,0.));
#7840=CARTESIAN_POINT('Ctrl Pts',(13.3061026904247,15.5594188370711,0.2));
#7841=CARTESIAN_POINT('Ctrl Pts',(13.4008826089397,15.6199239668538,0.2));
#7842=CARTESIAN_POINT('Ctrl Pts',(13.6129005853601,15.7552709409867,0.2));
#7843=CARTESIAN_POINT('Ctrl Pts',(13.8655683614222,15.7631249697211,0.2));
#7844=CARTESIAN_POINT('Ctrl Pts',(14.0052842471263,15.76746795559,0.2));
#7845=CARTESIAN_POINT('Ctrl Pts',(13.1321608397624,15.0307694473273,0.));
#7846=CARTESIAN_POINT('Ctrl Pts',(13.1321608397624,15.0307694473273,0.2));
#7847=CARTESIAN_POINT('Ctrl Pts',(13.1346099207662,15.1417040181935,0.));
#7848=CARTESIAN_POINT('Ctrl Pts',(13.1346099207662,15.1417040181935,0.2));
#7849=CARTESIAN_POINT('Ctrl Pts',(13.1389282386204,15.3373083029406,0.));
#7850=CARTESIAN_POINT('Ctrl Pts',(13.1389282386204,15.3373083029406,0.2));
#7851=CARTESIAN_POINT('Ctrl Pts',(13.2555999214495,15.4923200856107,0.));
#7852=CARTESIAN_POINT('Ctrl Pts',(13.2555999214495,15.4923200856107,0.2));
#7853=CARTESIAN_POINT('Ctrl Pts',(13.3061026904247,15.5594188370711,0.));
#7854=CARTESIAN_POINT('Ctrl Pts',(13.3061026904247,15.5594188370711,0.2));
#7855=CARTESIAN_POINT('',(13.1321608397624,15.0307694473273,0.));
#7856=CARTESIAN_POINT('Ctrl Pts',(13.1321608397624,15.0307694473273,0.));
#7857=CARTESIAN_POINT('Ctrl Pts',(13.1346099207662,15.1417040181935,0.));
#7858=CARTESIAN_POINT('Ctrl Pts',(13.1389282386204,15.3373083029406,0.));
#7859=CARTESIAN_POINT('Ctrl Pts',(13.2555999214495,15.4923200856107,0.));
#7860=CARTESIAN_POINT('Ctrl Pts',(13.3061026904247,15.5594188370711,0.));
#7861=CARTESIAN_POINT('',(13.1321608397624,15.0307694473273,0.2));
#7862=CARTESIAN_POINT('',(13.1321608397624,15.0307694473273,0.));
#7863=CARTESIAN_POINT('Ctrl Pts',(13.1321608397624,15.0307694473273,0.2));
#7864=CARTESIAN_POINT('Ctrl Pts',(13.1346099207662,15.1417040181935,0.2));
#7865=CARTESIAN_POINT('Ctrl Pts',(13.1389282386204,15.3373083029406,0.2));
#7866=CARTESIAN_POINT('Ctrl Pts',(13.2555999214495,15.4923200856107,0.2));
#7867=CARTESIAN_POINT('Ctrl Pts',(13.3061026904247,15.5594188370711,0.2));
#7868=CARTESIAN_POINT('Ctrl Pts',(13.1355714175365,14.8704693117149,0.));
#7869=CARTESIAN_POINT('Ctrl Pts',(13.1355714175365,14.8704693117149,0.2));
#7870=CARTESIAN_POINT('Ctrl Pts',(13.1346101552638,14.9048577370273,0.));
#7871=CARTESIAN_POINT('Ctrl Pts',(13.1346101552638,14.9048577370273,0.2));
#7872=CARTESIAN_POINT('Ctrl Pts',(13.133116725932,14.9582840333623,0.));
#7873=CARTESIAN_POINT('Ctrl Pts',(13.133116725932,14.9582840333623,0.2));
#7874=CARTESIAN_POINT('Ctrl Pts',(13.1324119712978,15.0117259943711,0.));
#7875=CARTESIAN_POINT('Ctrl Pts',(13.1324119712978,15.0117259943711,0.2));
#7876=CARTESIAN_POINT('Ctrl Pts',(13.1321608397624,15.0307694473273,0.));
#7877=CARTESIAN_POINT('Ctrl Pts',(13.1321608397624,15.0307694473273,0.2));
#7878=CARTESIAN_POINT('',(13.1355714175365,14.8704693117149,0.));
#7879=CARTESIAN_POINT('Ctrl Pts',(13.1355714175365,14.8704693117149,0.));
#7880=CARTESIAN_POINT('Ctrl Pts',(13.1346101552638,14.9048577370273,0.));
#7881=CARTESIAN_POINT('Ctrl Pts',(13.133116725932,14.9582840333623,0.));
#7882=CARTESIAN_POINT('Ctrl Pts',(13.1324119712978,15.0117259943711,0.));
#7883=CARTESIAN_POINT('Ctrl Pts',(13.1321608397624,15.0307694473273,0.));
#7884=CARTESIAN_POINT('',(13.1355714175365,14.8704693117149,0.2));
#7885=CARTESIAN_POINT('',(13.1355714175365,14.8704693117149,0.));
#7886=CARTESIAN_POINT('Ctrl Pts',(13.1355714175365,14.8704693117149,0.2));
#7887=CARTESIAN_POINT('Ctrl Pts',(13.1346101552638,14.9048577370273,0.2));
#7888=CARTESIAN_POINT('Ctrl Pts',(13.133116725932,14.9582840333623,0.2));
#7889=CARTESIAN_POINT('Ctrl Pts',(13.1324119712978,15.0117259943711,0.2));
#7890=CARTESIAN_POINT('Ctrl Pts',(13.1321608397624,15.0307694473273,0.2));
#7891=CARTESIAN_POINT('Ctrl Pts',(14.2303871485851,14.6590093173988,0.));
#7892=CARTESIAN_POINT('Ctrl Pts',(14.2303871485851,14.6590093173988,0.2));
#7893=CARTESIAN_POINT('Ctrl Pts',(14.0139802770166,14.6852077529856,0.));
#7894=CARTESIAN_POINT('Ctrl Pts',(14.0139802770166,14.6852077529856,0.2));
#7895=CARTESIAN_POINT('Ctrl Pts',(13.6438568007856,14.7300152767992,0.));
#7896=CARTESIAN_POINT('Ctrl Pts',(13.6438568007856,14.7300152767992,0.2));
#7897=CARTESIAN_POINT('Ctrl Pts',(13.2847236228801,14.8292542192737,0.));
#7898=CARTESIAN_POINT('Ctrl Pts',(13.2847236228801,14.8292542192737,0.2));
#7899=CARTESIAN_POINT('Ctrl Pts',(13.1355714175365,14.8704693117149,0.));
#7900=CARTESIAN_POINT('Ctrl Pts',(13.1355714175365,14.8704693117149,0.2));
#7901=CARTESIAN_POINT('',(14.2303871485851,14.6590093173988,0.));
#7902=CARTESIAN_POINT('Ctrl Pts',(14.2303871485851,14.6590093173988,0.));
#7903=CARTESIAN_POINT('Ctrl Pts',(14.0139802770166,14.6852077529856,0.));
#7904=CARTESIAN_POINT('Ctrl Pts',(13.6438568007856,14.7300152767992,0.));
#7905=CARTESIAN_POINT('Ctrl Pts',(13.2847236228801,14.8292542192737,0.));
#7906=CARTESIAN_POINT('Ctrl Pts',(13.1355714175365,14.8704693117149,0.));
#7907=CARTESIAN_POINT('',(14.2303871485851,14.6590093173988,0.2));
#7908=CARTESIAN_POINT('',(14.2303871485851,14.6590093173988,0.));
#7909=CARTESIAN_POINT('Ctrl Pts',(14.2303871485851,14.6590093173988,0.2));
#7910=CARTESIAN_POINT('Ctrl Pts',(14.0139802770166,14.6852077529856,0.2));
#7911=CARTESIAN_POINT('Ctrl Pts',(13.6438568007856,14.7300152767992,0.2));
#7912=CARTESIAN_POINT('Ctrl Pts',(13.2847236228801,14.8292542192737,0.2));
#7913=CARTESIAN_POINT('Ctrl Pts',(13.1355714175365,14.8704693117149,0.2));
#7914=CARTESIAN_POINT('Ctrl Pts',(14.7760891291759,14.5669219293601,0.));
#7915=CARTESIAN_POINT('Ctrl Pts',(14.7760891291759,14.5669219293601,0.2));
#7916=CARTESIAN_POINT('Ctrl Pts',(14.7006613378795,14.5835579461555,0.));
#7917=CARTESIAN_POINT('Ctrl Pts',(14.7006613378795,14.5835579461555,0.2));
#7918=CARTESIAN_POINT('Ctrl Pts',(14.5203402796706,14.6233287534583,0.));
#7919=CARTESIAN_POINT('Ctrl Pts',(14.5203402796706,14.6233287534583,0.2));
#7920=CARTESIAN_POINT('Ctrl Pts',(14.3370232060767,14.6458870770786,0.));
#7921=CARTESIAN_POINT('Ctrl Pts',(14.3370232060767,14.6458870770786,0.2));
#7922=CARTESIAN_POINT('Ctrl Pts',(14.2303871485851,14.6590093173988,0.));
#7923=CARTESIAN_POINT('Ctrl Pts',(14.2303871485851,14.6590093173988,0.2));
#7924=CARTESIAN_POINT('',(14.7760891291759,14.5669219293601,0.));
#7925=CARTESIAN_POINT('Ctrl Pts',(14.7760891291759,14.5669219293601,0.));
#7926=CARTESIAN_POINT('Ctrl Pts',(14.7006613378795,14.5835579461555,0.));
#7927=CARTESIAN_POINT('Ctrl Pts',(14.5203402796706,14.6233287534583,0.));
#7928=CARTESIAN_POINT('Ctrl Pts',(14.3370232060767,14.6458870770786,0.));
#7929=CARTESIAN_POINT('Ctrl Pts',(14.2303871485851,14.6590093173988,0.));
#7930=CARTESIAN_POINT('',(14.7760891291759,14.5669219293601,0.2));
#7931=CARTESIAN_POINT('',(14.7760891291759,14.5669219293601,0.));
#7932=CARTESIAN_POINT('Ctrl Pts',(14.7760891291759,14.5669219293601,0.2));
#7933=CARTESIAN_POINT('Ctrl Pts',(14.7006613378795,14.5835579461555,0.2));
#7934=CARTESIAN_POINT('Ctrl Pts',(14.5203402796706,14.6233287534583,0.2));
#7935=CARTESIAN_POINT('Ctrl Pts',(14.3370232060767,14.6458870770786,0.2));
#7936=CARTESIAN_POINT('Ctrl Pts',(14.2303871485851,14.6590093173988,0.2));
#7937=CARTESIAN_POINT('Ctrl Pts',(15.2177678916118,14.3656942644126,0.));
#7938=CARTESIAN_POINT('Ctrl Pts',(15.2177678916118,14.3656942644126,0.2));
#7939=CARTESIAN_POINT('Ctrl Pts',(15.1496028923246,14.4075339272317,0.));
#7940=CARTESIAN_POINT('Ctrl Pts',(15.1496028923246,14.4075339272317,0.2));
#7941=CARTESIAN_POINT('Ctrl Pts',(15.010695322477,14.4927953655976,0.));
#7942=CARTESIAN_POINT('Ctrl Pts',(15.010695322477,14.4927953655976,0.2));
#7943=CARTESIAN_POINT('Ctrl Pts',(14.8552526591941,14.5419092885044,0.));
#7944=CARTESIAN_POINT('Ctrl Pts',(14.8552526591941,14.5419092885044,0.2));
#7945=CARTESIAN_POINT('Ctrl Pts',(14.7760891291759,14.5669219293601,0.));
#7946=CARTESIAN_POINT('Ctrl Pts',(14.7760891291759,14.5669219293601,0.2));
#7947=CARTESIAN_POINT('',(15.2177678916118,14.3656942644126,0.));
#7948=CARTESIAN_POINT('Ctrl Pts',(15.2177678916118,14.3656942644126,0.));
#7949=CARTESIAN_POINT('Ctrl Pts',(15.1496028923246,14.4075339272317,0.));
#7950=CARTESIAN_POINT('Ctrl Pts',(15.010695322477,14.4927953655976,0.));
#7951=CARTESIAN_POINT('Ctrl Pts',(14.8552526591941,14.5419092885044,0.));
#7952=CARTESIAN_POINT('Ctrl Pts',(14.7760891291759,14.5669219293601,0.));
#7953=CARTESIAN_POINT('',(15.2177678916118,14.3656942644126,0.2));
#7954=CARTESIAN_POINT('',(15.2177678916118,14.3656942644126,0.));
#7955=CARTESIAN_POINT('Ctrl Pts',(15.2177678916118,14.3656942644126,0.2));
#7956=CARTESIAN_POINT('Ctrl Pts',(15.1496028923246,14.4075339272317,0.2));
#7957=CARTESIAN_POINT('Ctrl Pts',(15.010695322477,14.4927953655976,0.2));
#7958=CARTESIAN_POINT('Ctrl Pts',(14.8552526591941,14.5419092885044,0.2));
#7959=CARTESIAN_POINT('Ctrl Pts',(14.7760891291759,14.5669219293601,0.2));
#7960=CARTESIAN_POINT('Ctrl Pts',(15.5349575850627,14.0126929082877,0.));
#7961=CARTESIAN_POINT('Ctrl Pts',(15.5349575850627,14.0126929082877,0.2));
#7962=CARTESIAN_POINT('Ctrl Pts',(15.491978881585,14.0820512067663,0.));
#7963=CARTESIAN_POINT('Ctrl Pts',(15.491978881585,14.0820512067663,0.2));
#7964=CARTESIAN_POINT('Ctrl Pts',(15.4073006677518,14.2187034636849,0.));
#7965=CARTESIAN_POINT('Ctrl Pts',(15.4073006677518,14.2187034636849,0.2));
#7966=CARTESIAN_POINT('Ctrl Pts',(15.2803060011725,14.3171932769447,0.));
#7967=CARTESIAN_POINT('Ctrl Pts',(15.2803060011725,14.3171932769447,0.2));
#7968=CARTESIAN_POINT('Ctrl Pts',(15.2177678916118,14.3656942644126,0.));
#7969=CARTESIAN_POINT('Ctrl Pts',(15.2177678916118,14.3656942644126,0.2));
#7970=CARTESIAN_POINT('',(15.5349575850627,14.0126929082877,0.));
#7971=CARTESIAN_POINT('Ctrl Pts',(15.5349575850627,14.0126929082877,0.));
#7972=CARTESIAN_POINT('Ctrl Pts',(15.491978881585,14.0820512067663,0.));
#7973=CARTESIAN_POINT('Ctrl Pts',(15.4073006677518,14.2187034636849,0.));
#7974=CARTESIAN_POINT('Ctrl Pts',(15.2803060011725,14.3171932769447,0.));
#7975=CARTESIAN_POINT('Ctrl Pts',(15.2177678916118,14.3656942644126,0.));
#7976=CARTESIAN_POINT('',(15.5349575850627,14.0126929082877,0.2));
#7977=CARTESIAN_POINT('',(15.5349575850627,14.0126929082877,0.));
#7978=CARTESIAN_POINT('Ctrl Pts',(15.5349575850627,14.0126929082877,0.2));
#7979=CARTESIAN_POINT('Ctrl Pts',(15.491978881585,14.0820512067663,0.2));
#7980=CARTESIAN_POINT('Ctrl Pts',(15.4073006677518,14.2187034636849,0.2));
#7981=CARTESIAN_POINT('Ctrl Pts',(15.2803060011725,14.3171932769447,0.2));
#7982=CARTESIAN_POINT('Ctrl Pts',(15.2177678916118,14.3656942644126,0.2));
#7983=CARTESIAN_POINT('Ctrl Pts',(15.6560348841808,13.5266766347892,0.));
#7984=CARTESIAN_POINT('Ctrl Pts',(15.6560348841808,13.5266766347892,0.2));
#7985=CARTESIAN_POINT('Ctrl Pts',(15.6513022700128,13.6128619706676,0.));
#7986=CARTESIAN_POINT('Ctrl Pts',(15.6513022700128,13.6128619706676,0.2));
#7987=CARTESIAN_POINT('Ctrl Pts',(15.6419781472843,13.7826629771742,0.));
#7988=CARTESIAN_POINT('Ctrl Pts',(15.6419781472843,13.7826629771742,0.2));
#7989=CARTESIAN_POINT('Ctrl Pts',(15.5702693734672,13.9367937718454,0.));
#7990=CARTESIAN_POINT('Ctrl Pts',(15.5702693734672,13.9367937718454,0.2));
#7991=CARTESIAN_POINT('Ctrl Pts',(15.5349575850627,14.0126929082877,0.));
#7992=CARTESIAN_POINT('Ctrl Pts',(15.5349575850627,14.0126929082877,0.2));
#7993=CARTESIAN_POINT('',(15.6560348841808,13.5266766347892,0.));
#7994=CARTESIAN_POINT('Ctrl Pts',(15.6560348841808,13.5266766347892,0.));
#7995=CARTESIAN_POINT('Ctrl Pts',(15.6513022700128,13.6128619706676,0.));
#7996=CARTESIAN_POINT('Ctrl Pts',(15.6419781472843,13.7826629771742,0.));
#7997=CARTESIAN_POINT('Ctrl Pts',(15.5702693734672,13.9367937718454,0.));
#7998=CARTESIAN_POINT('Ctrl Pts',(15.5349575850627,14.0126929082877,0.));
#7999=CARTESIAN_POINT('',(15.6560348841808,13.5266766347892,0.2));
#8000=CARTESIAN_POINT('',(15.6560348841808,13.5266766347892,0.));
#8001=CARTESIAN_POINT('Ctrl Pts',(15.6560348841808,13.5266766347892,0.2));
#8002=CARTESIAN_POINT('Ctrl Pts',(15.6513022700128,13.6128619706676,0.2));
#8003=CARTESIAN_POINT('Ctrl Pts',(15.6419781472843,13.7826629771742,0.2));
#8004=CARTESIAN_POINT('Ctrl Pts',(15.5702693734672,13.9367937718454,0.2));
#8005=CARTESIAN_POINT('Ctrl Pts',(15.5349575850627,14.0126929082877,0.2));
#8006=CARTESIAN_POINT('Ctrl Pts',(15.3354346129558,12.7814516820914,0.));
#8007=CARTESIAN_POINT('Ctrl Pts',(15.3354346129558,12.7814516820914,0.2));
#8008=CARTESIAN_POINT('Ctrl Pts',(15.4289390127323,12.886364884487,0.));
#8009=CARTESIAN_POINT('Ctrl Pts',(15.4289390127323,12.886364884487,0.2));
#8010=CARTESIAN_POINT('Ctrl Pts',(15.6184105804733,13.0989545485253,0.));
#8011=CARTESIAN_POINT('Ctrl Pts',(15.6184105804733,13.0989545485253,0.2));
#8012=CARTESIAN_POINT('Ctrl Pts',(15.6433852419922,13.3828724759278,0.));
#8013=CARTESIAN_POINT('Ctrl Pts',(15.6433852419922,13.3828724759278,0.2));
#8014=CARTESIAN_POINT('Ctrl Pts',(15.6560348841808,13.5266766347892,0.));
#8015=CARTESIAN_POINT('Ctrl Pts',(15.6560348841808,13.5266766347892,0.2));
#8016=CARTESIAN_POINT('',(15.3354346129558,12.7814516820914,0.));
#8017=CARTESIAN_POINT('Ctrl Pts',(15.3354346129558,12.7814516820914,0.));
#8018=CARTESIAN_POINT('Ctrl Pts',(15.4289390127323,12.886364884487,0.));
#8019=CARTESIAN_POINT('Ctrl Pts',(15.6184105804733,13.0989545485253,0.));
#8020=CARTESIAN_POINT('Ctrl Pts',(15.6433852419922,13.3828724759278,0.));
#8021=CARTESIAN_POINT('Ctrl Pts',(15.6560348841808,13.5266766347892,0.));
#8022=CARTESIAN_POINT('',(15.3354346129558,12.7814516820914,0.2));
#8023=CARTESIAN_POINT('',(15.3354346129558,12.7814516820914,0.));
#8024=CARTESIAN_POINT('Ctrl Pts',(15.3354346129558,12.7814516820914,0.2));
#8025=CARTESIAN_POINT('Ctrl Pts',(15.4289390127323,12.886364884487,0.2));
#8026=CARTESIAN_POINT('Ctrl Pts',(15.6184105804733,13.0989545485253,0.2));
#8027=CARTESIAN_POINT('Ctrl Pts',(15.6433852419922,13.3828724759278,0.2));
#8028=CARTESIAN_POINT('Ctrl Pts',(15.6560348841808,13.5266766347892,0.2));
#8029=CARTESIAN_POINT('Ctrl Pts',(14.4179725024364,12.4898413219459,0.));
#8030=CARTESIAN_POINT('Ctrl Pts',(14.4179725024364,12.4898413219459,0.2));
#8031=CARTESIAN_POINT('Ctrl Pts',(14.5996308919658,12.4971117734877,0.));
#8032=CARTESIAN_POINT('Ctrl Pts',(14.5996308919658,12.4971117734877,0.2));
#8033=CARTESIAN_POINT('Ctrl Pts',(14.933639726881,12.510479694755,0.));
#8034=CARTESIAN_POINT('Ctrl Pts',(14.933639726881,12.510479694755,0.2));
#8035=CARTESIAN_POINT('Ctrl Pts',(15.2095736860103,12.6965705980249,0.));
#8036=CARTESIAN_POINT('Ctrl Pts',(15.2095736860103,12.6965705980249,0.2));
#8037=CARTESIAN_POINT('Ctrl Pts',(15.3354346129558,12.7814516820914,0.));
#8038=CARTESIAN_POINT('Ctrl Pts',(15.3354346129558,12.7814516820914,0.2));
#8039=CARTESIAN_POINT('',(14.4179725024364,12.4898413219459,0.));
#8040=CARTESIAN_POINT('Ctrl Pts',(14.4179725024364,12.4898413219459,0.));
#8041=CARTESIAN_POINT('Ctrl Pts',(14.5996308919658,12.4971117734877,0.));
#8042=CARTESIAN_POINT('Ctrl Pts',(14.933639726881,12.510479694755,0.));
#8043=CARTESIAN_POINT('Ctrl Pts',(15.2095736860103,12.6965705980249,0.));
#8044=CARTESIAN_POINT('Ctrl Pts',(15.3354346129558,12.7814516820914,0.));
#8045=CARTESIAN_POINT('',(14.4179725024364,12.4898413219459,0.2));
#8046=CARTESIAN_POINT('',(14.4179725024364,12.4898413219459,0.));
#8047=CARTESIAN_POINT('Ctrl Pts',(14.4179725024364,12.4898413219459,0.2));
#8048=CARTESIAN_POINT('Ctrl Pts',(14.5996308919658,12.4971117734877,0.2));
#8049=CARTESIAN_POINT('Ctrl Pts',(14.933639726881,12.510479694755,0.2));
#8050=CARTESIAN_POINT('Ctrl Pts',(15.2095736860103,12.6965705980249,0.2));
#8051=CARTESIAN_POINT('Ctrl Pts',(15.3354346129558,12.7814516820914,0.2));
#8052=CARTESIAN_POINT('Ctrl Pts',(13.7409602973125,12.6092139282233,0.));
#8053=CARTESIAN_POINT('Ctrl Pts',(13.7409602973125,12.6092139282233,0.2));
#8054=CARTESIAN_POINT('Ctrl Pts',(13.849073731344,12.5743998526209,0.));
#8055=CARTESIAN_POINT('Ctrl Pts',(13.849073731344,12.5743998526209,0.2));
#8056=CARTESIAN_POINT('Ctrl Pts',(14.069209512346,12.5035129754141,0.));
#8057=CARTESIAN_POINT('Ctrl Pts',(14.069209512346,12.5035129754141,0.2));
#8058=CARTESIAN_POINT('Ctrl Pts',(14.3003500648195,12.4944521701519,0.));
#8059=CARTESIAN_POINT('Ctrl Pts',(14.3003500648195,12.4944521701519,0.2));
#8060=CARTESIAN_POINT('Ctrl Pts',(14.4179725024364,12.4898413219459,0.));
#8061=CARTESIAN_POINT('Ctrl Pts',(14.4179725024364,12.4898413219459,0.2));
#8062=CARTESIAN_POINT('',(13.7409602973125,12.6092139282233,0.));
#8063=CARTESIAN_POINT('Ctrl Pts',(13.7409602973125,12.6092139282233,0.));
#8064=CARTESIAN_POINT('Ctrl Pts',(13.849073731344,12.5743998526209,0.));
#8065=CARTESIAN_POINT('Ctrl Pts',(14.069209512346,12.5035129754141,0.));
#8066=CARTESIAN_POINT('Ctrl Pts',(14.3003500648195,12.4944521701519,0.));
#8067=CARTESIAN_POINT('Ctrl Pts',(14.4179725024364,12.4898413219459,0.));
#8068=CARTESIAN_POINT('',(13.7409602973125,12.6092139282233,0.2));
#8069=CARTESIAN_POINT('',(13.7409602973125,12.6092139282233,0.));
#8070=CARTESIAN_POINT('Ctrl Pts',(13.7409602973125,12.6092139282233,0.2));
#8071=CARTESIAN_POINT('Ctrl Pts',(13.849073731344,12.5743998526209,0.2));
#8072=CARTESIAN_POINT('Ctrl Pts',(14.069209512346,12.5035129754141,0.2));
#8073=CARTESIAN_POINT('Ctrl Pts',(14.3003500648195,12.4944521701519,0.2));
#8074=CARTESIAN_POINT('Ctrl Pts',(14.4179725024364,12.4898413219459,0.2));
#8075=CARTESIAN_POINT('Ctrl Pts',(13.0844115588329,13.0184910097129,0.));
#8076=CARTESIAN_POINT('Ctrl Pts',(13.0844115588329,13.0184910097129,0.2));
#8077=CARTESIAN_POINT('Ctrl Pts',(13.1926617856086,12.9306903679427,0.));
#8078=CARTESIAN_POINT('Ctrl Pts',(13.1926617856086,12.9306903679427,0.2));
#8079=CARTESIAN_POINT('Ctrl Pts',(13.3946565572794,12.7668544932736,0.));
#8080=CARTESIAN_POINT('Ctrl Pts',(13.3946565572794,12.7668544932736,0.2));
#8081=CARTESIAN_POINT('Ctrl Pts',(13.6311876540202,12.6591834189195,0.));
#8082=CARTESIAN_POINT('Ctrl Pts',(13.6311876540202,12.6591834189195,0.2));
#8083=CARTESIAN_POINT('Ctrl Pts',(13.7409602973125,12.6092139282233,0.));
#8084=CARTESIAN_POINT('Ctrl Pts',(13.7409602973125,12.6092139282233,0.2));
#8085=CARTESIAN_POINT('',(13.0844115588329,13.0184910097129,0.));
#8086=CARTESIAN_POINT('Ctrl Pts',(13.0844115588329,13.0184910097129,0.));
#8087=CARTESIAN_POINT('Ctrl Pts',(13.1926617856086,12.9306903679427,0.));
#8088=CARTESIAN_POINT('Ctrl Pts',(13.3946565572794,12.7668544932736,0.));
#8089=CARTESIAN_POINT('Ctrl Pts',(13.6311876540202,12.6591834189195,0.));
#8090=CARTESIAN_POINT('Ctrl Pts',(13.7409602973125,12.6092139282233,0.));
#8091=CARTESIAN_POINT('',(13.0844115588329,13.0184910097129,0.2));
#8092=CARTESIAN_POINT('',(13.0844115588329,13.0184910097129,0.));
#8093=CARTESIAN_POINT('Ctrl Pts',(13.0844115588329,13.0184910097129,0.2));
#8094=CARTESIAN_POINT('Ctrl Pts',(13.1926617856086,12.9306903679427,0.2));
#8095=CARTESIAN_POINT('Ctrl Pts',(13.3946565572794,12.7668544932736,0.2));
#8096=CARTESIAN_POINT('Ctrl Pts',(13.6311876540202,12.6591834189195,0.2));
#8097=CARTESIAN_POINT('Ctrl Pts',(13.7409602973125,12.6092139282233,0.2));
#8098=CARTESIAN_POINT('Ctrl Pts',(12.9616283747813,12.5716969766624,0.));
#8099=CARTESIAN_POINT('Ctrl Pts',(12.9616283747813,12.5716969766624,0.2));
#8100=CARTESIAN_POINT('Ctrl Pts',(12.990802993743,12.6399168705235,0.));
#8101=CARTESIAN_POINT('Ctrl Pts',(12.990802993743,12.6399168705235,0.2));
#8102=CARTESIAN_POINT('Ctrl Pts',(13.0520646606847,12.7831668791014,0.));
#8103=CARTESIAN_POINT('Ctrl Pts',(13.0520646606847,12.7831668791014,0.2));
#8104=CARTESIAN_POINT('Ctrl Pts',(13.0732928575872,12.9376023046448,0.));
#8105=CARTESIAN_POINT('Ctrl Pts',(13.0732928575872,12.9376023046448,0.2));
#8106=CARTESIAN_POINT('Ctrl Pts',(13.0844115588329,13.0184910097129,0.));
#8107=CARTESIAN_POINT('Ctrl Pts',(13.0844115588329,13.0184910097129,0.2));
#8108=CARTESIAN_POINT('Ctrl Pts',(12.9616283747813,12.5716969766624,0.));
#8109=CARTESIAN_POINT('Ctrl Pts',(12.990802993743,12.6399168705235,0.));
#8110=CARTESIAN_POINT('Ctrl Pts',(13.0520646606847,12.7831668791014,0.));
#8111=CARTESIAN_POINT('Ctrl Pts',(13.0732928575872,12.9376023046448,0.));
#8112=CARTESIAN_POINT('Ctrl Pts',(13.0844115588329,13.0184910097129,0.));
#8113=CARTESIAN_POINT('Ctrl Pts',(12.9616283747813,12.5716969766624,0.2));
#8114=CARTESIAN_POINT('Ctrl Pts',(12.990802993743,12.6399168705235,0.2));
#8115=CARTESIAN_POINT('Ctrl Pts',(13.0520646606847,12.7831668791014,0.2));
#8116=CARTESIAN_POINT('Ctrl Pts',(13.0732928575872,12.9376023046448,0.2));
#8117=CARTESIAN_POINT('Ctrl Pts',(13.0844115588329,13.0184910097129,0.2));
#8118=CARTESIAN_POINT('Origin',(20.3712462756297,14.377631584645,0.2));
#8119=CARTESIAN_POINT('Origin',(20.0114249560497,14.6897051134116,0.));
#8120=CARTESIAN_POINT('',(20.0114249560497,14.6897051134116,0.));
#8121=CARTESIAN_POINT('',(20.0114249560497,14.0723792114265,0.));
#8122=CARTESIAN_POINT('',(20.0114249560497,-3.70639744329418,0.));
#8123=CARTESIAN_POINT('',(20.0114249560497,14.6897051134116,0.2));
#8124=CARTESIAN_POINT('',(20.0114249560497,14.6897051134116,0.));
#8125=CARTESIAN_POINT('',(20.0114249560497,14.0723792114265,0.2));
#8126=CARTESIAN_POINT('',(20.0114249560497,14.6897051134116,0.2));
#8127=CARTESIAN_POINT('',(20.0114249560497,14.0723792114265,0.));
#8128=CARTESIAN_POINT('Origin',(21.8975090357921,14.6897051134116,0.));
#8129=CARTESIAN_POINT('',(21.8975090357921,14.6897051134116,0.));
#8130=CARTESIAN_POINT('',(25.479004517896,14.6897051134116,0.));
#8131=CARTESIAN_POINT('',(21.8975090357921,14.6897051134116,0.2));
#8132=CARTESIAN_POINT('',(21.8975090357921,14.6897051134116,0.));
#8133=CARTESIAN_POINT('',(21.8975090357921,14.6897051134116,0.2));
#8134=CARTESIAN_POINT('Origin',(21.8975090357921,14.0723792114265,0.));
#8135=CARTESIAN_POINT('',(21.8975090357921,14.0723792114265,0.));
#8136=CARTESIAN_POINT('',(21.8975090357921,-4.01506039428677,0.));
#8137=CARTESIAN_POINT('',(21.8975090357921,14.0723792114265,0.2));
#8138=CARTESIAN_POINT('',(21.8975090357921,14.0723792114265,0.));
#8139=CARTESIAN_POINT('',(21.8975090357921,14.0723792114265,0.2));
#8140=CARTESIAN_POINT('Origin',(20.0114249560497,14.0723792114265,0.));
#8141=CARTESIAN_POINT('',(24.5359624780248,14.0723792114265,0.));
#8142=CARTESIAN_POINT('',(20.0114249560497,14.0723792114265,0.2));
#8143=CARTESIAN_POINT('Origin',(20.3712462756297,14.377631584645,0.2));
#8144=CARTESIAN_POINT('Origin',(23.2754074904582,14.6487769880302,0.));
#8145=CARTESIAN_POINT('',(23.2754074904582,14.6487769880302,0.));
#8146=CARTESIAN_POINT('',(23.2754074904582,16.1937979259498,0.));
#8147=CARTESIAN_POINT('',(23.2754074904582,-3.72686150598492,0.));
#8148=CARTESIAN_POINT('',(23.2754074904582,14.6487769880302,0.2));
#8149=CARTESIAN_POINT('',(23.2754074904582,14.6487769880302,0.));
#8150=CARTESIAN_POINT('',(23.2754074904582,16.1937979259498,0.2));
#8151=CARTESIAN_POINT('',(23.2754074904582,14.6487769880302,0.2));
#8152=CARTESIAN_POINT('',(23.2754074904582,16.1937979259498,0.));
#8153=CARTESIAN_POINT('Ctrl Pts',(23.3640843007228,13.5795411863334,0.));
#8154=CARTESIAN_POINT('Ctrl Pts',(23.3640843007228,13.5795411863334,0.2));
#8155=CARTESIAN_POINT('Ctrl Pts',(23.3386495049931,13.7078179104055,0.));
#8156=CARTESIAN_POINT('Ctrl Pts',(23.3386495049931,13.7078179104055,0.2));
#8157=CARTESIAN_POINT('Ctrl Pts',(23.268794195639,14.0601230886422,0.));
#8158=CARTESIAN_POINT('Ctrl Pts',(23.268794195639,14.0601230886422,0.2));
#8159=CARTESIAN_POINT('Ctrl Pts',(23.2728368158836,14.4199594842375,0.));
#8160=CARTESIAN_POINT('Ctrl Pts',(23.2728368158836,14.4199594842375,0.2));
#8161=CARTESIAN_POINT('Ctrl Pts',(23.2754074904582,14.6487769880302,0.));
#8162=CARTESIAN_POINT('Ctrl Pts',(23.2754074904582,14.6487769880302,0.2));
#8163=CARTESIAN_POINT('',(23.3640843007228,13.5795411863334,0.));
#8164=CARTESIAN_POINT('Ctrl Pts',(23.3640843007228,13.5795411863334,0.));
#8165=CARTESIAN_POINT('Ctrl Pts',(23.3386495049931,13.7078179104055,0.));
#8166=CARTESIAN_POINT('Ctrl Pts',(23.268794195639,14.0601230886422,0.));
#8167=CARTESIAN_POINT('Ctrl Pts',(23.2728368158836,14.4199594842375,0.));
#8168=CARTESIAN_POINT('Ctrl Pts',(23.2754074904582,14.6487769880302,0.));
#8169=CARTESIAN_POINT('',(23.3640843007228,13.5795411863334,0.2));
#8170=CARTESIAN_POINT('',(23.3640843007228,13.5795411863334,0.));
#8171=CARTESIAN_POINT('Ctrl Pts',(23.3640843007228,13.5795411863334,0.2));
#8172=CARTESIAN_POINT('Ctrl Pts',(23.3386495049931,13.7078179104055,0.2));
#8173=CARTESIAN_POINT('Ctrl Pts',(23.268794195639,14.0601230886422,0.2));
#8174=CARTESIAN_POINT('Ctrl Pts',(23.2728368158836,14.4199594842375,0.2));
#8175=CARTESIAN_POINT('Ctrl Pts',(23.2754074904582,14.6487769880302,0.2));
#8176=CARTESIAN_POINT('Ctrl Pts',(23.6676316830776,13.1924334564216,0.));
#8177=CARTESIAN_POINT('Ctrl Pts',(23.6676316830776,13.1924334564216,0.2));
#8178=CARTESIAN_POINT('Ctrl Pts',(23.6014079361295,13.245703911921,0.));
#8179=CARTESIAN_POINT('Ctrl Pts',(23.6014079361295,13.245703911921,0.2));
#8180=CARTESIAN_POINT('Ctrl Pts',(23.4701884343881,13.3512570246685,0.));
#8181=CARTESIAN_POINT('Ctrl Pts',(23.4701884343881,13.3512570246685,0.2));
#8182=CARTESIAN_POINT('Ctrl Pts',(23.3992309981614,13.503922696432,0.));
#8183=CARTESIAN_POINT('Ctrl Pts',(23.3992309981614,13.503922696432,0.2));
#8184=CARTESIAN_POINT('Ctrl Pts',(23.3640843007228,13.5795411863334,0.));
#8185=CARTESIAN_POINT('Ctrl Pts',(23.3640843007228,13.5795411863334,0.2));
#8186=CARTESIAN_POINT('',(23.6676316830776,13.1924334564216,0.));
#8187=CARTESIAN_POINT('Ctrl Pts',(23.6676316830776,13.1924334564216,0.));
#8188=CARTESIAN_POINT('Ctrl Pts',(23.6014079361295,13.245703911921,0.));
#8189=CARTESIAN_POINT('Ctrl Pts',(23.4701884343881,13.3512570246685,0.));
#8190=CARTESIAN_POINT('Ctrl Pts',(23.3992309981614,13.503922696432,0.));
#8191=CARTESIAN_POINT('Ctrl Pts',(23.3640843007228,13.5795411863334,0.));
#8192=CARTESIAN_POINT('',(23.6676316830776,13.1924334564216,0.2));
#8193=CARTESIAN_POINT('',(23.6676316830776,13.1924334564216,0.));
#8194=CARTESIAN_POINT('Ctrl Pts',(23.6676316830776,13.1924334564216,0.2));
#8195=CARTESIAN_POINT('Ctrl Pts',(23.6014079361295,13.245703911921,0.2));
#8196=CARTESIAN_POINT('Ctrl Pts',(23.4701884343881,13.3512570246685,0.2));
#8197=CARTESIAN_POINT('Ctrl Pts',(23.3992309981614,13.503922696432,0.2));
#8198=CARTESIAN_POINT('Ctrl Pts',(23.3640843007228,13.5795411863334,0.2));
#8199=CARTESIAN_POINT('Ctrl Pts',(24.1553532454631,13.0423656501777,0.));
#8200=CARTESIAN_POINT('Ctrl Pts',(24.1553532454631,13.0423656501777,0.2));
#8201=CARTESIAN_POINT('Ctrl Pts',(24.0672139894944,13.0483441595325,0.));
#8202=CARTESIAN_POINT('Ctrl Pts',(24.0672139894944,13.0483441595325,0.2));
#8203=CARTESIAN_POINT('Ctrl Pts',(23.8928174086936,13.0601735263487,0.));
#8204=CARTESIAN_POINT('Ctrl Pts',(23.8928174086936,13.0601735263487,0.2));
#8205=CARTESIAN_POINT('Ctrl Pts',(23.7421516417747,13.1486651203099,0.));
#8206=CARTESIAN_POINT('Ctrl Pts',(23.7421516417747,13.1486651203099,0.2));
#8207=CARTESIAN_POINT('Ctrl Pts',(23.6676316830776,13.1924334564216,0.));
#8208=CARTESIAN_POINT('Ctrl Pts',(23.6676316830776,13.1924334564216,0.2));
#8209=CARTESIAN_POINT('',(24.1553532454631,13.0423656501777,0.));
#8210=CARTESIAN_POINT('Ctrl Pts',(24.1553532454631,13.0423656501777,0.));
#8211=CARTESIAN_POINT('Ctrl Pts',(24.0672139894944,13.0483441595325,0.));
#8212=CARTESIAN_POINT('Ctrl Pts',(23.8928174086936,13.0601735263487,0.));
#8213=CARTESIAN_POINT('Ctrl Pts',(23.7421516417747,13.1486651203099,0.));
#8214=CARTESIAN_POINT('Ctrl Pts',(23.6676316830776,13.1924334564216,0.));
#8215=CARTESIAN_POINT('',(24.1553532454631,13.0423656501777,0.2));
#8216=CARTESIAN_POINT('',(24.1553532454631,13.0423656501777,0.));
#8217=CARTESIAN_POINT('Ctrl Pts',(24.1553532454631,13.0423656501777,0.2));
#8218=CARTESIAN_POINT('Ctrl Pts',(24.0672139894944,13.0483441595325,0.2));
#8219=CARTESIAN_POINT('Ctrl Pts',(23.8928174086936,13.0601735263487,0.2));
#8220=CARTESIAN_POINT('Ctrl Pts',(23.7421516417747,13.1486651203099,0.2));
#8221=CARTESIAN_POINT('Ctrl Pts',(23.6676316830776,13.1924334564216,0.2));
#8222=CARTESIAN_POINT('Ctrl Pts',(24.6140843007228,13.1856123008735,0.));
#8223=CARTESIAN_POINT('Ctrl Pts',(24.6140843007228,13.1856123008735,0.2));
#8224=CARTESIAN_POINT('Ctrl Pts',(24.5444813201327,13.1438344944068,0.));
#8225=CARTESIAN_POINT('Ctrl Pts',(24.5444813201327,13.1438344944068,0.2));
#8226=CARTESIAN_POINT('Ctrl Pts',(24.4032302541377,13.0590513479336,0.));
#8227=CARTESIAN_POINT('Ctrl Pts',(24.4032302541377,13.0590513479336,0.2));
#8228=CARTESIAN_POINT('Ctrl Pts',(24.2387726154824,13.0479809769181,0.));
#8229=CARTESIAN_POINT('Ctrl Pts',(24.2387726154824,13.0479809769181,0.2));
#8230=CARTESIAN_POINT('Ctrl Pts',(24.1553532454631,13.0423656501777,0.));
#8231=CARTESIAN_POINT('Ctrl Pts',(24.1553532454631,13.0423656501777,0.2));
#8232=CARTESIAN_POINT('',(24.6140843007228,13.1856123008735,0.));
#8233=CARTESIAN_POINT('Ctrl Pts',(24.6140843007228,13.1856123008735,0.));
#8234=CARTESIAN_POINT('Ctrl Pts',(24.5444813201327,13.1438344944068,0.));
#8235=CARTESIAN_POINT('Ctrl Pts',(24.4032302541377,13.0590513479336,0.));
#8236=CARTESIAN_POINT('Ctrl Pts',(24.2387726154824,13.0479809769181,0.));
#8237=CARTESIAN_POINT('Ctrl Pts',(24.1553532454631,13.0423656501777,0.));
#8238=CARTESIAN_POINT('',(24.6140843007228,13.1856123008735,0.2));
#8239=CARTESIAN_POINT('',(24.6140843007228,13.1856123008735,0.));
#8240=CARTESIAN_POINT('Ctrl Pts',(24.6140843007228,13.1856123008735,0.2));
#8241=CARTESIAN_POINT('Ctrl Pts',(24.5444813201327,13.1438344944068,0.2));
#8242=CARTESIAN_POINT('Ctrl Pts',(24.4032302541377,13.0590513479336,0.2));
#8243=CARTESIAN_POINT('Ctrl Pts',(24.2387726154824,13.0479809769181,0.2));
#8244=CARTESIAN_POINT('Ctrl Pts',(24.1553532454631,13.0423656501777,0.2));
#8245=CARTESIAN_POINT('Ctrl Pts',(24.9022834870479,13.5761306085593,0.));
#8246=CARTESIAN_POINT('Ctrl Pts',(24.9022834870479,13.5761306085593,0.2));
#8247=CARTESIAN_POINT('Ctrl Pts',(24.8687228563512,13.4984892445736,0.));
#8248=CARTESIAN_POINT('Ctrl Pts',(24.8687228563512,13.4984892445736,0.2));
#8249=CARTESIAN_POINT('Ctrl Pts',(24.8027873317235,13.3459496777974,0.));
#8250=CARTESIAN_POINT('Ctrl Pts',(24.8027873317235,13.3459496777974,0.2));
#8251=CARTESIAN_POINT('Ctrl Pts',(24.6762266524966,13.2384134754305,0.));
#8252=CARTESIAN_POINT('Ctrl Pts',(24.6762266524966,13.2384134754305,0.2));
#8253=CARTESIAN_POINT('Ctrl Pts',(24.6140843007228,13.1856123008735,0.));
#8254=CARTESIAN_POINT('Ctrl Pts',(24.6140843007228,13.1856123008735,0.2));
#8255=CARTESIAN_POINT('',(24.9022834870479,13.5761306085593,0.));
#8256=CARTESIAN_POINT('Ctrl Pts',(24.9022834870479,13.5761306085593,0.));
#8257=CARTESIAN_POINT('Ctrl Pts',(24.8687228563512,13.4984892445736,0.));
#8258=CARTESIAN_POINT('Ctrl Pts',(24.8027873317235,13.3459496777974,0.));
#8259=CARTESIAN_POINT('Ctrl Pts',(24.6762266524966,13.2384134754305,0.));
#8260=CARTESIAN_POINT('Ctrl Pts',(24.6140843007228,13.1856123008735,0.));
#8261=CARTESIAN_POINT('',(24.9022834870479,13.5761306085593,0.2));
#8262=CARTESIAN_POINT('',(24.9022834870479,13.5761306085593,0.));
#8263=CARTESIAN_POINT('Ctrl Pts',(24.9022834870479,13.5761306085593,0.2));
#8264=CARTESIAN_POINT('Ctrl Pts',(24.8687228563512,13.4984892445736,0.2));
#8265=CARTESIAN_POINT('Ctrl Pts',(24.8027873317235,13.3459496777974,0.2));
#8266=CARTESIAN_POINT('Ctrl Pts',(24.6762266524966,13.2384134754305,0.2));
#8267=CARTESIAN_POINT('Ctrl Pts',(24.6140843007228,13.1856123008735,0.2));
#8268=CARTESIAN_POINT('Ctrl Pts',(24.9909602973125,14.6590093173988,0.));
#8269=CARTESIAN_POINT('Ctrl Pts',(24.9909602973125,14.6590093173988,0.2));
#8270=CARTESIAN_POINT('Ctrl Pts',(24.9933130910872,14.4285277378252,0.));
#8271=CARTESIAN_POINT('Ctrl Pts',(24.9933130910872,14.4285277378252,0.2));
#8272=CARTESIAN_POINT('Ctrl Pts',(24.9970317832851,14.0642416448622,0.));
#8273=CARTESIAN_POINT('Ctrl Pts',(24.9970317832851,14.0642416448622,0.2));
#8274=CARTESIAN_POINT('Ctrl Pts',(24.9277361848318,13.7072542612835,0.));
#8275=CARTESIAN_POINT('Ctrl Pts',(24.9277361848318,13.7072542612835,0.2));
#8276=CARTESIAN_POINT('Ctrl Pts',(24.9022834870479,13.5761306085593,0.));
#8277=CARTESIAN_POINT('Ctrl Pts',(24.9022834870479,13.5761306085593,0.2));
#8278=CARTESIAN_POINT('',(24.9909602973125,14.6590093173988,0.));
#8279=CARTESIAN_POINT('Ctrl Pts',(24.9909602973125,14.6590093173988,0.));
#8280=CARTESIAN_POINT('Ctrl Pts',(24.9933130910872,14.4285277378252,0.));
#8281=CARTESIAN_POINT('Ctrl Pts',(24.9970317832851,14.0642416448622,0.));
#8282=CARTESIAN_POINT('Ctrl Pts',(24.9277361848318,13.7072542612835,0.));
#8283=CARTESIAN_POINT('Ctrl Pts',(24.9022834870479,13.5761306085593,0.));
#8284=CARTESIAN_POINT('',(24.9909602973125,14.6590093173988,0.2));
#8285=CARTESIAN_POINT('',(24.9909602973125,14.6590093173988,0.));
#8286=CARTESIAN_POINT('Ctrl Pts',(24.9909602973125,14.6590093173988,0.2));
#8287=CARTESIAN_POINT('Ctrl Pts',(24.9933130910872,14.4285277378252,0.2));
#8288=CARTESIAN_POINT('Ctrl Pts',(24.9970317832851,14.0642416448622,0.2));
#8289=CARTESIAN_POINT('Ctrl Pts',(24.9277361848318,13.7072542612835,0.2));
#8290=CARTESIAN_POINT('Ctrl Pts',(24.9022834870479,13.5761306085593,0.2));
#8291=CARTESIAN_POINT('Origin',(24.9909602973125,16.1937979259498,0.));
#8292=CARTESIAN_POINT('',(24.9909602973125,16.1937979259498,0.));
#8293=CARTESIAN_POINT('',(24.9909602973125,-2.95435103702511,0.));
#8294=CARTESIAN_POINT('',(24.9909602973125,16.1937979259498,0.2));
#8295=CARTESIAN_POINT('',(24.9909602973125,16.1937979259498,0.));
#8296=CARTESIAN_POINT('',(24.9909602973125,16.1937979259498,0.2));
#8297=CARTESIAN_POINT('Origin',(25.5980544659755,16.1937979259498,0.));
#8298=CARTESIAN_POINT('',(25.5980544659755,16.1937979259498,0.));
#8299=CARTESIAN_POINT('',(27.3292772329878,16.1937979259498,0.));
#8300=CARTESIAN_POINT('',(25.5980544659755,16.1937979259498,0.2));
#8301=CARTESIAN_POINT('',(25.5980544659755,16.1937979259498,0.));
#8302=CARTESIAN_POINT('',(25.5980544659755,16.1937979259498,0.2));
#8303=CARTESIAN_POINT('Origin',(25.5980544659755,11.1835661926276,0.));
#8304=CARTESIAN_POINT('',(25.5980544659755,11.1835661926276,0.));
#8305=CARTESIAN_POINT('',(25.5980544659755,-5.45946690368618,0.));
#8306=CARTESIAN_POINT('',(25.5980544659755,11.1835661926276,0.2));
#8307=CARTESIAN_POINT('',(25.5980544659755,11.1835661926276,0.));
#8308=CARTESIAN_POINT('',(25.5980544659755,11.1835661926276,0.2));
#8309=CARTESIAN_POINT('Origin',(24.9909602973125,11.1835661926276,0.));
#8310=CARTESIAN_POINT('',(24.9909602973125,11.1835661926276,0.));
#8311=CARTESIAN_POINT('',(27.0257301486562,11.1835661926276,0.));
#8312=CARTESIAN_POINT('',(24.9909602973125,11.1835661926276,0.2));
#8313=CARTESIAN_POINT('',(24.9909602973125,11.1835661926276,0.));
#8314=CARTESIAN_POINT('',(24.9909602973125,11.1835661926276,0.2));
#8315=CARTESIAN_POINT('Origin',(24.9909602973125,12.9366353549964,0.));
#8316=CARTESIAN_POINT('',(24.9909602973125,12.9366353549964,0.));
#8317=CARTESIAN_POINT('',(24.9909602973125,-4.58293232250179,0.));
#8318=CARTESIAN_POINT('',(24.9909602973125,12.9366353549964,0.2));
#8319=CARTESIAN_POINT('',(24.9909602973125,12.9366353549964,0.));
#8320=CARTESIAN_POINT('',(24.9909602973125,12.9366353549964,0.2));
#8321=CARTESIAN_POINT('Ctrl Pts',(24.6294324967525,12.5989821949012,0.));
#8322=CARTESIAN_POINT('Ctrl Pts',(24.6294324967525,12.5989821949012,0.2));
#8323=CARTESIAN_POINT('Ctrl Pts',(24.6889378402574,12.6390255185205,0.));
#8324=CARTESIAN_POINT('Ctrl Pts',(24.6889378402574,12.6390255185205,0.2));
#8325=CARTESIAN_POINT('Ctrl Pts',(24.8271734201242,12.7320492998192,0.));
#8326=CARTESIAN_POINT('Ctrl Pts',(24.8271734201242,12.7320492998192,0.2));
#8327=CARTESIAN_POINT('Ctrl Pts',(24.9315270659484,12.8623973540042,0.));
#8328=CARTESIAN_POINT('Ctrl Pts',(24.9315270659484,12.8623973540042,0.2));
#8329=CARTESIAN_POINT('Ctrl Pts',(24.9909602973125,12.9366353549964,0.));
#8330=CARTESIAN_POINT('Ctrl Pts',(24.9909602973125,12.9366353549964,0.2));
#8331=CARTESIAN_POINT('',(24.6294324967525,12.5989821949012,0.));
#8332=CARTESIAN_POINT('Ctrl Pts',(24.6294324967525,12.5989821949012,0.));
#8333=CARTESIAN_POINT('Ctrl Pts',(24.6889378402574,12.6390255185205,0.));
#8334=CARTESIAN_POINT('Ctrl Pts',(24.8271734201242,12.7320492998192,0.));
#8335=CARTESIAN_POINT('Ctrl Pts',(24.9315270659484,12.8623973540042,0.));
#8336=CARTESIAN_POINT('Ctrl Pts',(24.9909602973125,12.9366353549964,0.));
#8337=CARTESIAN_POINT('',(24.6294324967525,12.5989821949012,0.2));
#8338=CARTESIAN_POINT('',(24.6294324967525,12.5989821949012,0.));
#8339=CARTESIAN_POINT('Ctrl Pts',(24.6294324967525,12.5989821949012,0.2));
#8340=CARTESIAN_POINT('Ctrl Pts',(24.6889378402574,12.6390255185205,0.2));
#8341=CARTESIAN_POINT('Ctrl Pts',(24.8271734201242,12.7320492998192,0.2));
#8342=CARTESIAN_POINT('Ctrl Pts',(24.9315270659484,12.8623973540042,0.2));
#8343=CARTESIAN_POINT('Ctrl Pts',(24.9909602973125,12.9366353549964,0.2));
#8344=CARTESIAN_POINT('Ctrl Pts',(24.1280680272243,12.4864307441718,0.));
#8345=CARTESIAN_POINT('Ctrl Pts',(24.1280680272243,12.4864307441718,0.2));
#8346=CARTESIAN_POINT('Ctrl Pts',(24.2182719918573,12.4903865361512,0.));
#8347=CARTESIAN_POINT('Ctrl Pts',(24.2182719918573,12.4903865361512,0.2));
#8348=CARTESIAN_POINT('Ctrl Pts',(24.3922435015439,12.4980158582708,0.));
#8349=CARTESIAN_POINT('Ctrl Pts',(24.3922435015439,12.4980158582708,0.2));
#8350=CARTESIAN_POINT('Ctrl Pts',(24.5523439085974,12.5661672140241,0.));
#8351=CARTESIAN_POINT('Ctrl Pts',(24.5523439085974,12.5661672140241,0.2));
#8352=CARTESIAN_POINT('Ctrl Pts',(24.6294324967525,12.5989821949012,0.));
#8353=CARTESIAN_POINT('Ctrl Pts',(24.6294324967525,12.5989821949012,0.2));
#8354=CARTESIAN_POINT('',(24.1280680272243,12.4864307441718,0.));
#8355=CARTESIAN_POINT('Ctrl Pts',(24.1280680272243,12.4864307441718,0.));
#8356=CARTESIAN_POINT('Ctrl Pts',(24.2182719918573,12.4903865361512,0.));
#8357=CARTESIAN_POINT('Ctrl Pts',(24.3922435015439,12.4980158582708,0.));
#8358=CARTESIAN_POINT('Ctrl Pts',(24.5523439085974,12.5661672140241,0.));
#8359=CARTESIAN_POINT('Ctrl Pts',(24.6294324967525,12.5989821949012,0.));
#8360=CARTESIAN_POINT('',(24.1280680272243,12.4864307441718,0.2));
#8361=CARTESIAN_POINT('',(24.1280680272243,12.4864307441718,0.));
#8362=CARTESIAN_POINT('Ctrl Pts',(24.1280680272243,12.4864307441718,0.2));
#8363=CARTESIAN_POINT('Ctrl Pts',(24.2182719918573,12.4903865361512,0.2));
#8364=CARTESIAN_POINT('Ctrl Pts',(24.3922435015439,12.4980158582708,0.2));
#8365=CARTESIAN_POINT('Ctrl Pts',(24.5523439085974,12.5661672140241,0.2));
#8366=CARTESIAN_POINT('Ctrl Pts',(24.6294324967525,12.5989821949012,0.2));
#8367=CARTESIAN_POINT('Ctrl Pts',(23.5721337172649,12.6262668170936,0.));
#8368=CARTESIAN_POINT('Ctrl Pts',(23.5721337172649,12.6262668170936,0.2));
#8369=CARTESIAN_POINT('Ctrl Pts',(23.6567603444878,12.5854959768848,0.));
#8370=CARTESIAN_POINT('Ctrl Pts',(23.6567603444878,12.5854959768848,0.2));
#8371=CARTESIAN_POINT('Ctrl Pts',(23.8323246389645,12.5009138065753,0.));
#8372=CARTESIAN_POINT('Ctrl Pts',(23.8323246389645,12.5009138065753,0.2));
#8373=CARTESIAN_POINT('Ctrl Pts',(24.0271523954614,12.4913727562347,0.));
#8374=CARTESIAN_POINT('Ctrl Pts',(24.0271523954614,12.4913727562347,0.2));
#8375=CARTESIAN_POINT('Ctrl Pts',(24.1280680272243,12.4864307441718,0.));
#8376=CARTESIAN_POINT('Ctrl Pts',(24.1280680272243,12.4864307441718,0.2));
#8377=CARTESIAN_POINT('',(23.5721337172649,12.6262668170936,0.));
#8378=CARTESIAN_POINT('Ctrl Pts',(23.5721337172649,12.6262668170936,0.));
#8379=CARTESIAN_POINT('Ctrl Pts',(23.6567603444878,12.5854959768848,0.));
#8380=CARTESIAN_POINT('Ctrl Pts',(23.8323246389645,12.5009138065753,0.));
#8381=CARTESIAN_POINT('Ctrl Pts',(24.0271523954614,12.4913727562347,0.));
#8382=CARTESIAN_POINT('Ctrl Pts',(24.1280680272243,12.4864307441718,0.));
#8383=CARTESIAN_POINT('',(23.5721337172649,12.6262668170936,0.2));
#8384=CARTESIAN_POINT('',(23.5721337172649,12.6262668170936,0.));
#8385=CARTESIAN_POINT('Ctrl Pts',(23.5721337172649,12.6262668170936,0.2));
#8386=CARTESIAN_POINT('Ctrl Pts',(23.6567603444878,12.5854959768848,0.2));
#8387=CARTESIAN_POINT('Ctrl Pts',(23.8323246389645,12.5009138065753,0.2));
#8388=CARTESIAN_POINT('Ctrl Pts',(24.0271523954614,12.4913727562347,0.2));
#8389=CARTESIAN_POINT('Ctrl Pts',(24.1280680272243,12.4864307441718,0.2));
#8390=CARTESIAN_POINT('Ctrl Pts',(23.220837650027,13.0014375247962,0.));
#8391=CARTESIAN_POINT('Ctrl Pts',(23.220837650027,13.0014375247962,0.2));
#8392=CARTESIAN_POINT('Ctrl Pts',(23.2752961070361,12.9204872686383,0.));
#8393=CARTESIAN_POINT('Ctrl Pts',(23.2752961070361,12.9204872686383,0.2));
#8394=CARTESIAN_POINT('Ctrl Pts',(23.3723837364959,12.7761705012128,0.));
#8395=CARTESIAN_POINT('Ctrl Pts',(23.3723837364959,12.7761705012128,0.2));
#8396=CARTESIAN_POINT('Ctrl Pts',(23.5111877446919,12.6720041222275,0.));
#8397=CARTESIAN_POINT('Ctrl Pts',(23.5111877446919,12.6720041222275,0.2));
#8398=CARTESIAN_POINT('Ctrl Pts',(23.5721337172649,12.6262668170936,0.));
#8399=CARTESIAN_POINT('Ctrl Pts',(23.5721337172649,12.6262668170936,0.2));
#8400=CARTESIAN_POINT('',(23.220837650027,13.0014375247962,0.));
#8401=CARTESIAN_POINT('Ctrl Pts',(23.220837650027,13.0014375247962,0.));
#8402=CARTESIAN_POINT('Ctrl Pts',(23.2752961070361,12.9204872686383,0.));
#8403=CARTESIAN_POINT('Ctrl Pts',(23.3723837364959,12.7761705012128,0.));
#8404=CARTESIAN_POINT('Ctrl Pts',(23.5111877446919,12.6720041222275,0.));
#8405=CARTESIAN_POINT('Ctrl Pts',(23.5721337172649,12.6262668170936,0.));
#8406=CARTESIAN_POINT('',(23.220837650027,13.0014375247962,0.2));
#8407=CARTESIAN_POINT('',(23.220837650027,13.0014375247962,0.));
#8408=CARTESIAN_POINT('Ctrl Pts',(23.220837650027,13.0014375247962,0.2));
#8409=CARTESIAN_POINT('Ctrl Pts',(23.2752961070361,12.9204872686383,0.2));
#8410=CARTESIAN_POINT('Ctrl Pts',(23.3723837364959,12.7761705012128,0.2));
#8411=CARTESIAN_POINT('Ctrl Pts',(23.5111877446919,12.6720041222275,0.2));
#8412=CARTESIAN_POINT('Ctrl Pts',(23.5721337172649,12.6262668170936,0.2));
#8413=CARTESIAN_POINT('Origin',(23.220837650027,12.5716969766624,0.));
#8414=CARTESIAN_POINT('',(23.220837650027,12.5716969766624,0.));
#8415=CARTESIAN_POINT('',(23.220837650027,-4.76540151166882,0.));
#8416=CARTESIAN_POINT('',(23.220837650027,12.5716969766624,0.2));
#8417=CARTESIAN_POINT('',(23.220837650027,12.5716969766624,0.));
#8418=CARTESIAN_POINT('',(23.220837650027,12.5716969766624,0.2));
#8419=CARTESIAN_POINT('Origin',(22.6717244956157,12.5716969766624,0.));
#8420=CARTESIAN_POINT('',(22.6717244956157,12.5716969766624,0.));
#8421=CARTESIAN_POINT('',(25.8661122478079,12.5716969766624,0.));
#8422=CARTESIAN_POINT('',(22.6717244956157,12.5716969766624,0.2));
#8423=CARTESIAN_POINT('',(22.6717244956157,12.5716969766624,0.));
#8424=CARTESIAN_POINT('',(22.6717244956157,12.5716969766624,0.2));
#8425=CARTESIAN_POINT('Origin',(22.6717244956157,16.1937979259498,0.));
#8426=CARTESIAN_POINT('',(22.6717244956157,16.1937979259498,0.));
#8427=CARTESIAN_POINT('',(22.6717244956157,-2.95435103702511,0.));
#8428=CARTESIAN_POINT('',(22.6717244956157,16.1937979259498,0.2));
#8429=CARTESIAN_POINT('',(22.6717244956157,16.1937979259498,0.));
#8430=CARTESIAN_POINT('',(22.6717244956157,16.1937979259498,0.2));
#8431=CARTESIAN_POINT('Origin',(23.2754074904582,16.1937979259498,0.));
#8432=CARTESIAN_POINT('',(26.1679537452291,16.1937979259498,0.));
#8433=CARTESIAN_POINT('',(23.2754074904582,16.1937979259498,0.2));
#8434=CARTESIAN_POINT('Origin',(20.3712462756297,14.377631584645,0.2));
#8435=CARTESIAN_POINT('Ctrl Pts',(30.400237378802,15.770878533364,0.));
#8436=CARTESIAN_POINT('Ctrl Pts',(30.400237378802,15.770878533364,0.2));
#8437=CARTESIAN_POINT('Ctrl Pts',(30.5349628014947,15.7597006883135,0.));
#8438=CARTESIAN_POINT('Ctrl Pts',(30.5349628014947,15.7597006883135,0.2));
#8439=CARTESIAN_POINT('Ctrl Pts',(30.8009990936123,15.737628295504,0.));
#8440=CARTESIAN_POINT('Ctrl Pts',(30.8009990936123,15.737628295504,0.2));
#8441=CARTESIAN_POINT('Ctrl Pts',(31.0087927238959,15.5703572711599,0.));
#8442=CARTESIAN_POINT('Ctrl Pts',(31.0087927238959,15.5703572711599,0.2));
#8443=CARTESIAN_POINT('Ctrl Pts',(31.1113560322187,15.4877952137,0.));
#8444=CARTESIAN_POINT('Ctrl Pts',(31.1113560322187,15.4877952137,0.2));
#8445=CARTESIAN_POINT('',(30.400237378802,15.770878533364,0.));
#8446=CARTESIAN_POINT('',(31.1113560322187,15.4877952137,0.));
#8447=CARTESIAN_POINT('Ctrl Pts',(30.400237378802,15.770878533364,0.));
#8448=CARTESIAN_POINT('Ctrl Pts',(30.5349628014947,15.7597006883135,0.));
#8449=CARTESIAN_POINT('Ctrl Pts',(30.8009990936123,15.737628295504,0.));
#8450=CARTESIAN_POINT('Ctrl Pts',(31.0087927238959,15.5703572711599,0.));
#8451=CARTESIAN_POINT('Ctrl Pts',(31.1113560322187,15.4877952137,0.));
#8452=CARTESIAN_POINT('',(30.400237378802,15.770878533364,0.2));
#8453=CARTESIAN_POINT('',(30.400237378802,15.770878533364,0.));
#8454=CARTESIAN_POINT('',(31.1113560322187,15.4877952137,0.2));
#8455=CARTESIAN_POINT('Ctrl Pts',(30.400237378802,15.770878533364,0.2));
#8456=CARTESIAN_POINT('Ctrl Pts',(30.5349628014947,15.7597006883135,0.2));
#8457=CARTESIAN_POINT('Ctrl Pts',(30.8009990936123,15.737628295504,0.2));
#8458=CARTESIAN_POINT('Ctrl Pts',(31.0087927238959,15.5703572711599,0.2));
#8459=CARTESIAN_POINT('Ctrl Pts',(31.1113560322187,15.4877952137,0.2));
#8460=CARTESIAN_POINT('',(31.1113560322187,15.4877952137,0.));
#8461=CARTESIAN_POINT('Ctrl Pts',(29.6396645280978,15.4161718883521,0.));
#8462=CARTESIAN_POINT('Ctrl Pts',(29.6396645280978,15.4161718883521,0.2));
#8463=CARTESIAN_POINT('Ctrl Pts',(29.7450205923716,15.5196273597327,0.));
#8464=CARTESIAN_POINT('Ctrl Pts',(29.7450205923716,15.5196273597327,0.2));
#8465=CARTESIAN_POINT('Ctrl Pts',(29.9566551674413,15.7274441083477,0.));
#8466=CARTESIAN_POINT('Ctrl Pts',(29.9566551674413,15.7274441083477,0.2));
#8467=CARTESIAN_POINT('Ctrl Pts',(30.2519476136588,15.7563583823754,0.));
#8468=CARTESIAN_POINT('Ctrl Pts',(30.2519476136588,15.7563583823754,0.2));
#8469=CARTESIAN_POINT('Ctrl Pts',(30.400237378802,15.770878533364,0.));
#8470=CARTESIAN_POINT('Ctrl Pts',(30.400237378802,15.770878533364,0.2));
#8471=CARTESIAN_POINT('',(29.6396645280978,15.4161718883521,0.));
#8472=CARTESIAN_POINT('Ctrl Pts',(29.6396645280978,15.4161718883521,0.));
#8473=CARTESIAN_POINT('Ctrl Pts',(29.7450205923716,15.5196273597327,0.));
#8474=CARTESIAN_POINT('Ctrl Pts',(29.9566551674413,15.7274441083477,0.));
#8475=CARTESIAN_POINT('Ctrl Pts',(30.2519476136588,15.7563583823754,0.));
#8476=CARTESIAN_POINT('Ctrl Pts',(30.400237378802,15.770878533364,0.));
#8477=CARTESIAN_POINT('',(29.6396645280978,15.4161718883521,0.2));
#8478=CARTESIAN_POINT('',(29.6396645280978,15.4161718883521,0.));
#8479=CARTESIAN_POINT('Ctrl Pts',(29.6396645280978,15.4161718883521,0.2));
#8480=CARTESIAN_POINT('Ctrl Pts',(29.7450205923716,15.5196273597327,0.2));
#8481=CARTESIAN_POINT('Ctrl Pts',(29.9566551674413,15.7274441083477,0.2));
#8482=CARTESIAN_POINT('Ctrl Pts',(30.2519476136588,15.7563583823754,0.2));
#8483=CARTESIAN_POINT('Ctrl Pts',(30.400237378802,15.770878533364,0.2));
#8484=CARTESIAN_POINT('Ctrl Pts',(29.4077407691142,14.7306329407699,0.));
#8485=CARTESIAN_POINT('Ctrl Pts',(29.4077407691142,14.7306329407699,0.2));
#8486=CARTESIAN_POINT('Ctrl Pts',(29.423267325877,14.8677298650304,0.));
#8487=CARTESIAN_POINT('Ctrl Pts',(29.423267325877,14.8677298650304,0.2));
#8488=CARTESIAN_POINT('Ctrl Pts',(29.4511483818353,15.1139149706806,0.));
#8489=CARTESIAN_POINT('Ctrl Pts',(29.4511483818353,15.1139149706806,0.2));
#8490=CARTESIAN_POINT('Ctrl Pts',(29.5817798395818,15.3233626097937,0.));
#8491=CARTESIAN_POINT('Ctrl Pts',(29.5817798395818,15.3233626097937,0.2));
#8492=CARTESIAN_POINT('Ctrl Pts',(29.6396645280978,15.4161718883521,0.));
#8493=CARTESIAN_POINT('Ctrl Pts',(29.6396645280978,15.4161718883521,0.2));
#8494=CARTESIAN_POINT('',(29.4077407691142,14.7306329407699,0.));
#8495=CARTESIAN_POINT('Ctrl Pts',(29.4077407691142,14.7306329407699,0.));
#8496=CARTESIAN_POINT('Ctrl Pts',(29.423267325877,14.8677298650304,0.));
#8497=CARTESIAN_POINT('Ctrl Pts',(29.4511483818353,15.1139149706806,0.));
#8498=CARTESIAN_POINT('Ctrl Pts',(29.5817798395818,15.3233626097937,0.));
#8499=CARTESIAN_POINT('Ctrl Pts',(29.6396645280978,15.4161718883521,0.));
#8500=CARTESIAN_POINT('',(29.4077407691142,14.7306329407699,0.2));
#8501=CARTESIAN_POINT('',(29.4077407691142,14.7306329407699,0.));
#8502=CARTESIAN_POINT('Ctrl Pts',(29.4077407691142,14.7306329407699,0.2));
#8503=CARTESIAN_POINT('Ctrl Pts',(29.423267325877,14.8677298650304,0.2));
#8504=CARTESIAN_POINT('Ctrl Pts',(29.4511483818353,15.1139149706806,0.2));
#8505=CARTESIAN_POINT('Ctrl Pts',(29.5817798395818,15.3233626097937,0.2));
#8506=CARTESIAN_POINT('Ctrl Pts',(29.6396645280978,15.4161718883521,0.2));
#8507=CARTESIAN_POINT('Origin',(31.4302510145566,14.7306329407699,0.));
#8508=CARTESIAN_POINT('',(31.4302510145566,14.7306329407699,0.));
#8509=CARTESIAN_POINT('',(30.2453755072783,14.7306329407699,0.));
#8510=CARTESIAN_POINT('',(31.4302510145566,14.7306329407699,0.2));
#8511=CARTESIAN_POINT('',(31.4302510145566,14.7306329407699,0.));
#8512=CARTESIAN_POINT('',(31.4302510145566,14.7306329407699,0.2));
#8513=CARTESIAN_POINT('Ctrl Pts',(31.1113560322187,15.4877952137,0.));
#8514=CARTESIAN_POINT('Ctrl Pts',(31.1113560322187,15.4877952137,0.2));
#8515=CARTESIAN_POINT('Ctrl Pts',(31.1968611595542,15.3822167193874,0.));
#8516=CARTESIAN_POINT('Ctrl Pts',(31.1968611595542,15.3822167193874,0.2));
#8517=CARTESIAN_POINT('Ctrl Pts',(31.3758707731472,15.1611824251929,0.));
#8518=CARTESIAN_POINT('Ctrl Pts',(31.3758707731472,15.1611824251929,0.2));
#8519=CARTESIAN_POINT('Ctrl Pts',(31.4115921762127,14.8783622082517,0.));
#8520=CARTESIAN_POINT('Ctrl Pts',(31.4115921762127,14.8783622082517,0.2));
#8521=CARTESIAN_POINT('Ctrl Pts',(31.4302510145566,14.7306329407699,0.));
#8522=CARTESIAN_POINT('Ctrl Pts',(31.4302510145566,14.7306329407699,0.2));
#8523=CARTESIAN_POINT('Ctrl Pts',(31.1113560322187,15.4877952137,0.));
#8524=CARTESIAN_POINT('Ctrl Pts',(31.1968611595542,15.3822167193874,0.));
#8525=CARTESIAN_POINT('Ctrl Pts',(31.3758707731472,15.1611824251929,0.));
#8526=CARTESIAN_POINT('Ctrl Pts',(31.4115921762127,14.8783622082517,0.));
#8527=CARTESIAN_POINT('Ctrl Pts',(31.4302510145566,14.7306329407699,0.));
#8528=CARTESIAN_POINT('Ctrl Pts',(31.1113560322187,15.4877952137,0.2));
#8529=CARTESIAN_POINT('Ctrl Pts',(31.1968611595542,15.3822167193874,0.2));
#8530=CARTESIAN_POINT('Ctrl Pts',(31.3758707731472,15.1611824251929,0.2));
#8531=CARTESIAN_POINT('Ctrl Pts',(31.4115921762127,14.8783622082517,0.2));
#8532=CARTESIAN_POINT('Ctrl Pts',(31.4302510145566,14.7306329407699,0.2));
#8533=CARTESIAN_POINT('Ctrl Pts',(30.3695415827892,12.9946163692481,0.));
#8534=CARTESIAN_POINT('Ctrl Pts',(30.3695415827892,12.9946163692481,0.2));
#8535=CARTESIAN_POINT('Ctrl Pts',(30.2625791354795,13.0009414237308,0.));
#8536=CARTESIAN_POINT('Ctrl Pts',(30.2625791354795,13.0009414237308,0.2));
#8537=CARTESIAN_POINT('Ctrl Pts',(30.0557298761668,13.0131731262373,0.));
#8538=CARTESIAN_POINT('Ctrl Pts',(30.0557298761668,13.0131731262373,0.2));
#8539=CARTESIAN_POINT('Ctrl Pts',(29.8786530258953,13.1202587176499,0.));
#8540=CARTESIAN_POINT('Ctrl Pts',(29.8786530258953,13.1202587176499,0.2));
#8541=CARTESIAN_POINT('Ctrl Pts',(29.793143210139,13.1719699897773,0.));
#8542=CARTESIAN_POINT('Ctrl Pts',(29.793143210139,13.1719699897773,0.2));
#8543=CARTESIAN_POINT('',(30.3695415827892,12.9946163692481,0.));
#8544=CARTESIAN_POINT('',(29.793143210139,13.1719699897773,0.));
#8545=CARTESIAN_POINT('Ctrl Pts',(30.3695415827892,12.9946163692481,0.));
#8546=CARTESIAN_POINT('Ctrl Pts',(30.2625791354795,13.0009414237308,0.));
#8547=CARTESIAN_POINT('Ctrl Pts',(30.0557298761668,13.0131731262373,0.));
#8548=CARTESIAN_POINT('Ctrl Pts',(29.8786530258953,13.1202587176499,0.));
#8549=CARTESIAN_POINT('Ctrl Pts',(29.793143210139,13.1719699897773,0.));
#8550=CARTESIAN_POINT('',(30.3695415827892,12.9946163692481,0.2));
#8551=CARTESIAN_POINT('',(30.3695415827892,12.9946163692481,0.));
#8552=CARTESIAN_POINT('',(29.793143210139,13.1719699897773,0.2));
#8553=CARTESIAN_POINT('Ctrl Pts',(30.3695415827892,12.9946163692481,0.2));
#8554=CARTESIAN_POINT('Ctrl Pts',(30.2625791354795,13.0009414237308,0.2));
#8555=CARTESIAN_POINT('Ctrl Pts',(30.0557298761668,13.0131731262373,0.2));
#8556=CARTESIAN_POINT('Ctrl Pts',(29.8786530258953,13.1202587176499,0.2));
#8557=CARTESIAN_POINT('Ctrl Pts',(29.793143210139,13.1719699897773,0.2));
#8558=CARTESIAN_POINT('',(29.793143210139,13.1719699897773,0.));
#8559=CARTESIAN_POINT('Ctrl Pts',(31.1267039302251,13.311806062699,0.));
#8560=CARTESIAN_POINT('Ctrl Pts',(31.1267039302251,13.311806062699,0.2));
#8561=CARTESIAN_POINT('Ctrl Pts',(31.0185821567066,13.2192946365787,0.));
#8562=CARTESIAN_POINT('Ctrl Pts',(31.0185821567066,13.2192946365787,0.2));
#8563=CARTESIAN_POINT('Ctrl Pts',(30.8003226212172,13.0325468591846,0.));
#8564=CARTESIAN_POINT('Ctrl Pts',(30.8003226212172,13.0325468591846,0.2));
#8565=CARTESIAN_POINT('Ctrl Pts',(30.5140167652553,13.0073374826811,0.));
#8566=CARTESIAN_POINT('Ctrl Pts',(30.5140167652553,13.0073374826811,0.2));
#8567=CARTESIAN_POINT('Ctrl Pts',(30.3695415827892,12.9946163692481,0.));
#8568=CARTESIAN_POINT('Ctrl Pts',(30.3695415827892,12.9946163692481,0.2));
#8569=CARTESIAN_POINT('',(31.1267039302251,13.311806062699,0.));
#8570=CARTESIAN_POINT('Ctrl Pts',(31.1267039302251,13.311806062699,0.));
#8571=CARTESIAN_POINT('Ctrl Pts',(31.0185821567066,13.2192946365787,0.));
#8572=CARTESIAN_POINT('Ctrl Pts',(30.8003226212172,13.0325468591846,0.));
#8573=CARTESIAN_POINT('Ctrl Pts',(30.5140167652553,13.0073374826811,0.));
#8574=CARTESIAN_POINT('Ctrl Pts',(30.3695415827892,12.9946163692481,0.));
#8575=CARTESIAN_POINT('',(31.1267039302251,13.311806062699,0.2));
#8576=CARTESIAN_POINT('',(31.1267039302251,13.311806062699,0.));
#8577=CARTESIAN_POINT('Ctrl Pts',(31.1267039302251,13.311806062699,0.2));
#8578=CARTESIAN_POINT('Ctrl Pts',(31.0185821567066,13.2192946365787,0.2));
#8579=CARTESIAN_POINT('Ctrl Pts',(30.8003226212172,13.0325468591846,0.2));
#8580=CARTESIAN_POINT('Ctrl Pts',(30.5140167652553,13.0073374826811,0.2));
#8581=CARTESIAN_POINT('Ctrl Pts',(30.3695415827892,12.9946163692481,0.2));
#8582=CARTESIAN_POINT('Ctrl Pts',(31.4643574628494,14.2258581914909,0.));
#8583=CARTESIAN_POINT('Ctrl Pts',(31.4643574628494,14.2258581914909,0.2));
#8584=CARTESIAN_POINT('Ctrl Pts',(31.4466170387285,14.0439904225981,0.));
#8585=CARTESIAN_POINT('Ctrl Pts',(31.4466170387285,14.0439904225981,0.2));
#8586=CARTESIAN_POINT('Ctrl Pts',(31.4138851610166,13.7084362368259,0.));
#8587=CARTESIAN_POINT('Ctrl Pts',(31.4138851610166,13.7084362368259,0.2));
#8588=CARTESIAN_POINT('Ctrl Pts',(31.2169169136042,13.4364005259498,0.));
#8589=CARTESIAN_POINT('Ctrl Pts',(31.2169169136042,13.4364005259498,0.2));
#8590=CARTESIAN_POINT('Ctrl Pts',(31.1267039302251,13.311806062699,0.));
#8591=CARTESIAN_POINT('Ctrl Pts',(31.1267039302251,13.311806062699,0.2));
#8592=CARTESIAN_POINT('',(31.4643574628494,14.2258581914909,0.));
#8593=CARTESIAN_POINT('Ctrl Pts',(31.4643574628494,14.2258581914909,0.));
#8594=CARTESIAN_POINT('Ctrl Pts',(31.4466170387285,14.0439904225981,0.));
#8595=CARTESIAN_POINT('Ctrl Pts',(31.4138851610166,13.7084362368259,0.));
#8596=CARTESIAN_POINT('Ctrl Pts',(31.2169169136042,13.4364005259498,0.));
#8597=CARTESIAN_POINT('Ctrl Pts',(31.1267039302251,13.311806062699,0.));
#8598=CARTESIAN_POINT('',(31.4643574628494,14.2258581914909,0.2));
#8599=CARTESIAN_POINT('',(31.4643574628494,14.2258581914909,0.));
#8600=CARTESIAN_POINT('Ctrl Pts',(31.4643574628494,14.2258581914909,0.2));
#8601=CARTESIAN_POINT('Ctrl Pts',(31.4466170387285,14.0439904225981,0.2));
#8602=CARTESIAN_POINT('Ctrl Pts',(31.4138851610166,13.7084362368259,0.2));
#8603=CARTESIAN_POINT('Ctrl Pts',(31.2169169136042,13.4364005259498,0.2));
#8604=CARTESIAN_POINT('Ctrl Pts',(31.1267039302251,13.311806062699,0.2));
#8605=CARTESIAN_POINT('Origin',(28.7631296488902,14.2258581914909,0.));
#8606=CARTESIAN_POINT('',(28.7631296488902,14.2258581914909,0.));
#8607=CARTESIAN_POINT('',(28.9118148244451,14.2258581914909,0.));
#8608=CARTESIAN_POINT('',(28.7631296488902,14.2258581914909,0.2));
#8609=CARTESIAN_POINT('',(28.7631296488902,14.2258581914909,0.));
#8610=CARTESIAN_POINT('',(28.7631296488902,14.2258581914909,0.2));
#8611=CARTESIAN_POINT('Ctrl Pts',(28.7597190711162,14.3895689048774,0.));
#8612=CARTESIAN_POINT('Ctrl Pts',(28.7597190711162,14.3895689048774,0.2));
#8613=CARTESIAN_POINT('Ctrl Pts',(28.7599356625926,14.3668299941293,0.));
#8614=CARTESIAN_POINT('Ctrl Pts',(28.7599356625926,14.3668299941293,0.2));
#8615=CARTESIAN_POINT('Ctrl Pts',(28.7604555675756,14.3122476384292,0.));
#8616=CARTESIAN_POINT('Ctrl Pts',(28.7604555675756,14.3122476384292,0.2));
#8617=CARTESIAN_POINT('Ctrl Pts',(28.7621443880017,14.2576882419764,0.));
#8618=CARTESIAN_POINT('Ctrl Pts',(28.7621443880017,14.2576882419764,0.2));
#8619=CARTESIAN_POINT('Ctrl Pts',(28.7631296488902,14.2258581914909,0.));
#8620=CARTESIAN_POINT('Ctrl Pts',(28.7631296488902,14.2258581914909,0.2));
#8621=CARTESIAN_POINT('',(28.7597190711162,14.3895689048774,0.));
#8622=CARTESIAN_POINT('Ctrl Pts',(28.7597190711162,14.3895689048774,0.));
#8623=CARTESIAN_POINT('Ctrl Pts',(28.7599356625926,14.3668299941293,0.));
#8624=CARTESIAN_POINT('Ctrl Pts',(28.7604555675756,14.3122476384292,0.));
#8625=CARTESIAN_POINT('Ctrl Pts',(28.7621443880017,14.2576882419764,0.));
#8626=CARTESIAN_POINT('Ctrl Pts',(28.7631296488902,14.2258581914909,0.));
#8627=CARTESIAN_POINT('',(28.7597190711162,14.3895689048774,0.2));
#8628=CARTESIAN_POINT('',(28.7597190711162,14.3895689048774,0.));
#8629=CARTESIAN_POINT('Ctrl Pts',(28.7597190711162,14.3895689048774,0.2));
#8630=CARTESIAN_POINT('Ctrl Pts',(28.7599356625926,14.3668299941293,0.2));
#8631=CARTESIAN_POINT('Ctrl Pts',(28.7604555675756,14.3122476384292,0.2));
#8632=CARTESIAN_POINT('Ctrl Pts',(28.7621443880017,14.2576882419764,0.2));
#8633=CARTESIAN_POINT('Ctrl Pts',(28.7631296488902,14.2258581914909,0.2));
#8634=CARTESIAN_POINT('Ctrl Pts',(29.2201554152629,15.7811102666862,0.));
#8635=CARTESIAN_POINT('Ctrl Pts',(29.2201554152629,15.7811102666862,0.2));
#8636=CARTESIAN_POINT('Ctrl Pts',(29.0860785340741,15.5893203043783,0.));
#8637=CARTESIAN_POINT('Ctrl Pts',(29.0860785340741,15.5893203043783,0.2));
#8638=CARTESIAN_POINT('Ctrl Pts',(28.7952097231334,15.1732476914699,0.));
#8639=CARTESIAN_POINT('Ctrl Pts',(28.7952097231334,15.1732476914699,0.2));
#8640=CARTESIAN_POINT('Ctrl Pts',(28.772149573307,14.6640502209413,0.));
#8641=CARTESIAN_POINT('Ctrl Pts',(28.772149573307,14.6640502209413,0.2));
#8642=CARTESIAN_POINT('Ctrl Pts',(28.7597190711162,14.3895689048774,0.));
#8643=CARTESIAN_POINT('Ctrl Pts',(28.7597190711162,14.3895689048774,0.2));
#8644=CARTESIAN_POINT('',(29.2201554152629,15.7811102666862,0.));
#8645=CARTESIAN_POINT('Ctrl Pts',(29.2201554152629,15.7811102666862,0.));
#8646=CARTESIAN_POINT('Ctrl Pts',(29.0860785340741,15.5893203043783,0.));
#8647=CARTESIAN_POINT('Ctrl Pts',(28.7952097231334,15.1732476914699,0.));
#8648=CARTESIAN_POINT('Ctrl Pts',(28.772149573307,14.6640502209413,0.));
#8649=CARTESIAN_POINT('Ctrl Pts',(28.7597190711162,14.3895689048774,0.));
#8650=CARTESIAN_POINT('',(29.2201554152629,15.7811102666862,0.2));
#8651=CARTESIAN_POINT('',(29.2201554152629,15.7811102666862,0.));
#8652=CARTESIAN_POINT('Ctrl Pts',(29.2201554152629,15.7811102666862,0.2));
#8653=CARTESIAN_POINT('Ctrl Pts',(29.0860785340741,15.5893203043783,0.2));
#8654=CARTESIAN_POINT('Ctrl Pts',(28.7952097231334,15.1732476914699,0.2));
#8655=CARTESIAN_POINT('Ctrl Pts',(28.772149573307,14.6640502209413,0.2));
#8656=CARTESIAN_POINT('Ctrl Pts',(28.7597190711162,14.3895689048774,0.2));
#8657=CARTESIAN_POINT('Ctrl Pts',(30.4070586833617,16.275653282643,0.));
#8658=CARTESIAN_POINT('Ctrl Pts',(30.4070586833617,16.275653282643,0.2));
#8659=CARTESIAN_POINT('Ctrl Pts',(30.1776408750493,16.2567948625664,0.));
#8660=CARTESIAN_POINT('Ctrl Pts',(30.1776408750493,16.2567948625664,0.2));
#8661=CARTESIAN_POINT('Ctrl Pts',(29.7280467748066,16.2198376861871,0.));
#8662=CARTESIAN_POINT('Ctrl Pts',(29.7280467748066,16.2198376861871,0.2));
#8663=CARTESIAN_POINT('Ctrl Pts',(29.3871165672556,15.9253348808565,0.));
#8664=CARTESIAN_POINT('Ctrl Pts',(29.3871165672556,15.9253348808565,0.2));
#8665=CARTESIAN_POINT('Ctrl Pts',(29.2201554152629,15.7811102666862,0.));
#8666=CARTESIAN_POINT('Ctrl Pts',(29.2201554152629,15.7811102666862,0.2));
#8667=CARTESIAN_POINT('',(30.4070586833617,16.275653282643,0.));
#8668=CARTESIAN_POINT('Ctrl Pts',(30.4070586833617,16.275653282643,0.));
#8669=CARTESIAN_POINT('Ctrl Pts',(30.1776408750493,16.2567948625664,0.));
#8670=CARTESIAN_POINT('Ctrl Pts',(29.7280467748066,16.2198376861871,0.));
#8671=CARTESIAN_POINT('Ctrl Pts',(29.3871165672556,15.9253348808565,0.));
#8672=CARTESIAN_POINT('Ctrl Pts',(29.2201554152629,15.7811102666862,0.));
#8673=CARTESIAN_POINT('',(30.4070586833617,16.275653282643,0.2));
#8674=CARTESIAN_POINT('',(30.4070586833617,16.275653282643,0.));
#8675=CARTESIAN_POINT('Ctrl Pts',(30.4070586833617,16.275653282643,0.2));
#8676=CARTESIAN_POINT('Ctrl Pts',(30.1776408750493,16.2567948625664,0.2));
#8677=CARTESIAN_POINT('Ctrl Pts',(29.7280467748066,16.2198376861871,0.2));
#8678=CARTESIAN_POINT('Ctrl Pts',(29.3871165672556,15.9253348808565,0.2));
#8679=CARTESIAN_POINT('Ctrl Pts',(29.2201554152629,15.7811102666862,0.2));
#8680=CARTESIAN_POINT('Ctrl Pts',(31.6280682507417,15.770878533364,0.));
#8681=CARTESIAN_POINT('Ctrl Pts',(31.6280682507417,15.770878533364,0.2));
#8682=CARTESIAN_POINT('Ctrl Pts',(31.4566849540415,15.9180813620454,0.));
#8683=CARTESIAN_POINT('Ctrl Pts',(31.4566849540415,15.9180813620454,0.2));
#8684=CARTESIAN_POINT('Ctrl Pts',(31.1055933063151,16.2196374918829,0.));
#8685=CARTESIAN_POINT('Ctrl Pts',(31.1055933063151,16.2196374918829,0.2));
#8686=CARTESIAN_POINT('Ctrl Pts',(30.6435554910495,16.2566885022877,0.));
#8687=CARTESIAN_POINT('Ctrl Pts',(30.6435554910495,16.2566885022877,0.2));
#8688=CARTESIAN_POINT('Ctrl Pts',(30.4070586833617,16.275653282643,0.));
#8689=CARTESIAN_POINT('Ctrl Pts',(30.4070586833617,16.275653282643,0.2));
#8690=CARTESIAN_POINT('',(31.6280682507417,15.770878533364,0.));
#8691=CARTESIAN_POINT('Ctrl Pts',(31.6280682507417,15.770878533364,0.));
#8692=CARTESIAN_POINT('Ctrl Pts',(31.4566849540415,15.9180813620454,0.));
#8693=CARTESIAN_POINT('Ctrl Pts',(31.1055933063151,16.2196374918829,0.));
#8694=CARTESIAN_POINT('Ctrl Pts',(30.6435554910495,16.2566885022877,0.));
#8695=CARTESIAN_POINT('Ctrl Pts',(30.4070586833617,16.275653282643,0.));
#8696=CARTESIAN_POINT('',(31.6280682507417,15.770878533364,0.2));
#8697=CARTESIAN_POINT('',(31.6280682507417,15.770878533364,0.));
#8698=CARTESIAN_POINT('Ctrl Pts',(31.6280682507417,15.770878533364,0.2));
#8699=CARTESIAN_POINT('Ctrl Pts',(31.4566849540415,15.9180813620454,0.2));
#8700=CARTESIAN_POINT('Ctrl Pts',(31.1055933063151,16.2196374918829,0.2));
#8701=CARTESIAN_POINT('Ctrl Pts',(30.6435554910495,16.2566885022877,0.2));
#8702=CARTESIAN_POINT('Ctrl Pts',(30.4070586833617,16.275653282643,0.2));
#8703=CARTESIAN_POINT('Ctrl Pts',(32.0987367007396,14.3520516552932,0.));
#8704=CARTESIAN_POINT('Ctrl Pts',(32.0987367007396,14.3520516552932,0.2));
#8705=CARTESIAN_POINT('Ctrl Pts',(32.085968606777,14.6318478782107,0.));
#8706=CARTESIAN_POINT('Ctrl Pts',(32.085968606777,14.6318478782107,0.2));
#8707=CARTESIAN_POINT('Ctrl Pts',(32.0622685737506,15.1512033703667,0.));
#8708=CARTESIAN_POINT('Ctrl Pts',(32.0622685737506,15.1512033703667,0.2));
#8709=CARTESIAN_POINT('Ctrl Pts',(31.7651280595297,15.575271678992,0.));
#8710=CARTESIAN_POINT('Ctrl Pts',(31.7651280595297,15.575271678992,0.2));
#8711=CARTESIAN_POINT('Ctrl Pts',(31.6280682507417,15.770878533364,0.));
#8712=CARTESIAN_POINT('Ctrl Pts',(31.6280682507417,15.770878533364,0.2));
#8713=CARTESIAN_POINT('',(32.0987367007396,14.3520516552932,0.));
#8714=CARTESIAN_POINT('Ctrl Pts',(32.0987367007396,14.3520516552932,0.));
#8715=CARTESIAN_POINT('Ctrl Pts',(32.085968606777,14.6318478782107,0.));
#8716=CARTESIAN_POINT('Ctrl Pts',(32.0622685737506,15.1512033703667,0.));
#8717=CARTESIAN_POINT('Ctrl Pts',(31.7651280595297,15.575271678992,0.));
#8718=CARTESIAN_POINT('Ctrl Pts',(31.6280682507417,15.770878533364,0.));
#8719=CARTESIAN_POINT('',(32.0987367007396,14.3520516552932,0.2));
#8720=CARTESIAN_POINT('',(32.0987367007396,14.3520516552932,0.));
#8721=CARTESIAN_POINT('Ctrl Pts',(32.0987367007396,14.3520516552932,0.2));
#8722=CARTESIAN_POINT('Ctrl Pts',(32.085968606777,14.6318478782107,0.2));
#8723=CARTESIAN_POINT('Ctrl Pts',(32.0622685737506,15.1512033703667,0.2));
#8724=CARTESIAN_POINT('Ctrl Pts',(31.7651280595297,15.575271678992,0.2));
#8725=CARTESIAN_POINT('Ctrl Pts',(31.6280682507417,15.770878533364,0.2));
#8726=CARTESIAN_POINT('Ctrl Pts',(31.6331841919086,12.9792687692649,0.));
#8727=CARTESIAN_POINT('Ctrl Pts',(31.6331841919086,12.9792687692649,0.2));
#8728=CARTESIAN_POINT('Ctrl Pts',(31.7687712627594,13.1684131515328,0.));
#8729=CARTESIAN_POINT('Ctrl Pts',(31.7687712627594,13.1684131515328,0.2));
#8730=CARTESIAN_POINT('Ctrl Pts',(32.0616935156164,13.5770405982464,0.));
#8731=CARTESIAN_POINT('Ctrl Pts',(32.0616935156164,13.5770405982464,0.2));
#8732=CARTESIAN_POINT('Ctrl Pts',(32.0857925585175,14.0812365697982,0.));
#8733=CARTESIAN_POINT('Ctrl Pts',(32.0857925585175,14.0812365697982,0.2));
#8734=CARTESIAN_POINT('Ctrl Pts',(32.0987367007396,14.3520516552932,0.));
#8735=CARTESIAN_POINT('Ctrl Pts',(32.0987367007396,14.3520516552932,0.2));
#8736=CARTESIAN_POINT('',(31.6331841919086,12.9792687692649,0.));
#8737=CARTESIAN_POINT('Ctrl Pts',(31.6331841919086,12.9792687692649,0.));
#8738=CARTESIAN_POINT('Ctrl Pts',(31.7687712627594,13.1684131515328,0.));
#8739=CARTESIAN_POINT('Ctrl Pts',(32.0616935156164,13.5770405982464,0.));
#8740=CARTESIAN_POINT('Ctrl Pts',(32.0857925585175,14.0812365697982,0.));
#8741=CARTESIAN_POINT('Ctrl Pts',(32.0987367007396,14.3520516552932,0.));
#8742=CARTESIAN_POINT('',(31.6331841919086,12.9792687692649,0.2));
#8743=CARTESIAN_POINT('',(31.6331841919086,12.9792687692649,0.));
#8744=CARTESIAN_POINT('Ctrl Pts',(31.6331841919086,12.9792687692649,0.2));
#8745=CARTESIAN_POINT('Ctrl Pts',(31.7687712627594,13.1684131515328,0.2));
#8746=CARTESIAN_POINT('Ctrl Pts',(32.0616935156164,13.5770405982464,0.2));
#8747=CARTESIAN_POINT('Ctrl Pts',(32.0857925585175,14.0812365697982,0.2));
#8748=CARTESIAN_POINT('Ctrl Pts',(32.0987367007396,14.3520516552932,0.2));
#8749=CARTESIAN_POINT('Ctrl Pts',(30.3729523095748,12.4898413219459,0.));
#8750=CARTESIAN_POINT('Ctrl Pts',(30.3729523095748,12.4898413219459,0.2));
#8751=CARTESIAN_POINT('Ctrl Pts',(30.6201711638511,12.5062238838892,0.));
#8752=CARTESIAN_POINT('Ctrl Pts',(30.6201711638511,12.5062238838892,0.2));
#8753=CARTESIAN_POINT('Ctrl Pts',(31.0929293629286,12.537552362064,0.));
#8754=CARTESIAN_POINT('Ctrl Pts',(31.0929293629286,12.537552362064,0.2));
#8755=CARTESIAN_POINT('Ctrl Pts',(31.458690208331,12.8366011772887,0.));
#8756=CARTESIAN_POINT('Ctrl Pts',(31.458690208331,12.8366011772887,0.2));
#8757=CARTESIAN_POINT('Ctrl Pts',(31.6331841919086,12.9792687692649,0.));
#8758=CARTESIAN_POINT('Ctrl Pts',(31.6331841919086,12.9792687692649,0.2));
#8759=CARTESIAN_POINT('',(30.3729523095748,12.4898413219459,0.));
#8760=CARTESIAN_POINT('Ctrl Pts',(30.3729523095748,12.4898413219459,0.));
#8761=CARTESIAN_POINT('Ctrl Pts',(30.6201711638511,12.5062238838892,0.));
#8762=CARTESIAN_POINT('Ctrl Pts',(31.0929293629286,12.537552362064,0.));
#8763=CARTESIAN_POINT('Ctrl Pts',(31.458690208331,12.8366011772887,0.));
#8764=CARTESIAN_POINT('Ctrl Pts',(31.6331841919086,12.9792687692649,0.));
#8765=CARTESIAN_POINT('',(30.3729523095748,12.4898413219459,0.2));
#8766=CARTESIAN_POINT('',(30.3729523095748,12.4898413219459,0.));
#8767=CARTESIAN_POINT('Ctrl Pts',(30.3729523095748,12.4898413219459,0.2));
#8768=CARTESIAN_POINT('Ctrl Pts',(30.6201711638511,12.5062238838892,0.2));
#8769=CARTESIAN_POINT('Ctrl Pts',(31.0929293629286,12.537552362064,0.2));
#8770=CARTESIAN_POINT('Ctrl Pts',(31.458690208331,12.8366011772887,0.2));
#8771=CARTESIAN_POINT('Ctrl Pts',(31.6331841919086,12.9792687692649,0.2));
#8772=CARTESIAN_POINT('Ctrl Pts',(29.3361174437663,12.7967992820747,0.));
#8773=CARTESIAN_POINT('Ctrl Pts',(29.3361174437663,12.7967992820747,0.2));
#8774=CARTESIAN_POINT('Ctrl Pts',(29.4862687872571,12.707351131518,0.));
#8775=CARTESIAN_POINT('Ctrl Pts',(29.4862687872571,12.707351131518,0.2));
#8776=CARTESIAN_POINT('Ctrl Pts',(29.8050338513195,12.5174564240876,0.));
#8777=CARTESIAN_POINT('Ctrl Pts',(29.8050338513195,12.5174564240876,0.2));
#8778=CARTESIAN_POINT('Ctrl Pts',(30.1764750576985,12.4993950515354,0.));
#8779=CARTESIAN_POINT('Ctrl Pts',(30.1764750576985,12.4993950515354,0.2));
#8780=CARTESIAN_POINT('Ctrl Pts',(30.3729523095748,12.4898413219459,0.));
#8781=CARTESIAN_POINT('Ctrl Pts',(30.3729523095748,12.4898413219459,0.2));
#8782=CARTESIAN_POINT('',(29.3361174437663,12.7967992820747,0.));
#8783=CARTESIAN_POINT('Ctrl Pts',(29.3361174437663,12.7967992820747,0.));
#8784=CARTESIAN_POINT('Ctrl Pts',(29.4862687872571,12.707351131518,0.));
#8785=CARTESIAN_POINT('Ctrl Pts',(29.8050338513195,12.5174564240876,0.));
#8786=CARTESIAN_POINT('Ctrl Pts',(30.1764750576985,12.4993950515354,0.));
#8787=CARTESIAN_POINT('Ctrl Pts',(30.3729523095748,12.4898413219459,0.));
#8788=CARTESIAN_POINT('',(29.3361174437663,12.7967992820747,0.2));
#8789=CARTESIAN_POINT('',(29.3361174437663,12.7967992820747,0.));
#8790=CARTESIAN_POINT('Ctrl Pts',(29.3361174437663,12.7967992820747,0.2));
#8791=CARTESIAN_POINT('Ctrl Pts',(29.4862687872571,12.707351131518,0.2));
#8792=CARTESIAN_POINT('Ctrl Pts',(29.8050338513195,12.5174564240876,0.2));
#8793=CARTESIAN_POINT('Ctrl Pts',(30.1764750576985,12.4993950515354,0.2));
#8794=CARTESIAN_POINT('Ctrl Pts',(30.3729523095748,12.4898413219459,0.2));
#8795=CARTESIAN_POINT('Ctrl Pts',(28.7801828357837,13.6596915521628,0.));
#8796=CARTESIAN_POINT('Ctrl Pts',(28.7801828357837,13.6596915521628,0.2));
#8797=CARTESIAN_POINT('Ctrl Pts',(28.8384658346648,13.4866104100286,0.));
#8798=CARTESIAN_POINT('Ctrl Pts',(28.8384658346648,13.4866104100286,0.2));
#8799=CARTESIAN_POINT('Ctrl Pts',(28.951254162158,13.1516665513273,0.));
#8800=CARTESIAN_POINT('Ctrl Pts',(28.951254162158,13.1516665513273,0.2));
#8801=CARTESIAN_POINT('Ctrl Pts',(29.2107265585221,12.912417277249,0.));
#8802=CARTESIAN_POINT('Ctrl Pts',(29.2107265585221,12.912417277249,0.2));
#8803=CARTESIAN_POINT('Ctrl Pts',(29.3361174437663,12.7967992820747,0.));
#8804=CARTESIAN_POINT('Ctrl Pts',(29.3361174437663,12.7967992820747,0.2));
#8805=CARTESIAN_POINT('',(28.7801828357837,13.6596915521628,0.));
#8806=CARTESIAN_POINT('Ctrl Pts',(28.7801828357837,13.6596915521628,0.));
#8807=CARTESIAN_POINT('Ctrl Pts',(28.8384658346648,13.4866104100286,0.));
#8808=CARTESIAN_POINT('Ctrl Pts',(28.951254162158,13.1516665513273,0.));
#8809=CARTESIAN_POINT('Ctrl Pts',(29.2107265585221,12.912417277249,0.));
#8810=CARTESIAN_POINT('Ctrl Pts',(29.3361174437663,12.7967992820747,0.));
#8811=CARTESIAN_POINT('',(28.7801828357837,13.6596915521628,0.2));
#8812=CARTESIAN_POINT('',(28.7801828357837,13.6596915521628,0.));
#8813=CARTESIAN_POINT('Ctrl Pts',(28.7801828357837,13.6596915521628,0.2));
#8814=CARTESIAN_POINT('Ctrl Pts',(28.8384658346648,13.4866104100286,0.2));
#8815=CARTESIAN_POINT('Ctrl Pts',(28.951254162158,13.1516665513273,0.2));
#8816=CARTESIAN_POINT('Ctrl Pts',(29.2107265585221,12.912417277249,0.2));
#8817=CARTESIAN_POINT('Ctrl Pts',(29.3361174437663,12.7967992820747,0.2));
#8818=CARTESIAN_POINT('Origin',(29.4145619246623,13.7381366291053,0.));
#8819=CARTESIAN_POINT('',(29.4145619246623,13.7381366291053,0.));
#8820=CARTESIAN_POINT('',(27.057607712657,13.4466839980966,0.));
#8821=CARTESIAN_POINT('',(29.4145619246623,13.7381366291053,0.2));
#8822=CARTESIAN_POINT('',(29.4145619246623,13.7381366291053,0.));
#8823=CARTESIAN_POINT('',(29.4145619246623,13.7381366291053,0.2));
#8824=CARTESIAN_POINT('Ctrl Pts',(29.793143210139,13.1719699897773,0.));
#8825=CARTESIAN_POINT('Ctrl Pts',(29.793143210139,13.1719699897773,0.2));
#8826=CARTESIAN_POINT('Ctrl Pts',(29.7160400089,13.244747246544,0.));
#8827=CARTESIAN_POINT('Ctrl Pts',(29.7160400089,13.244747246544,0.2));
#8828=CARTESIAN_POINT('Ctrl Pts',(29.5471754234516,13.4041375325049,0.));
#8829=CARTESIAN_POINT('Ctrl Pts',(29.5471754234516,13.4041375325049,0.2));
#8830=CARTESIAN_POINT('Ctrl Pts',(29.4612525834241,13.6205419800802,0.));
#8831=CARTESIAN_POINT('Ctrl Pts',(29.4612525834241,13.6205419800802,0.2));
#8832=CARTESIAN_POINT('Ctrl Pts',(29.4145619246623,13.7381366291053,0.));
#8833=CARTESIAN_POINT('Ctrl Pts',(29.4145619246623,13.7381366291053,0.2));
#8834=CARTESIAN_POINT('Ctrl Pts',(29.793143210139,13.1719699897773,0.));
#8835=CARTESIAN_POINT('Ctrl Pts',(29.7160400089,13.244747246544,0.));
#8836=CARTESIAN_POINT('Ctrl Pts',(29.5471754234516,13.4041375325049,0.));
#8837=CARTESIAN_POINT('Ctrl Pts',(29.4612525834241,13.6205419800802,0.));
#8838=CARTESIAN_POINT('Ctrl Pts',(29.4145619246623,13.7381366291053,0.));
#8839=CARTESIAN_POINT('Ctrl Pts',(29.793143210139,13.1719699897773,0.2));
#8840=CARTESIAN_POINT('Ctrl Pts',(29.7160400089,13.244747246544,0.2));
#8841=CARTESIAN_POINT('Ctrl Pts',(29.5471754234516,13.4041375325049,0.2));
#8842=CARTESIAN_POINT('Ctrl Pts',(29.4612525834241,13.6205419800802,0.2));
#8843=CARTESIAN_POINT('Ctrl Pts',(29.4145619246623,13.7381366291053,0.2));
#8844=CARTESIAN_POINT('Origin',(20.3712462756297,14.377631584645,0.2));
#8845=CARTESIAN_POINT('Origin',(29.0605,-22.1025,0.));
#8846=CARTESIAN_POINT('',(70.017,23.891,0.));
#8847=CARTESIAN_POINT('',(65.017,28.891,0.));
#8848=CARTESIAN_POINT('Origin',(65.017,23.891,0.));
#8849=CARTESIAN_POINT('',(70.017,-68.096,0.));
#8850=CARTESIAN_POINT('',(70.017,28.891,0.));
#8851=CARTESIAN_POINT('',(65.017,-73.096,0.));
#8852=CARTESIAN_POINT('Origin',(65.017,-68.096,0.));
#8853=CARTESIAN_POINT('',(-6.896,-73.096,0.));
#8854=CARTESIAN_POINT('',(70.017,-73.096,0.));
#8855=CARTESIAN_POINT('',(-11.896,-68.096,0.));
#8856=CARTESIAN_POINT('Origin',(-6.896,-68.096,0.));
#8857=CARTESIAN_POINT('',(-11.896,23.891,0.));
#8858=CARTESIAN_POINT('',(-11.896,-73.096,0.));
#8859=CARTESIAN_POINT('',(-6.896,28.891,0.));
#8860=CARTESIAN_POINT('Origin',(-6.896,23.891,0.));
#8861=CARTESIAN_POINT('',(-11.896,28.891,0.));
#8862=CARTESIAN_POINT('',(16.025,-6.575,0.));
#8863=CARTESIAN_POINT('',(3.025,-6.575,0.));
#8864=CARTESIAN_POINT('',(22.54275,-6.575,0.));
#8865=CARTESIAN_POINT('',(2.525,-7.075,0.));
#8866=CARTESIAN_POINT('Origin',(3.025,-7.075,0.));
#8867=CARTESIAN_POINT('',(2.525,-20.075,0.));
#8868=CARTESIAN_POINT('',(2.525,-14.58875,0.));
#8869=CARTESIAN_POINT('',(3.025,-20.575,0.));
#8870=CARTESIAN_POINT('Origin',(3.025,-20.075,0.));
#8871=CARTESIAN_POINT('',(16.025,-20.575,0.));
#8872=CARTESIAN_POINT('',(16.04275,-20.575,0.));
#8873=CARTESIAN_POINT('',(16.525,-20.075,0.));
#8874=CARTESIAN_POINT('Origin',(16.025,-20.075,0.));
#8875=CARTESIAN_POINT('',(16.525,-7.075,0.));
#8876=CARTESIAN_POINT('',(16.525,-21.08875,0.));
#8877=CARTESIAN_POINT('Origin',(16.025,-7.075,0.));
#8878=CARTESIAN_POINT('',(54.125,-44.675,0.));
#8879=CARTESIAN_POINT('',(41.125,-44.675,0.));
#8880=CARTESIAN_POINT('',(41.59275,-44.675,0.));
#8881=CARTESIAN_POINT('',(40.625,-45.175,0.));
#8882=CARTESIAN_POINT('Origin',(41.125,-45.175,0.));
#8883=CARTESIAN_POINT('',(40.625,-58.175,0.));
#8884=CARTESIAN_POINT('',(40.625,-33.63875,0.));
#8885=CARTESIAN_POINT('',(41.125,-58.675,0.));
#8886=CARTESIAN_POINT('Origin',(41.125,-58.175,0.));
#8887=CARTESIAN_POINT('',(54.125,-58.675,0.));
#8888=CARTESIAN_POINT('',(35.09275,-58.675,0.));
#8889=CARTESIAN_POINT('',(54.625,-58.175,0.));
#8890=CARTESIAN_POINT('Origin',(54.125,-58.175,0.));
#8891=CARTESIAN_POINT('',(54.625,-45.175,0.));
#8892=CARTESIAN_POINT('',(54.625,-40.13875,0.));
#8893=CARTESIAN_POINT('Origin',(54.125,-45.175,0.));
#8894=CARTESIAN_POINT('',(54.125,-6.575,0.));
#8895=CARTESIAN_POINT('',(41.125,-6.575,0.));
#8896=CARTESIAN_POINT('',(41.59275,-6.575,0.));
#8897=CARTESIAN_POINT('',(40.625,-7.075,0.));
#8898=CARTESIAN_POINT('Origin',(41.125,-7.075,0.));
#8899=CARTESIAN_POINT('',(40.625,-20.075,0.));
#8900=CARTESIAN_POINT('',(40.625,-14.58875,0.));
#8901=CARTESIAN_POINT('',(41.125,-20.575,0.));
#8902=CARTESIAN_POINT('Origin',(41.125,-20.075,0.));
#8903=CARTESIAN_POINT('',(54.125,-20.575,0.));
#8904=CARTESIAN_POINT('',(35.09275,-20.575,0.));
#8905=CARTESIAN_POINT('',(54.625,-20.075,0.));
#8906=CARTESIAN_POINT('Origin',(54.125,-20.075,0.));
#8907=CARTESIAN_POINT('',(54.625,-7.075,0.));
#8908=CARTESIAN_POINT('',(54.625,-21.08875,0.));
#8909=CARTESIAN_POINT('Origin',(54.125,-7.075,0.));
#8910=CARTESIAN_POINT('',(35.075,-6.575,0.));
#8911=CARTESIAN_POINT('',(22.075,-6.575,0.));
#8912=CARTESIAN_POINT('',(32.06775,-6.575,0.));
#8913=CARTESIAN_POINT('',(21.575,-7.075,0.));
#8914=CARTESIAN_POINT('Origin',(22.075,-7.075,0.));
#8915=CARTESIAN_POINT('',(21.575,-20.075,0.));
#8916=CARTESIAN_POINT('',(21.575,-14.58875,0.));
#8917=CARTESIAN_POINT('',(22.075,-20.575,0.));
#8918=CARTESIAN_POINT('Origin',(22.075,-20.075,0.));
#8919=CARTESIAN_POINT('',(35.075,-20.575,0.));
#8920=CARTESIAN_POINT('',(25.56775,-20.575,0.));
#8921=CARTESIAN_POINT('',(35.575,-20.075,0.));
#8922=CARTESIAN_POINT('Origin',(35.075,-20.075,0.));
#8923=CARTESIAN_POINT('',(35.575,-7.075,0.));
#8924=CARTESIAN_POINT('',(35.575,-21.08875,0.));
#8925=CARTESIAN_POINT('Origin',(35.075,-7.075,0.));
#8926=CARTESIAN_POINT('',(16.025,-25.625,0.));
#8927=CARTESIAN_POINT('',(3.025,-25.625,0.));
#8928=CARTESIAN_POINT('',(22.54275,-25.625,0.));
#8929=CARTESIAN_POINT('',(2.525,-26.125,0.));
#8930=CARTESIAN_POINT('Origin',(3.025,-26.125,0.));
#8931=CARTESIAN_POINT('',(2.525,-39.125,0.));
#8932=CARTESIAN_POINT('',(2.525,-24.11375,0.));
#8933=CARTESIAN_POINT('',(3.025,-39.625,0.));
#8934=CARTESIAN_POINT('Origin',(3.025,-39.125,0.));
#8935=CARTESIAN_POINT('',(16.025,-39.625,0.));
#8936=CARTESIAN_POINT('',(16.04275,-39.625,0.));
#8937=CARTESIAN_POINT('',(16.525,-39.125,0.));
#8938=CARTESIAN_POINT('Origin',(16.025,-39.125,0.));
#8939=CARTESIAN_POINT('',(16.525,-26.125,0.));
#8940=CARTESIAN_POINT('',(16.525,-30.61375,0.));
#8941=CARTESIAN_POINT('Origin',(16.025,-26.125,0.));
#8942=CARTESIAN_POINT('',(35.075,-44.675,0.));
#8943=CARTESIAN_POINT('',(22.075,-44.675,0.));
#8944=CARTESIAN_POINT('',(32.06775,-44.675,0.));
#8945=CARTESIAN_POINT('',(21.575,-45.175,0.));
#8946=CARTESIAN_POINT('Origin',(22.075,-45.175,0.));
#8947=CARTESIAN_POINT('',(21.575,-58.175,0.));
#8948=CARTESIAN_POINT('',(21.575,-33.63875,0.));
#8949=CARTESIAN_POINT('',(22.075,-58.675,0.));
#8950=CARTESIAN_POINT('Origin',(22.075,-58.175,0.));
#8951=CARTESIAN_POINT('',(35.075,-58.675,0.));
#8952=CARTESIAN_POINT('',(25.56775,-58.675,0.));
#8953=CARTESIAN_POINT('',(35.575,-58.175,0.));
#8954=CARTESIAN_POINT('Origin',(35.075,-58.175,0.));
#8955=CARTESIAN_POINT('',(35.575,-45.175,0.));
#8956=CARTESIAN_POINT('',(35.575,-40.13875,0.));
#8957=CARTESIAN_POINT('Origin',(35.075,-45.175,0.));
#8958=CARTESIAN_POINT('',(54.125,-25.625,0.));
#8959=CARTESIAN_POINT('',(41.125,-25.625,0.));
#8960=CARTESIAN_POINT('',(41.59275,-25.625,0.));
#8961=CARTESIAN_POINT('',(40.625,-26.125,0.));
#8962=CARTESIAN_POINT('Origin',(41.125,-26.125,0.));
#8963=CARTESIAN_POINT('',(40.625,-39.125,0.));
#8964=CARTESIAN_POINT('',(40.625,-24.11375,0.));
#8965=CARTESIAN_POINT('',(41.125,-39.625,0.));
#8966=CARTESIAN_POINT('Origin',(41.125,-39.125,0.));
#8967=CARTESIAN_POINT('',(54.125,-39.625,0.));
#8968=CARTESIAN_POINT('',(35.09275,-39.625,0.));
#8969=CARTESIAN_POINT('',(54.625,-39.125,0.));
#8970=CARTESIAN_POINT('Origin',(54.125,-39.125,0.));
#8971=CARTESIAN_POINT('',(54.625,-26.125,0.));
#8972=CARTESIAN_POINT('',(54.625,-30.61375,0.));
#8973=CARTESIAN_POINT('Origin',(54.125,-26.125,0.));
#8974=CARTESIAN_POINT('',(35.075,-25.625,0.));
#8975=CARTESIAN_POINT('',(22.075,-25.625,0.));
#8976=CARTESIAN_POINT('',(32.06775,-25.625,0.));
#8977=CARTESIAN_POINT('',(21.575,-26.125,0.));
#8978=CARTESIAN_POINT('Origin',(22.075,-26.125,0.));
#8979=CARTESIAN_POINT('',(21.575,-39.125,0.));
#8980=CARTESIAN_POINT('',(21.575,-24.11375,0.));
#8981=CARTESIAN_POINT('',(22.075,-39.625,0.));
#8982=CARTESIAN_POINT('Origin',(22.075,-39.125,0.));
#8983=CARTESIAN_POINT('',(35.075,-39.625,0.));
#8984=CARTESIAN_POINT('',(25.56775,-39.625,0.));
#8985=CARTESIAN_POINT('',(35.575,-39.125,0.));
#8986=CARTESIAN_POINT('Origin',(35.075,-39.125,0.));
#8987=CARTESIAN_POINT('',(35.575,-26.125,0.));
#8988=CARTESIAN_POINT('',(35.575,-30.61375,0.));
#8989=CARTESIAN_POINT('Origin',(35.075,-26.125,0.));
#8990=CARTESIAN_POINT('',(16.025,-44.675,0.));
#8991=CARTESIAN_POINT('',(3.025,-44.675,0.));
#8992=CARTESIAN_POINT('',(22.54275,-44.675,0.));
#8993=CARTESIAN_POINT('',(2.525,-45.175,0.));
#8994=CARTESIAN_POINT('Origin',(3.025,-45.175,0.));
#8995=CARTESIAN_POINT('',(2.525,-58.175,0.));
#8996=CARTESIAN_POINT('',(2.525,-33.63875,0.));
#8997=CARTESIAN_POINT('',(3.025,-58.675,0.));
#8998=CARTESIAN_POINT('Origin',(3.025,-58.175,0.));
#8999=CARTESIAN_POINT('',(16.025,-58.675,0.));
#9000=CARTESIAN_POINT('',(16.04275,-58.675,0.));
#9001=CARTESIAN_POINT('',(16.525,-58.175,0.));
#9002=CARTESIAN_POINT('Origin',(16.025,-58.175,0.));
#9003=CARTESIAN_POINT('',(16.525,-45.175,0.));
#9004=CARTESIAN_POINT('',(16.525,-40.13875,0.));
#9005=CARTESIAN_POINT('Origin',(16.025,-45.175,0.));
#9006=CARTESIAN_POINT('',(-8.596,-68.096,0.));
#9007=CARTESIAN_POINT('Origin',(-6.896,-68.096,0.));
#9008=CARTESIAN_POINT('',(63.317,-68.096,0.));
#9009=CARTESIAN_POINT('Origin',(65.017,-68.096,0.));
#9010=CARTESIAN_POINT('',(54.561,1.94100000000001,0.));
#9011=CARTESIAN_POINT('',(41.461,1.94100000000001,0.));
#9012=CARTESIAN_POINT('',(54.561,1.94100000000001,0.));
#9013=CARTESIAN_POINT('',(54.561,14.641,0.));
#9014=CARTESIAN_POINT('',(54.561,14.641,0.));
#9015=CARTESIAN_POINT('',(41.461,14.641,0.));
#9016=CARTESIAN_POINT('',(41.461,14.641,0.));
#9017=CARTESIAN_POINT('',(41.461,1.94100000000001,0.));
#9018=CARTESIAN_POINT('',(-8.596,23.891,0.));
#9019=CARTESIAN_POINT('Origin',(-6.896,23.891,0.));
#9020=CARTESIAN_POINT('',(63.317,23.891,0.));
#9021=CARTESIAN_POINT('Origin',(65.017,23.891,0.));
#9022=CARTESIAN_POINT('Origin',(29.0605,-22.1025,0.));
#9023=CARTESIAN_POINT('Origin',(29.0605,-22.1025,0.));
#9024=CARTESIAN_POINT('Origin',(29.0605,-22.1025,0.));
#9025=CARTESIAN_POINT('Origin',(65.017,23.891,0.));
#9026=CARTESIAN_POINT('',(65.017,28.891,1.5));
#9027=CARTESIAN_POINT('',(70.017,23.891,1.5));
#9028=CARTESIAN_POINT('Origin',(65.017,23.891,1.5));
#9029=CARTESIAN_POINT('',(70.017,23.891,0.));
#9030=CARTESIAN_POINT('',(65.017,28.891,0.));
#9031=CARTESIAN_POINT('Origin',(70.017,28.891,0.));
#9032=CARTESIAN_POINT('',(-6.896,28.891,1.5));
#9033=CARTESIAN_POINT('',(-6.896,28.891,0.));
#9034=CARTESIAN_POINT('',(-11.896,28.891,1.5));
#9035=CARTESIAN_POINT('Origin',(29.0605,-22.1025,0.));
#9036=CARTESIAN_POINT('Origin',(-6.896,23.891,0.));
#9037=CARTESIAN_POINT('',(-11.896,23.891,1.5));
#9038=CARTESIAN_POINT('Origin',(-6.896,23.891,1.5));
#9039=CARTESIAN_POINT('',(-11.896,23.891,0.));
#9040=CARTESIAN_POINT('Origin',(-11.896,28.891,0.));
#9041=CARTESIAN_POINT('',(-11.896,-68.096,1.5));
#9042=CARTESIAN_POINT('',(-11.896,-68.096,0.));
#9043=CARTESIAN_POINT('',(-11.896,-73.096,1.5));
#9044=CARTESIAN_POINT('Origin',(-6.896,-68.096,0.));
#9045=CARTESIAN_POINT('',(-6.896,-73.096,1.5));
#9046=CARTESIAN_POINT('Origin',(-6.896,-68.096,1.5));
#9047=CARTESIAN_POINT('',(-6.896,-73.096,0.));
#9048=CARTESIAN_POINT('Origin',(-11.896,-73.096,0.));
#9049=CARTESIAN_POINT('',(65.017,-73.096,1.5));
#9050=CARTESIAN_POINT('',(65.017,-73.096,0.));
#9051=CARTESIAN_POINT('',(70.017,-73.096,1.5));
#9052=CARTESIAN_POINT('Origin',(65.017,-68.096,0.));
#9053=CARTESIAN_POINT('',(70.017,-68.096,1.5));
#9054=CARTESIAN_POINT('Origin',(65.017,-68.096,1.5));
#9055=CARTESIAN_POINT('',(70.017,-68.096,0.));
#9056=CARTESIAN_POINT('Origin',(3.025,-20.575,0.));
#9057=CARTESIAN_POINT('',(16.025,-20.575,1.5));
#9058=CARTESIAN_POINT('',(3.025,-20.575,1.5));
#9059=CARTESIAN_POINT('',(16.04275,-20.575,1.5));
#9060=CARTESIAN_POINT('',(16.025,-20.575,0.));
#9061=CARTESIAN_POINT('',(3.025,-20.575,0.));
#9062=CARTESIAN_POINT('Origin',(3.025,-20.075,0.));
#9063=CARTESIAN_POINT('',(2.525,-20.075,1.5));
#9064=CARTESIAN_POINT('Origin',(3.025,-20.075,1.5));
#9065=CARTESIAN_POINT('',(2.525,-20.075,0.));
#9066=CARTESIAN_POINT('Origin',(2.525,-7.075,0.));
#9067=CARTESIAN_POINT('',(2.525,-7.075,1.5));
#9068=CARTESIAN_POINT('',(2.525,-14.58875,1.5));
#9069=CARTESIAN_POINT('',(2.525,-7.075,0.));
#9070=CARTESIAN_POINT('Origin',(3.025,-7.075,0.));
#9071=CARTESIAN_POINT('',(3.025,-6.575,1.5));
#9072=CARTESIAN_POINT('Origin',(3.025,-7.075,1.5));
#9073=CARTESIAN_POINT('',(3.025,-6.575,0.));
#9074=CARTESIAN_POINT('Origin',(16.025,-6.575,0.));
#9075=CARTESIAN_POINT('',(16.025,-6.575,1.5));
#9076=CARTESIAN_POINT('',(22.54275,-6.575,1.5));
#9077=CARTESIAN_POINT('',(16.025,-6.575,0.));
#9078=CARTESIAN_POINT('Origin',(16.025,-7.075,0.));
#9079=CARTESIAN_POINT('',(16.525,-7.075,1.5));
#9080=CARTESIAN_POINT('Origin',(16.025,-7.075,1.5));
#9081=CARTESIAN_POINT('',(16.525,-7.075,0.));
#9082=CARTESIAN_POINT('Origin',(16.525,-20.075,0.));
#9083=CARTESIAN_POINT('',(16.525,-20.075,1.5));
#9084=CARTESIAN_POINT('',(16.525,-21.08875,1.5));
#9085=CARTESIAN_POINT('',(16.525,-20.075,0.));
#9086=CARTESIAN_POINT('Origin',(16.025,-20.075,0.));
#9087=CARTESIAN_POINT('Origin',(16.025,-20.075,1.5));
#9088=CARTESIAN_POINT('Origin',(41.125,-58.675,0.));
#9089=CARTESIAN_POINT('',(54.125,-58.675,1.5));
#9090=CARTESIAN_POINT('',(41.125,-58.675,1.5));
#9091=CARTESIAN_POINT('',(35.09275,-58.675,1.5));
#9092=CARTESIAN_POINT('',(54.125,-58.675,0.));
#9093=CARTESIAN_POINT('',(41.125,-58.675,0.));
#9094=CARTESIAN_POINT('Origin',(41.125,-58.175,0.));
#9095=CARTESIAN_POINT('',(40.625,-58.175,1.5));
#9096=CARTESIAN_POINT('Origin',(41.125,-58.175,1.5));
#9097=CARTESIAN_POINT('',(40.625,-58.175,0.));
#9098=CARTESIAN_POINT('Origin',(40.625,-45.175,0.));
#9099=CARTESIAN_POINT('',(40.625,-45.175,1.5));
#9100=CARTESIAN_POINT('',(40.625,-33.63875,1.5));
#9101=CARTESIAN_POINT('',(40.625,-45.175,0.));
#9102=CARTESIAN_POINT('Origin',(41.125,-45.175,0.));
#9103=CARTESIAN_POINT('',(41.125,-44.675,1.5));
#9104=CARTESIAN_POINT('Origin',(41.125,-45.175,1.5));
#9105=CARTESIAN_POINT('',(41.125,-44.675,0.));
#9106=CARTESIAN_POINT('Origin',(54.125,-44.675,0.));
#9107=CARTESIAN_POINT('',(54.125,-44.675,1.5));
#9108=CARTESIAN_POINT('',(41.59275,-44.675,1.5));
#9109=CARTESIAN_POINT('',(54.125,-44.675,0.));
#9110=CARTESIAN_POINT('Origin',(54.125,-45.175,0.));
#9111=CARTESIAN_POINT('',(54.625,-45.175,1.5));
#9112=CARTESIAN_POINT('Origin',(54.125,-45.175,1.5));
#9113=CARTESIAN_POINT('',(54.625,-45.175,0.));
#9114=CARTESIAN_POINT('Origin',(54.625,-58.175,0.));
#9115=CARTESIAN_POINT('',(54.625,-58.175,1.5));
#9116=CARTESIAN_POINT('',(54.625,-40.13875,1.5));
#9117=CARTESIAN_POINT('',(54.625,-58.175,0.));
#9118=CARTESIAN_POINT('Origin',(54.125,-58.175,0.));
#9119=CARTESIAN_POINT('Origin',(54.125,-58.175,1.5));
#9120=CARTESIAN_POINT('Origin',(41.125,-20.575,0.));
#9121=CARTESIAN_POINT('',(54.125,-20.575,1.5));
#9122=CARTESIAN_POINT('',(41.125,-20.575,1.5));
#9123=CARTESIAN_POINT('',(35.09275,-20.575,1.5));
#9124=CARTESIAN_POINT('',(54.125,-20.575,0.));
#9125=CARTESIAN_POINT('',(41.125,-20.575,0.));
#9126=CARTESIAN_POINT('Origin',(41.125,-20.075,0.));
#9127=CARTESIAN_POINT('',(40.625,-20.075,1.5));
#9128=CARTESIAN_POINT('Origin',(41.125,-20.075,1.5));
#9129=CARTESIAN_POINT('',(40.625,-20.075,0.));
#9130=CARTESIAN_POINT('Origin',(40.625,-7.075,0.));
#9131=CARTESIAN_POINT('',(40.625,-7.075,1.5));
#9132=CARTESIAN_POINT('',(40.625,-14.58875,1.5));
#9133=CARTESIAN_POINT('',(40.625,-7.075,0.));
#9134=CARTESIAN_POINT('Origin',(41.125,-7.075,0.));
#9135=CARTESIAN_POINT('',(41.125,-6.575,1.5));
#9136=CARTESIAN_POINT('Origin',(41.125,-7.075,1.5));
#9137=CARTESIAN_POINT('',(41.125,-6.575,0.));
#9138=CARTESIAN_POINT('Origin',(54.125,-6.575,0.));
#9139=CARTESIAN_POINT('',(54.125,-6.575,1.5));
#9140=CARTESIAN_POINT('',(41.59275,-6.575,1.5));
#9141=CARTESIAN_POINT('',(54.125,-6.575,0.));
#9142=CARTESIAN_POINT('Origin',(54.125,-7.075,0.));
#9143=CARTESIAN_POINT('',(54.625,-7.075,1.5));
#9144=CARTESIAN_POINT('Origin',(54.125,-7.075,1.5));
#9145=CARTESIAN_POINT('',(54.625,-7.075,0.));
#9146=CARTESIAN_POINT('Origin',(54.625,-20.075,0.));
#9147=CARTESIAN_POINT('',(54.625,-20.075,1.5));
#9148=CARTESIAN_POINT('',(54.625,-21.08875,1.5));
#9149=CARTESIAN_POINT('',(54.625,-20.075,0.));
#9150=CARTESIAN_POINT('Origin',(54.125,-20.075,0.));
#9151=CARTESIAN_POINT('Origin',(54.125,-20.075,1.5));
#9152=CARTESIAN_POINT('Origin',(22.075,-20.575,0.));
#9153=CARTESIAN_POINT('',(35.075,-20.575,1.5));
#9154=CARTESIAN_POINT('',(22.075,-20.575,1.5));
#9155=CARTESIAN_POINT('',(25.56775,-20.575,1.5));
#9156=CARTESIAN_POINT('',(35.075,-20.575,0.));
#9157=CARTESIAN_POINT('',(22.075,-20.575,0.));
#9158=CARTESIAN_POINT('Origin',(22.075,-20.075,0.));
#9159=CARTESIAN_POINT('',(21.575,-20.075,1.5));
#9160=CARTESIAN_POINT('Origin',(22.075,-20.075,1.5));
#9161=CARTESIAN_POINT('',(21.575,-20.075,0.));
#9162=CARTESIAN_POINT('Origin',(21.575,-7.075,0.));
#9163=CARTESIAN_POINT('',(21.575,-7.075,1.5));
#9164=CARTESIAN_POINT('',(21.575,-14.58875,1.5));
#9165=CARTESIAN_POINT('',(21.575,-7.075,0.));
#9166=CARTESIAN_POINT('Origin',(22.075,-7.075,0.));
#9167=CARTESIAN_POINT('',(22.075,-6.575,1.5));
#9168=CARTESIAN_POINT('Origin',(22.075,-7.075,1.5));
#9169=CARTESIAN_POINT('',(22.075,-6.575,0.));
#9170=CARTESIAN_POINT('Origin',(35.075,-6.575,0.));
#9171=CARTESIAN_POINT('',(35.075,-6.575,1.5));
#9172=CARTESIAN_POINT('',(32.06775,-6.575,1.5));
#9173=CARTESIAN_POINT('',(35.075,-6.575,0.));
#9174=CARTESIAN_POINT('Origin',(35.075,-7.075,0.));
#9175=CARTESIAN_POINT('',(35.575,-7.075,1.5));
#9176=CARTESIAN_POINT('Origin',(35.075,-7.075,1.5));
#9177=CARTESIAN_POINT('',(35.575,-7.075,0.));
#9178=CARTESIAN_POINT('Origin',(35.575,-20.075,0.));
#9179=CARTESIAN_POINT('',(35.575,-20.075,1.5));
#9180=CARTESIAN_POINT('',(35.575,-21.08875,1.5));
#9181=CARTESIAN_POINT('',(35.575,-20.075,0.));
#9182=CARTESIAN_POINT('Origin',(35.075,-20.075,0.));
#9183=CARTESIAN_POINT('Origin',(35.075,-20.075,1.5));
#9184=CARTESIAN_POINT('Origin',(3.025,-39.625,0.));
#9185=CARTESIAN_POINT('',(16.025,-39.625,1.5));
#9186=CARTESIAN_POINT('',(3.025,-39.625,1.5));
#9187=CARTESIAN_POINT('',(16.04275,-39.625,1.5));
#9188=CARTESIAN_POINT('',(16.025,-39.625,0.));
#9189=CARTESIAN_POINT('',(3.025,-39.625,0.));
#9190=CARTESIAN_POINT('Origin',(3.025,-39.125,0.));
#9191=CARTESIAN_POINT('',(2.525,-39.125,1.5));
#9192=CARTESIAN_POINT('Origin',(3.025,-39.125,1.5));
#9193=CARTESIAN_POINT('',(2.525,-39.125,0.));
#9194=CARTESIAN_POINT('Origin',(2.525,-26.125,0.));
#9195=CARTESIAN_POINT('',(2.525,-26.125,1.5));
#9196=CARTESIAN_POINT('',(2.525,-24.11375,1.5));
#9197=CARTESIAN_POINT('',(2.525,-26.125,0.));
#9198=CARTESIAN_POINT('Origin',(3.025,-26.125,0.));
#9199=CARTESIAN_POINT('',(3.025,-25.625,1.5));
#9200=CARTESIAN_POINT('Origin',(3.025,-26.125,1.5));
#9201=CARTESIAN_POINT('',(3.025,-25.625,0.));
#9202=CARTESIAN_POINT('Origin',(16.025,-25.625,0.));
#9203=CARTESIAN_POINT('',(16.025,-25.625,1.5));
#9204=CARTESIAN_POINT('',(22.54275,-25.625,1.5));
#9205=CARTESIAN_POINT('',(16.025,-25.625,0.));
#9206=CARTESIAN_POINT('Origin',(16.025,-26.125,0.));
#9207=CARTESIAN_POINT('',(16.525,-26.125,1.5));
#9208=CARTESIAN_POINT('Origin',(16.025,-26.125,1.5));
#9209=CARTESIAN_POINT('',(16.525,-26.125,0.));
#9210=CARTESIAN_POINT('Origin',(16.525,-39.125,0.));
#9211=CARTESIAN_POINT('',(16.525,-39.125,1.5));
#9212=CARTESIAN_POINT('',(16.525,-30.61375,1.5));
#9213=CARTESIAN_POINT('',(16.525,-39.125,0.));
#9214=CARTESIAN_POINT('Origin',(16.025,-39.125,0.));
#9215=CARTESIAN_POINT('Origin',(16.025,-39.125,1.5));
#9216=CARTESIAN_POINT('Origin',(22.075,-58.675,0.));
#9217=CARTESIAN_POINT('',(35.075,-58.675,1.5));
#9218=CARTESIAN_POINT('',(22.075,-58.675,1.5));
#9219=CARTESIAN_POINT('',(25.56775,-58.675,1.5));
#9220=CARTESIAN_POINT('',(35.075,-58.675,0.));
#9221=CARTESIAN_POINT('',(22.075,-58.675,0.));
#9222=CARTESIAN_POINT('Origin',(22.075,-58.175,0.));
#9223=CARTESIAN_POINT('',(21.575,-58.175,1.5));
#9224=CARTESIAN_POINT('Origin',(22.075,-58.175,1.5));
#9225=CARTESIAN_POINT('',(21.575,-58.175,0.));
#9226=CARTESIAN_POINT('Origin',(21.575,-45.175,0.));
#9227=CARTESIAN_POINT('',(21.575,-45.175,1.5));
#9228=CARTESIAN_POINT('',(21.575,-33.63875,1.5));
#9229=CARTESIAN_POINT('',(21.575,-45.175,0.));
#9230=CARTESIAN_POINT('Origin',(22.075,-45.175,0.));
#9231=CARTESIAN_POINT('',(22.075,-44.675,1.5));
#9232=CARTESIAN_POINT('Origin',(22.075,-45.175,1.5));
#9233=CARTESIAN_POINT('',(22.075,-44.675,0.));
#9234=CARTESIAN_POINT('Origin',(35.075,-44.675,0.));
#9235=CARTESIAN_POINT('',(35.075,-44.675,1.5));
#9236=CARTESIAN_POINT('',(32.06775,-44.675,1.5));
#9237=CARTESIAN_POINT('',(35.075,-44.675,0.));
#9238=CARTESIAN_POINT('Origin',(35.075,-45.175,0.));
#9239=CARTESIAN_POINT('',(35.575,-45.175,1.5));
#9240=CARTESIAN_POINT('Origin',(35.075,-45.175,1.5));
#9241=CARTESIAN_POINT('',(35.575,-45.175,0.));
#9242=CARTESIAN_POINT('Origin',(35.575,-58.175,0.));
#9243=CARTESIAN_POINT('',(35.575,-58.175,1.5));
#9244=CARTESIAN_POINT('',(35.575,-40.13875,1.5));
#9245=CARTESIAN_POINT('',(35.575,-58.175,0.));
#9246=CARTESIAN_POINT('Origin',(35.075,-58.175,0.));
#9247=CARTESIAN_POINT('Origin',(35.075,-58.175,1.5));
#9248=CARTESIAN_POINT('Origin',(41.125,-39.625,0.));
#9249=CARTESIAN_POINT('',(54.125,-39.625,1.5));
#9250=CARTESIAN_POINT('',(41.125,-39.625,1.5));
#9251=CARTESIAN_POINT('',(35.09275,-39.625,1.5));
#9252=CARTESIAN_POINT('',(54.125,-39.625,0.));
#9253=CARTESIAN_POINT('',(41.125,-39.625,0.));
#9254=CARTESIAN_POINT('Origin',(41.125,-39.125,0.));
#9255=CARTESIAN_POINT('',(40.625,-39.125,1.5));
#9256=CARTESIAN_POINT('Origin',(41.125,-39.125,1.5));
#9257=CARTESIAN_POINT('',(40.625,-39.125,0.));
#9258=CARTESIAN_POINT('Origin',(40.625,-26.125,0.));
#9259=CARTESIAN_POINT('',(40.625,-26.125,1.5));
#9260=CARTESIAN_POINT('',(40.625,-24.11375,1.5));
#9261=CARTESIAN_POINT('',(40.625,-26.125,0.));
#9262=CARTESIAN_POINT('Origin',(41.125,-26.125,0.));
#9263=CARTESIAN_POINT('',(41.125,-25.625,1.5));
#9264=CARTESIAN_POINT('Origin',(41.125,-26.125,1.5));
#9265=CARTESIAN_POINT('',(41.125,-25.625,0.));
#9266=CARTESIAN_POINT('Origin',(54.125,-25.625,0.));
#9267=CARTESIAN_POINT('',(54.125,-25.625,1.5));
#9268=CARTESIAN_POINT('',(41.59275,-25.625,1.5));
#9269=CARTESIAN_POINT('',(54.125,-25.625,0.));
#9270=CARTESIAN_POINT('Origin',(54.125,-26.125,0.));
#9271=CARTESIAN_POINT('',(54.625,-26.125,1.5));
#9272=CARTESIAN_POINT('Origin',(54.125,-26.125,1.5));
#9273=CARTESIAN_POINT('',(54.625,-26.125,0.));
#9274=CARTESIAN_POINT('Origin',(54.625,-39.125,0.));
#9275=CARTESIAN_POINT('',(54.625,-39.125,1.5));
#9276=CARTESIAN_POINT('',(54.625,-30.61375,1.5));
#9277=CARTESIAN_POINT('',(54.625,-39.125,0.));
#9278=CARTESIAN_POINT('Origin',(54.125,-39.125,0.));
#9279=CARTESIAN_POINT('Origin',(54.125,-39.125,1.5));
#9280=CARTESIAN_POINT('Origin',(22.075,-39.625,0.));
#9281=CARTESIAN_POINT('',(35.075,-39.625,1.5));
#9282=CARTESIAN_POINT('',(22.075,-39.625,1.5));
#9283=CARTESIAN_POINT('',(25.56775,-39.625,1.5));
#9284=CARTESIAN_POINT('',(35.075,-39.625,0.));
#9285=CARTESIAN_POINT('',(22.075,-39.625,0.));
#9286=CARTESIAN_POINT('Origin',(22.075,-39.125,0.));
#9287=CARTESIAN_POINT('',(21.575,-39.125,1.5));
#9288=CARTESIAN_POINT('Origin',(22.075,-39.125,1.5));
#9289=CARTESIAN_POINT('',(21.575,-39.125,0.));
#9290=CARTESIAN_POINT('Origin',(21.575,-26.125,0.));
#9291=CARTESIAN_POINT('',(21.575,-26.125,1.5));
#9292=CARTESIAN_POINT('',(21.575,-24.11375,1.5));
#9293=CARTESIAN_POINT('',(21.575,-26.125,0.));
#9294=CARTESIAN_POINT('Origin',(22.075,-26.125,0.));
#9295=CARTESIAN_POINT('',(22.075,-25.625,1.5));
#9296=CARTESIAN_POINT('Origin',(22.075,-26.125,1.5));
#9297=CARTESIAN_POINT('',(22.075,-25.625,0.));
#9298=CARTESIAN_POINT('Origin',(35.075,-25.625,0.));
#9299=CARTESIAN_POINT('',(35.075,-25.625,1.5));
#9300=CARTESIAN_POINT('',(32.06775,-25.625,1.5));
#9301=CARTESIAN_POINT('',(35.075,-25.625,0.));
#9302=CARTESIAN_POINT('Origin',(35.075,-26.125,0.));
#9303=CARTESIAN_POINT('',(35.575,-26.125,1.5));
#9304=CARTESIAN_POINT('Origin',(35.075,-26.125,1.5));
#9305=CARTESIAN_POINT('',(35.575,-26.125,0.));
#9306=CARTESIAN_POINT('Origin',(35.575,-39.125,0.));
#9307=CARTESIAN_POINT('',(35.575,-39.125,1.5));
#9308=CARTESIAN_POINT('',(35.575,-30.61375,1.5));
#9309=CARTESIAN_POINT('',(35.575,-39.125,0.));
#9310=CARTESIAN_POINT('Origin',(35.075,-39.125,0.));
#9311=CARTESIAN_POINT('Origin',(35.075,-39.125,1.5));
#9312=CARTESIAN_POINT('Origin',(3.025,-58.675,0.));
#9313=CARTESIAN_POINT('',(16.025,-58.675,1.5));
#9314=CARTESIAN_POINT('',(3.025,-58.675,1.5));
#9315=CARTESIAN_POINT('',(16.04275,-58.675,1.5));
#9316=CARTESIAN_POINT('',(16.025,-58.675,0.));
#9317=CARTESIAN_POINT('',(3.025,-58.675,0.));
#9318=CARTESIAN_POINT('Origin',(3.025,-58.175,0.));
#9319=CARTESIAN_POINT('',(2.525,-58.175,1.5));
#9320=CARTESIAN_POINT('Origin',(3.025,-58.175,1.5));
#9321=CARTESIAN_POINT('',(2.525,-58.175,0.));
#9322=CARTESIAN_POINT('Origin',(2.525,-45.175,0.));
#9323=CARTESIAN_POINT('',(2.525,-45.175,1.5));
#9324=CARTESIAN_POINT('',(2.525,-33.63875,1.5));
#9325=CARTESIAN_POINT('',(2.525,-45.175,0.));
#9326=CARTESIAN_POINT('Origin',(3.025,-45.175,0.));
#9327=CARTESIAN_POINT('',(3.025,-44.675,1.5));
#9328=CARTESIAN_POINT('Origin',(3.025,-45.175,1.5));
#9329=CARTESIAN_POINT('',(3.025,-44.675,0.));
#9330=CARTESIAN_POINT('Origin',(16.025,-44.675,0.));
#9331=CARTESIAN_POINT('',(16.025,-44.675,1.5));
#9332=CARTESIAN_POINT('',(22.54275,-44.675,1.5));
#9333=CARTESIAN_POINT('',(16.025,-44.675,0.));
#9334=CARTESIAN_POINT('Origin',(16.025,-45.175,0.));
#9335=CARTESIAN_POINT('',(16.525,-45.175,1.5));
#9336=CARTESIAN_POINT('Origin',(16.025,-45.175,1.5));
#9337=CARTESIAN_POINT('',(16.525,-45.175,0.));
#9338=CARTESIAN_POINT('Origin',(16.525,-58.175,0.));
#9339=CARTESIAN_POINT('',(16.525,-58.175,1.5));
#9340=CARTESIAN_POINT('',(16.525,-40.13875,1.5));
#9341=CARTESIAN_POINT('',(16.525,-58.175,0.));
#9342=CARTESIAN_POINT('Origin',(16.025,-58.175,0.));
#9343=CARTESIAN_POINT('Origin',(16.025,-58.175,1.5));
#9344=CARTESIAN_POINT('Origin',(65.017,23.891,0.));
#9345=CARTESIAN_POINT('',(63.317,23.891,1.5));
#9346=CARTESIAN_POINT('Origin',(65.017,23.891,1.5));
#9347=CARTESIAN_POINT('',(63.317,23.891,0.));
#9348=CARTESIAN_POINT('Origin',(-6.896,23.891,0.));
#9349=CARTESIAN_POINT('',(-8.596,23.891,1.5));
#9350=CARTESIAN_POINT('Origin',(-6.896,23.891,1.5));
#9351=CARTESIAN_POINT('',(-8.596,23.891,0.));
#9352=CARTESIAN_POINT('Origin',(54.561,14.641,0.));
#9353=CARTESIAN_POINT('',(54.561,1.94100000000001,1.5));
#9354=CARTESIAN_POINT('',(54.561,1.94100000000001,0.));
#9355=CARTESIAN_POINT('',(54.561,14.641,1.5));
#9356=CARTESIAN_POINT('',(54.561,14.641,1.5));
#9357=CARTESIAN_POINT('',(54.561,14.641,0.));
#9358=CARTESIAN_POINT('Origin',(41.461,14.641,0.));
#9359=CARTESIAN_POINT('',(41.461,14.641,1.5));
#9360=CARTESIAN_POINT('',(41.461,14.641,1.5));
#9361=CARTESIAN_POINT('',(41.461,14.641,0.));
#9362=CARTESIAN_POINT('Origin',(41.461,1.94100000000001,0.));
#9363=CARTESIAN_POINT('',(41.461,1.94100000000001,1.5));
#9364=CARTESIAN_POINT('',(41.461,1.94100000000001,1.5));
#9365=CARTESIAN_POINT('',(41.461,1.94100000000001,0.));
#9366=CARTESIAN_POINT('Origin',(54.561,1.94100000000001,0.));
#9367=CARTESIAN_POINT('',(54.561,1.94100000000001,1.5));
#9368=CARTESIAN_POINT('Origin',(65.017,-68.096,0.));
#9369=CARTESIAN_POINT('',(63.317,-68.096,1.5));
#9370=CARTESIAN_POINT('Origin',(65.017,-68.096,1.5));
#9371=CARTESIAN_POINT('',(63.317,-68.096,0.));
#9372=CARTESIAN_POINT('Origin',(-6.896,-68.096,0.));
#9373=CARTESIAN_POINT('',(-8.596,-68.096,1.5));
#9374=CARTESIAN_POINT('Origin',(-6.896,-68.096,1.5));
#9375=CARTESIAN_POINT('',(-8.596,-68.096,0.));
#9376=CARTESIAN_POINT('Origin',(70.017,-73.096,0.));
#9377=CARTESIAN_POINT('',(70.017,28.891,1.5));
#9378=CARTESIAN_POINT('Origin',(29.0605,-22.1025,1.5));
#9379=CARTESIAN_POINT('',(0.,0.,0.));
#9380=CARTESIAN_POINT('',(-87.4847562241617,8.45849369572703,13.3387384512257));
#9381=CARTESIAN_POINT('Origin',(0.,0.,0.));
#9382=UNCERTAINTY_MEASURE_WITH_UNIT(LENGTH_MEASURE(0.01),#9390,
'DISTANCE_ACCURACY_VALUE',
'Maximum model space distance between geometric entities at asserted c
onnectivities');
#9383=UNCERTAINTY_MEASURE_WITH_UNIT(LENGTH_MEASURE(0.01),#9390,
'DISTANCE_ACCURACY_VALUE',
'Maximum model space distance between geometric entities at asserted c
onnectivities');
#9384=UNCERTAINTY_MEASURE_WITH_UNIT(LENGTH_MEASURE(0.01),#9390,
'DISTANCE_ACCURACY_VALUE',
'Maximum model space distance between geometric entities at asserted c
onnectivities');
#9385=UNCERTAINTY_MEASURE_WITH_UNIT(LENGTH_MEASURE(0.01),#9390,
'DISTANCE_ACCURACY_VALUE',
'Maximum model space distance between geometric entities at asserted c
onnectivities');
#9386=(
GEOMETRIC_REPRESENTATION_CONTEXT(3)
GLOBAL_UNCERTAINTY_ASSIGNED_CONTEXT((#9382))
GLOBAL_UNIT_ASSIGNED_CONTEXT((#9390,#9392,#9393))
REPRESENTATION_CONTEXT('','3D')
);
#9387=(
GEOMETRIC_REPRESENTATION_CONTEXT(3)
GLOBAL_UNCERTAINTY_ASSIGNED_CONTEXT((#9383))
GLOBAL_UNIT_ASSIGNED_CONTEXT((#9390,#9392,#9393))
REPRESENTATION_CONTEXT('','3D')
);
#9388=(
GEOMETRIC_REPRESENTATION_CONTEXT(3)
GLOBAL_UNCERTAINTY_ASSIGNED_CONTEXT((#9384))
GLOBAL_UNIT_ASSIGNED_CONTEXT((#9390,#9392,#9393))
REPRESENTATION_CONTEXT('','3D')
);
#9389=(
GEOMETRIC_REPRESENTATION_CONTEXT(3)
GLOBAL_UNCERTAINTY_ASSIGNED_CONTEXT((#9385))
GLOBAL_UNIT_ASSIGNED_CONTEXT((#9390,#9392,#9393))
REPRESENTATION_CONTEXT('','3D')
);
#9390=(
LENGTH_UNIT()
NAMED_UNIT(*)
SI_UNIT(.MILLI.,.METRE.)
);
#9391=(
LENGTH_UNIT()
NAMED_UNIT(*)
SI_UNIT($,.METRE.)
);
#9392=(
NAMED_UNIT(*)
PLANE_ANGLE_UNIT()
SI_UNIT($,.RADIAN.)
);
#9393=(
NAMED_UNIT(*)
SI_UNIT($,.STERADIAN.)
SOLID_ANGLE_UNIT()
);
#9394=SHAPE_DEFINITION_REPRESENTATION(#9397,#9402);
#9395=SHAPE_DEFINITION_REPRESENTATION(#9398,#9403);
#9396=SHAPE_DEFINITION_REPRESENTATION(#9399,#9404);
#9397=PRODUCT_DEFINITION_SHAPE('',$,#9406);
#9398=PRODUCT_DEFINITION_SHAPE('',$,#9407);
#9399=PRODUCT_DEFINITION_SHAPE('',$,#9408);
#9400=PRODUCT_DEFINITION_SHAPE($,$,#20);
#9401=PRODUCT_DEFINITION_SHAPE($,$,#21);
#9402=SHAPE_REPRESENTATION('',(#5014,#5295,#5296),#9386);
#9403=SHAPE_REPRESENTATION('',(#5015),#9387);
#9404=SHAPE_REPRESENTATION('',(#5070),#9388);
#9405=PRODUCT_DEFINITION_CONTEXT('part definition',#9416,'design');
#9406=PRODUCT_DEFINITION('melodypad','melodypad v4',#9409,#9405);
#9407=PRODUCT_DEFINITION('Melodypad_1','Melodypad',#9410,#9405);
#9408=PRODUCT_DEFINITION('keypad','keypad v6',#9411,#9405);
#9409=PRODUCT_DEFINITION_FORMATION('',$,#9418);
#9410=PRODUCT_DEFINITION_FORMATION('',$,#9419);
#9411=PRODUCT_DEFINITION_FORMATION('',$,#9420);
#9412=PRODUCT_RELATED_PRODUCT_CATEGORY('melodypad v4','melodypad v4',(#9418));
#9413=PRODUCT_RELATED_PRODUCT_CATEGORY('Melodypad','Melodypad',(#9419));
#9414=PRODUCT_RELATED_PRODUCT_CATEGORY('keypad v6','keypad v6',(#9420));
#9415=APPLICATION_PROTOCOL_DEFINITION('international standard',
'automotive_design',2009,#9416);
#9416=APPLICATION_CONTEXT(
'Core Data for Automotive Mechanical Design Process');
#9417=PRODUCT_CONTEXT('part definition',#9416,'mechanical');
#9418=PRODUCT('melodypad','melodypad v4',$,(#9417));
#9419=PRODUCT('Melodypad_1','Melodypad',$,(#9417));
#9420=PRODUCT('keypad','keypad v6',$,(#9417));
#9421=PRESENTATION_STYLE_ASSIGNMENT((#9424));
#9422=PRESENTATION_STYLE_ASSIGNMENT((#9425));
#9423=PRESENTATION_STYLE_ASSIGNMENT((NULL_STYLE(.NULL.)));
#9424=SURFACE_STYLE_USAGE(.BOTH.,#9426);
#9425=SURFACE_STYLE_USAGE(.BOTH.,#9427);
#9426=SURFACE_SIDE_STYLE('',(#9428));
#9427=SURFACE_SIDE_STYLE('',(#9429));
#9428=SURFACE_STYLE_FILL_AREA(#9430);
#9429=SURFACE_STYLE_FILL_AREA(#9431);
#9430=FILL_AREA_STYLE('Stal \X2\2014\X0\ satynowa',(#9432));
#9431=FILL_AREA_STYLE('ABS (bia\X2\0142\X0\y)',(#9433));
#9432=FILL_AREA_STYLE_COLOUR('Stal \X2\2014\X0\ satynowa',#9434);
#9433=FILL_AREA_STYLE_COLOUR('ABS (bia\X2\0142\X0\y)',#9435);
#9434=COLOUR_RGB('Stal \X2\2014\X0\ satynowa',0.627450980392157,0.627450980392157,
0.627450980392157);
#9435=COLOUR_RGB('ABS (bia\X2\0142\X0\y)',0.964705882352941,0.964705882352941,
0.952941176470588);
ENDSEC;
END-ISO-10303-21;
